-- phpMyAdmin SQL Dump
-- version 5.1.1
-- https://www.phpmyadmin.net/
--
-- Host: 127.0.0.1
-- Generation Time: Mar 22, 2022 at 03:18 PM
-- Server version: 10.4.22-MariaDB
-- PHP Version: 7.4.27

SET SQL_MODE = "NO_AUTO_VALUE_ON_ZERO";
START TRANSACTION;
SET time_zone = "+00:00";


/*!40101 SET @OLD_CHARACTER_SET_CLIENT=@@CHARACTER_SET_CLIENT */;
/*!40101 SET @OLD_CHARACTER_SET_RESULTS=@@CHARACTER_SET_RESULTS */;
/*!40101 SET @OLD_COLLATION_CONNECTION=@@COLLATION_CONNECTION */;
/*!40101 SET NAMES utf8mb4 */;

--
-- Database: `homies_test`
--

-- --------------------------------------------------------

--
-- Table structure for table `applicants`
--

CREATE TABLE `applicants` (
  `applicant_id` varchar(36) NOT NULL,
  `job_post_id` varchar(36) NOT NULL,
  `first_name` varchar(255) NOT NULL,
  `middle_name` varchar(255) DEFAULT NULL,
  `last_name` varchar(255) NOT NULL,
  `suffix_name` varchar(255) DEFAULT NULL,
  `resume` varchar(255) NOT NULL,
  `contact_number` varchar(255) NOT NULL,
  `email` varchar(255) NOT NULL,
  `status` varchar(255) NOT NULL,
  `evaluated_by` varchar(36) DEFAULT NULL,
  `evaluated_at` datetime DEFAULT NULL,
  `screened_by` varchar(36) DEFAULT NULL,
  `screened_at` datetime DEFAULT NULL,
  `hired_by` varchar(36) DEFAULT NULL,
  `hired_at` varchar(36) DEFAULT NULL,
  `rejected_by` varchar(36) DEFAULT NULL,
  `rejected_at` datetime DEFAULT NULL,
  `remarks` text DEFAULT NULL,
  `created_at` datetime NOT NULL,
  `updated_at` datetime DEFAULT NULL
) ENGINE=InnoDB DEFAULT CHARSET=utf8mb4;

--
-- Dumping data for table `applicants`
--

INSERT INTO `applicants` (`applicant_id`, `job_post_id`, `first_name`, `middle_name`, `last_name`, `suffix_name`, `resume`, `contact_number`, `email`, `status`, `evaluated_by`, `evaluated_at`, `screened_by`, `screened_at`, `hired_by`, `hired_at`, `rejected_by`, `rejected_at`, `remarks`, `created_at`, `updated_at`) VALUES
('0293600a-9bd3-11ec-9bb5-6c626d3a5d34', 'ee234ec3-8d8e-11ec-a6db-6c626d3a5d34', 'Taylor ', '', 'Graham', '', 'b1b7d876ed0447f1a81cf392d9a9e4b8.pdf', '(009)-376-8873', 'taylor.graham@example.com', 'For evaluation', NULL, NULL, NULL, NULL, NULL, NULL, NULL, NULL, NULL, '2022-02-21 23:51:50', '2022-02-21 23:51:50'),
('042e8280-913e-11ec-aea7-6c626d3a5d34', 'c5843f55-8d8e-11ec-a6db-6c626d3a5d34', 'Jim ', '', 'Vargas', '', 'd5daa56abacd4e9abc392954a7bbf242.pdf', '(521)-141-1459', 'jim.vargas@example.com', 'Rejected from interview', '62ca1c7d-8d5d-11ec-a6db-6c626d3a5d34', '2022-02-19 15:51:48', 'a89cdb12-8d52-11ec-a6db-6c626d3a5d34', '2022-02-19 15:53:10', NULL, NULL, 'a89cdb12-8d52-11ec-a6db-6c626d3a5d34', '2022-03-04 13:50:14', 'Failed for interview', '2022-02-19 12:40:08', '2022-03-04 13:50:14'),
('081da29e-9bd2-11ec-9bb5-6c626d3a5d34', 'ce15bf55-8d8e-11ec-a6db-6c626d3a5d34', 'Gene ', '', 'Franklin', '', 'e2d332328e204eff8f7603087e1c6500.pdf', '(061)-848-1298', 'gene.franklin@example.com', 'For screening', '62ca1c7d-8d5d-11ec-a6db-6c626d3a5d34', '2022-03-05 00:20:16', NULL, NULL, NULL, NULL, NULL, NULL, NULL, '2022-02-19 23:44:50', '2022-03-05 00:20:16'),
('0b9c3a84-9bda-11ec-9bb5-6c626d3a5d34', '9d01b6c0-8d8e-11ec-a6db-6c626d3a5d34', 'Roland ', '', 'Kelly', 'III', '8ab53eb3850f44beaf489a6d2b4523ce.pdf', '(604)-196-3907', 'roland.kelly@example.com', 'For screening', '62ca1c7d-8d5d-11ec-a6db-6c626d3a5d34', '2022-03-05 00:43:54', NULL, NULL, NULL, NULL, NULL, NULL, NULL, '2022-03-02 00:42:12', '2022-03-05 00:43:54'),
('0cb7edab-9c5c-11ec-bdeb-6c626d3a5d34', '582a4bca-9c5b-11ec-bdeb-6c626d3a5d34', 'Alexa ', '', 'Hoffman', '', '4d2cee2491b04920bd064c79cb191713.pdf', '(361)-488-5324', 'alexa.hoffman@google.com', 'Contract signed', '62ca1c7d-8d5d-11ec-a6db-6c626d3a5d34', '2022-03-05 16:14:30', 'a89cdb12-8d52-11ec-a6db-6c626d3a5d34', '2022-03-05 16:16:42', 'a89cdb12-8d52-11ec-a6db-6c626d3a5d34', '2022-03-05 16:22:05', NULL, NULL, NULL, '2022-03-05 16:12:49', '2022-03-05 16:23:44'),
('12b1b7cc-9bd4-11ec-9bb5-6c626d3a5d34', 'dafa8c5a-913f-11ec-aea7-6c626d3a5d34', 'Tina ', '', 'Newman', '', '819fd27ee5ff45fea13bc4871077e3d7.pdf', '(924)-319-2282', 'tina.newman@example.com', 'For evaluation', NULL, NULL, NULL, NULL, NULL, NULL, NULL, NULL, NULL, '2022-02-25 23:59:27', '2022-02-25 23:59:27'),
('159e241c-9bd5-11ec-9bb5-6c626d3a5d34', 'cda092dc-913f-11ec-aea7-6c626d3a5d34', 'Clayton ', '', 'Collins', '', '5d92e548f17641848e38ddbb9ba6fdd7.pdf', '(793)-102-7696', 'clayton.collins@example.com', 'For screening', '62ca1c7d-8d5d-11ec-a6db-6c626d3a5d34', '2022-03-05 00:32:25', NULL, NULL, NULL, NULL, NULL, NULL, NULL, '2022-02-24 00:06:41', '2022-03-05 00:32:25'),
('1673998b-9c5c-11ec-bdeb-6c626d3a5d34', '582a4bca-9c5b-11ec-bdeb-6c626d3a5d34', 'Caleb ', '', 'Hansen', '', '7389c906df9c4f4cb155b0c08ca61cf3.pdf', '(367)-150-1010', 'caleb.hansen@google.com', 'Contract signed', '62ca1c7d-8d5d-11ec-a6db-6c626d3a5d34', '2022-03-05 16:14:27', 'a89cdb12-8d52-11ec-a6db-6c626d3a5d34', '2022-03-05 16:16:38', 'a89cdb12-8d52-11ec-a6db-6c626d3a5d34', '2022-03-05 16:22:27', NULL, NULL, NULL, '2022-03-05 16:13:05', '2022-03-05 16:23:37'),
('174d4c64-9b69-11ec-b2d1-6c626d3a5d34', '1e5d7fa2-914c-11ec-aea7-6c626d3a5d34', 'Marjorie ', '', 'Kuhn', '', 'c8edb0c8f6a8422e8d3f00effd8f1b27.pdf', '(624)-045-7137', 'marjorie.kuhn@example.com', 'For interview', '62ca1c7d-8d5d-11ec-a6db-6c626d3a5d34', '2022-03-04 11:25:35', 'a89cdb12-8d52-11ec-a6db-6c626d3a5d34', '2022-03-04 11:26:19', NULL, NULL, NULL, NULL, NULL, '2022-03-04 11:13:40', '2022-03-04 11:26:19'),
('17dd6322-93ad-11ec-978b-6c626d3a5d34', '9d01b6c0-8d8e-11ec-a6db-6c626d3a5d34', 'Gertrude ', '', 'Mitchelle', '', '616b19dfef304e6ab9177449af45f4a6.pdf', '(495)-604-2133', 'gertrude.mitchelle@example.com', 'Rejected from evaluation', NULL, NULL, NULL, NULL, NULL, NULL, '62ca1c7d-8d5d-11ec-a6db-6c626d3a5d34', '2022-03-05 00:19:12', 'Invalid resume is submitted', '2022-02-22 15:00:18', '2022-03-05 00:19:12'),
('1ee99481-8e25-11ec-ab27-6c626d3a5d34', '01ed5350-8d8f-11ec-a6db-6c626d3a5d34', 'Jam', '', 'Torres', '', '8e7578d5cc994c46b62cfa98da8239c6.pdf', '1234568790', 'jamtorres@email.com', 'Contract signed', '62ca1c7d-8d5d-11ec-a6db-6c626d3a5d34', '2022-02-15 14:06:36', 'a89cdb12-8d52-11ec-a6db-6c626d3a5d34', '2022-02-15 14:56:40', 'a89cdb12-8d52-11ec-a6db-6c626d3a5d34', '2022-02-15 16:13:09', NULL, NULL, NULL, '2022-02-15 14:04:22', '2022-02-16 13:23:21'),
('20ed03ba-9bd8-11ec-9bb5-6c626d3a5d34', 'ee234ec3-8d8e-11ec-a6db-6c626d3a5d34', 'Carmen ', '', 'Rhodes', '', 'a2ffc9851bad4458b52d9055b0a4b2ab.pdf', '(315)-975-3891', 'carmen.rhodes@example.com', 'For evaluation', NULL, NULL, NULL, NULL, NULL, NULL, NULL, NULL, NULL, '2022-03-05 00:28:29', '2022-03-05 00:28:29'),
('22cc0de9-913e-11ec-aea7-6c626d3a5d34', 'c5843f55-8d8e-11ec-a6db-6c626d3a5d34', 'Ana ', '', 'Ross', '', '05e9d996b5eb4d2880447fb4bc051bea.pdf', '(713)-536-5675', 'ana.ross@example.com', 'Contract signed', '62ca1c7d-8d5d-11ec-a6db-6c626d3a5d34', '2022-02-19 15:51:33', 'a89cdb12-8d52-11ec-a6db-6c626d3a5d34', '2022-02-19 15:53:04', 'a89cdb12-8d52-11ec-a6db-6c626d3a5d34', '2022-02-23 17:24:39', NULL, NULL, NULL, '2022-02-19 12:40:59', '2022-02-23 17:31:45'),
('24939e53-9bda-11ec-9bb5-6c626d3a5d34', '9d01b6c0-8d8e-11ec-a6db-6c626d3a5d34', 'Alvin ', '', 'Gordon', '', 'a28b5da613bd43da99e99dacf3e3a41b.pdf', '(456)-361-9707', 'alvin.gordon@example.com', 'For screening', '62ca1c7d-8d5d-11ec-a6db-6c626d3a5d34', '2022-03-05 00:43:50', NULL, NULL, NULL, NULL, NULL, NULL, NULL, '2022-03-03 00:42:54', '2022-03-05 00:43:50'),
('24c60d19-9bd3-11ec-9bb5-6c626d3a5d34', 'ee234ec3-8d8e-11ec-a6db-6c626d3a5d34', 'Margie ', '', 'Nichols', '', 'ec08b71a6cbc42a59ccc159a479ccfa8.pdf', '(586)-846-2168', 'margie.nichols@example.com', 'For evaluation', NULL, NULL, NULL, NULL, NULL, NULL, NULL, NULL, NULL, '2022-02-21 23:52:48', '2022-02-21 23:52:48'),
('25a8ac52-9bd9-11ec-9bb5-6c626d3a5d34', '1b24ed6b-9bcd-11ec-9bb5-6c626d3a5d34', 'Floyd', '', 'Alexander', '', 'b263e336136042af8a9fe809124e5194.pdf', '(111)-406-0746', 'floyd.alexander@example.com', 'For evaluation', NULL, NULL, NULL, NULL, NULL, NULL, NULL, NULL, NULL, '2022-03-05 00:35:46', '2022-03-05 00:35:46'),
('29428d2e-9b69-11ec-b2d1-6c626d3a5d34', '1e5d7fa2-914c-11ec-aea7-6c626d3a5d34', 'Sandra ', '', 'Alvarez', '', 'd8d9ea602c1c41efb31ab0b4e92677ab.pdf', '(560)-451-0803', 'sandra.alvarez@example.com', 'For interview', '62ca1c7d-8d5d-11ec-a6db-6c626d3a5d34', '2022-03-04 11:15:56', 'a89cdb12-8d52-11ec-a6db-6c626d3a5d34', '2022-03-04 11:26:15', NULL, NULL, NULL, NULL, NULL, '2022-03-04 11:14:10', '2022-03-04 11:26:15'),
('2a8a6bfa-93ad-11ec-978b-6c626d3a5d34', '9d01b6c0-8d8e-11ec-a6db-6c626d3a5d34', 'Flenn ', '', 'Spencer', '', '5250ceac5ddc4c16b54301b30d164fcc.pdf', '(148)-729-0014', 'flenn.spencer@example.com', 'Contract signed', '62ca1c7d-8d5d-11ec-a6db-6c626d3a5d34', '2022-02-23 19:21:21', 'a89cdb12-8d52-11ec-a6db-6c626d3a5d34', '2022-02-23 19:22:45', 'a89cdb12-8d52-11ec-a6db-6c626d3a5d34', '2022-02-23 19:25:37', NULL, NULL, NULL, '2022-02-22 15:00:49', '2022-02-23 19:41:08'),
('302e64f6-9bd4-11ec-9bb5-6c626d3a5d34', 'dafa8c5a-913f-11ec-aea7-6c626d3a5d34', 'Ray ', '', 'Rodriguez', '', 'b7be56af39a34248bf3eba930b779133.pdf', '(132)-734-5027', 'ray.rodriguez@example.com', 'For evaluation', NULL, NULL, NULL, NULL, NULL, NULL, NULL, NULL, NULL, '2022-02-25 00:00:16', '2022-02-25 00:00:16'),
('31cd6962-9bd0-11ec-9bb5-6c626d3a5d34', '9d01b6c0-8d8e-11ec-a6db-6c626d3a5d34', 'Nellie ', '', 'Day', '', '2096c1ffb0ae4d94a27a6e2c6b647ea8.pdf', '(929)-640-6756', 'nellie.day@example.com', 'For screening', '62ca1c7d-8d5d-11ec-a6db-6c626d3a5d34', '2022-03-05 00:19:24', NULL, NULL, NULL, NULL, NULL, NULL, NULL, '2022-03-01 23:31:41', '2022-03-05 00:19:24'),
('33df5166-9bd2-11ec-9bb5-6c626d3a5d34', 'e5cc53f7-8d8e-11ec-a6db-6c626d3a5d34', 'Denise ', '', 'Lawrence', '', '901d79dc8972472c9ef1fbd7ec3f5b9a.pdf', '(938)-198-3175', 'denise.lawrence@example.com', 'For screening', '62ca1c7d-8d5d-11ec-a6db-6c626d3a5d34', '2022-03-05 01:20:47', NULL, NULL, NULL, NULL, NULL, NULL, NULL, '2022-02-23 23:46:03', '2022-03-05 01:20:47'),
('34e4e0e6-9bd5-11ec-9bb5-6c626d3a5d34', 'cda092dc-913f-11ec-aea7-6c626d3a5d34', 'Beverly ', '', 'Rodriguez', '', '6775731c1e014357940260974abd4cb7.pdf', '(065)-032-0369', 'beverly.rodriguez@example.com', 'For screening', '62ca1c7d-8d5d-11ec-a6db-6c626d3a5d34', '2022-03-05 00:32:22', NULL, NULL, NULL, NULL, NULL, NULL, NULL, '2022-02-24 00:07:34', '2022-03-05 00:32:22'),
('3835c7ad-9bd9-11ec-9bb5-6c626d3a5d34', '1b24ed6b-9bcd-11ec-9bb5-6c626d3a5d34', 'Bryan ', '', 'Bailey', '', '60c367ba70e34c87a7275410f56f6ace.pdf', '(729)-403-3283', 'bryan.bailey@example.com', 'For evaluation', NULL, NULL, NULL, NULL, NULL, NULL, NULL, NULL, NULL, '2022-03-05 00:36:17', '2022-03-05 00:36:17'),
('3f2e6aa3-9bd6-11ec-9bb5-6c626d3a5d34', 'cda092dc-913f-11ec-aea7-6c626d3a5d34', 'Clyde ', '', 'Fisher', '', '2a8297f8098c4f4c8d45a3c902be3793.pdf', '(273)-902-3352', 'clyde.fisher@example.com', 'For screening', '62ca1c7d-8d5d-11ec-a6db-6c626d3a5d34', '2022-03-05 00:32:02', NULL, NULL, NULL, NULL, NULL, NULL, NULL, '2022-02-24 00:15:00', '2022-03-05 00:32:02'),
('402bdc27-9bd3-11ec-9bb5-6c626d3a5d34', 'ee234ec3-8d8e-11ec-a6db-6c626d3a5d34', 'Grace ', '', 'Johnston', '', '5a278b36c66a44408bed47f7d22eaa32.pdf', '(741)-645-7080', 'grace.johnston@example.com', 'For evaluation', NULL, NULL, NULL, NULL, NULL, NULL, NULL, NULL, NULL, '2022-02-21 23:53:34', '2022-03-21 23:53:34'),
('40c15e19-93ad-11ec-978b-6c626d3a5d34', '9d01b6c0-8d8e-11ec-a6db-6c626d3a5d34', 'Dolores ', '', 'Willis', '', '441807d4ed094f36a0620ee05615d505.pdf', '(801)-171-2936', 'dolores.willis@example.com', 'Rejected from evaluation', NULL, NULL, NULL, NULL, NULL, NULL, '62ca1c7d-8d5d-11ec-a6db-6c626d3a5d34', '2022-02-22 15:06:29', 'Invalid resume is submitted', '2022-02-22 15:01:26', '2022-02-22 15:06:29'),
('48e7a656-9bd1-11ec-9bb5-6c626d3a5d34', '3978d129-8d8e-11ec-a6db-6c626d3a5d34', 'Alexa ', '', 'Arnold', '', '8e0bad7bed0946e5a1ea2d640691743f.pdf', '(392)-946-7559', 'alexa.arnold@example.com', 'For interview', '62ca1c7d-8d5d-11ec-a6db-6c626d3a5d34', '2022-03-05 00:18:28', 'a89cdb12-8d52-11ec-a6db-6c626d3a5d34', '2022-03-05 09:01:34', NULL, NULL, NULL, NULL, NULL, '2022-02-16 23:39:29', '2022-03-05 09:01:34'),
('49de0dc8-9bd7-11ec-9bb5-6c626d3a5d34', 'af3bed09-8d8e-11ec-a6db-6c626d3a5d34', 'Gregory ', '', 'Thomas', '', '004b8ed04ce94a76a4c531beeb539754.pdf', '(264)-987-5719', 'gregory.thomas@example.com', 'For screening', '62ca1c7d-8d5d-11ec-a6db-6c626d3a5d34', '2022-03-05 00:27:43', NULL, NULL, NULL, NULL, NULL, NULL, NULL, '2022-02-25 00:22:28', '2022-03-05 00:27:43'),
('4e4e381b-93ad-11ec-978b-6c626d3a5d34', '9d01b6c0-8d8e-11ec-a6db-6c626d3a5d34', 'Alicia ', '', 'Sanchez', '', '055a257b0b634a18868750cae80c6f51.pdf', '(361)-239-4848', 'alicia.sanchez@example.com', 'Contract signed', '62ca1c7d-8d5d-11ec-a6db-6c626d3a5d34', '2022-02-23 19:21:18', 'a89cdb12-8d52-11ec-a6db-6c626d3a5d34', '2022-02-23 19:22:39', 'a89cdb12-8d52-11ec-a6db-6c626d3a5d34', '2022-02-23 19:25:34', NULL, NULL, NULL, '2022-02-22 15:01:49', '2022-02-23 19:41:13'),
('4e73184b-9bd9-11ec-9bb5-6c626d3a5d34', '1b24ed6b-9bcd-11ec-9bb5-6c626d3a5d34', 'Wendy ', '', 'Lopez', '', '9181d8e1a5bf4fcd9652d15ce021a44b.pdf', '(871)-558-7996', 'wendy.lopez@example.com', 'For evaluation', NULL, NULL, NULL, NULL, NULL, NULL, NULL, NULL, NULL, '2022-03-05 00:36:55', '2022-03-05 00:36:55'),
('4f092e26-9bdc-11ec-9bb5-6c626d3a5d34', 'e5cc53f7-8d8e-11ec-a6db-6c626d3a5d34', 'Corey ', '', 'Ferguson', '', '6eaeacaa32474ad68aae6b6410cec2bf.pdf', '(261)-183-5088', 'corey.ferguson@example.com', 'For screening', '62ca1c7d-8d5d-11ec-a6db-6c626d3a5d34', '2022-03-05 01:20:43', NULL, NULL, NULL, NULL, NULL, NULL, NULL, '2022-02-27 00:58:24', '2022-03-05 01:20:43'),
('504f18c0-9bd8-11ec-9bb5-6c626d3a5d34', '01ed5350-8d8f-11ec-a6db-6c626d3a5d34', 'Howard ', 'Walters', 'Robertson', '', '44d5e5813f714eb6b616655583e12d31.pdf', '(633)-305-8106', 'howard.robertson@example.com', 'For evaluation', NULL, NULL, NULL, NULL, NULL, NULL, NULL, NULL, NULL, '2022-03-05 00:29:48', '2022-03-05 00:29:48'),
('5092c78f-9bd5-11ec-9bb5-6c626d3a5d34', 'cda092dc-913f-11ec-aea7-6c626d3a5d34', 'Janet ', '', 'Tucker', '', '9efb3dae0c6f452fb1ef9f7190252a89.pdf', '(107)-088-4974', 'janet.tucker@example.com', 'For screening', '62ca1c7d-8d5d-11ec-a6db-6c626d3a5d34', '2022-03-05 00:31:59', NULL, NULL, NULL, NULL, NULL, NULL, NULL, '2022-02-25 00:08:20', '2022-03-05 00:31:59'),
('5285221a-9469-11ec-b3e4-6c626d3a5d34', 'c5843f55-8d8e-11ec-a6db-6c626d3a5d34', 'Carter ', '', 'Wade', '', 'fea2912d4aee4b688bb6e9317df3f6b6.pdf', '(360)-202-1026', 'carter.wade@example.com', 'Rejected from evaluation', NULL, NULL, NULL, NULL, NULL, NULL, '62ca1c7d-8d5d-11ec-a6db-6c626d3a5d34', '2022-02-23 17:21:13', 'Invalid resume is submitted', '2022-02-23 13:27:41', '2022-02-23 17:21:13'),
('58d726d4-9bd3-11ec-9bb5-6c626d3a5d34', 'ee234ec3-8d8e-11ec-a6db-6c626d3a5d34', 'Herminia ', '', 'Nichols', '', '7912a5f39fde42c5a912926809f3b22a.pdf', '(317)-275-9047', 'herminia.nichols@example.com', 'For evaluation', NULL, NULL, NULL, NULL, NULL, NULL, NULL, NULL, NULL, '2022-02-21 23:54:15', '2022-02-21 23:54:15'),
('59193218-9bdf-11ec-9bb5-6c626d3a5d34', '27d66037-9bdf-11ec-9bb5-6c626d3a5d34', 'Esther ', '', 'Gardner', '', 'a74cc62d55fb4035a81fc904399e4a7c.pdf', '(747)-306-2693', 'esther.gardner@example.com', 'For evaluation', NULL, NULL, NULL, NULL, NULL, NULL, NULL, NULL, NULL, '2022-03-05 01:20:09', '2022-03-05 01:20:09'),
('5b1ba43a-9bdb-11ec-9bb5-6c626d3a5d34', 'f6c129ed-8d8e-11ec-a6db-6c626d3a5d34', 'Zoey ', '', 'Jensen', '', 'ff377b213e3443ecaae75297ccf88e37.pdf', '(303)-986-7036', 'zoey.jensen@example.com', 'For evaluation', NULL, NULL, NULL, NULL, NULL, NULL, NULL, NULL, NULL, '2022-02-28 00:51:35', '2022-02-28 00:51:35'),
('60279195-9bd0-11ec-9bb5-6c626d3a5d34', '9d01b6c0-8d8e-11ec-a6db-6c626d3a5d34', 'Cory ', '', 'Stewart', '', '6f118f09162845899ef0a959fdba2be4.pdf', '(309)-919-8521', 'cory.stewart@example.com', 'For screening', '62ca1c7d-8d5d-11ec-a6db-6c626d3a5d34', '2022-03-05 00:19:17', NULL, NULL, NULL, NULL, NULL, NULL, NULL, '2022-03-03 23:32:59', '2022-03-05 00:19:17'),
('60ec3521-9bd8-11ec-9bb5-6c626d3a5d34', '01ed5350-8d8f-11ec-a6db-6c626d3a5d34', 'Louise ', '', 'Richards', '', '1b70aeab786c445e892aae1a0bd7b0a7.pdf', '(853)-863-8010', 'louise.richards@example.com', 'For screening', '62ca1c7d-8d5d-11ec-a6db-6c626d3a5d34', '2022-03-05 00:33:03', NULL, NULL, NULL, NULL, NULL, NULL, NULL, '2022-03-05 00:30:16', '2022-03-05 00:33:03'),
('65fc994c-9bd7-11ec-9bb5-6c626d3a5d34', 'af3bed09-8d8e-11ec-a6db-6c626d3a5d34', 'Lucy ', '', 'Vasquez', '', '05823c1042bb4526beb0d1d90521ba51.pdf', '(059)-092-5545', 'lucy.vasquez@example.com', 'Rejected from evaluation', NULL, NULL, NULL, NULL, NULL, NULL, '62ca1c7d-8d5d-11ec-a6db-6c626d3a5d34', '2022-03-05 00:27:39', 'Invalid resume is submitted', '2022-02-26 00:23:15', '2022-03-05 00:27:39'),
('671f4b14-93ad-11ec-978b-6c626d3a5d34', 'f6c129ed-8d8e-11ec-a6db-6c626d3a5d34', 'Wendy ', '', 'Meyer', '', 'cc49136f36e944d7a1ef8976e0e2e7f0.pdf', '(315)-172-0367', 'wendy.meyer@example.com', 'For evaluation', NULL, NULL, NULL, NULL, NULL, NULL, NULL, NULL, NULL, '2022-02-22 15:02:31', '2022-02-22 15:02:31'),
('68a66907-9469-11ec-b3e4-6c626d3a5d34', 'c5843f55-8d8e-11ec-a6db-6c626d3a5d34', 'Cameron ', '', 'Welch', '', 'dde948d216684f808c3b56dd2034882d.pdf', '(886)-558-5358', 'cameron.welch@example.com', 'Rejected from screening', '62ca1c7d-8d5d-11ec-a6db-6c626d3a5d34', '2022-02-23 17:21:01', NULL, NULL, NULL, NULL, 'a89cdb12-8d52-11ec-a6db-6c626d3a5d34', '2022-02-26 20:09:00', 'Information submitted is invalid', '2022-02-23 13:28:18', '2022-02-26 20:09:00'),
('6939a0d4-9bd4-11ec-9bb5-6c626d3a5d34', 'dafa8c5a-913f-11ec-aea7-6c626d3a5d34', 'Kyle ', '', 'Knight', '', '42ca19c3a64c47bc9741c6f1d665da4c.pdf', '(160)-726-0663', 'kyle.knight@example.com', 'For evaluation', NULL, NULL, NULL, NULL, NULL, NULL, NULL, NULL, NULL, '2022-02-23 00:01:52', '2022-02-23 00:01:52'),
('6be2349e-9bd2-11ec-9bb5-6c626d3a5d34', 'e5cc53f7-8d8e-11ec-a6db-6c626d3a5d34', 'Owen ', 'Dixon', 'Wallace', 'Jr.', 'e0bf2c84c18348ba9c0f1bea8084b6ad.pdf', '(811)-002-0697', 'owen.wallace@example.com', 'For screening', '62ca1c7d-8d5d-11ec-a6db-6c626d3a5d34', '2022-03-05 01:20:56', NULL, NULL, NULL, NULL, NULL, NULL, NULL, '2022-02-18 23:47:37', '2022-03-05 01:20:56'),
('6c451e6f-9bd1-11ec-9bb5-6c626d3a5d34', '3978d129-8d8e-11ec-a6db-6c626d3a5d34', 'Ryan', '', 'Dunn', '', '660cb1d28e014929bfd2a5ab23147276.pdf', '(299)-076-0191', 'ryan.dunn@example.com', 'For interview', '62ca1c7d-8d5d-11ec-a6db-6c626d3a5d34', '2022-03-05 00:18:37', 'a89cdb12-8d52-11ec-a6db-6c626d3a5d34', '2022-03-05 09:01:41', NULL, NULL, NULL, NULL, NULL, '2022-02-15 23:40:29', '2022-03-05 09:01:41'),
('745addeb-9bdc-11ec-9bb5-6c626d3a5d34', 'e5cc53f7-8d8e-11ec-a6db-6c626d3a5d34', 'Gertrude ', '', 'Holland', '', 'a703b9587044418c93afafedc72cecdd.pdf', '(398)-716-1996', 'gertrude.holland@example.com', 'For screening', '62ca1c7d-8d5d-11ec-a6db-6c626d3a5d34', '2022-03-05 01:20:40', NULL, NULL, NULL, NULL, NULL, NULL, NULL, '2022-02-27 00:59:27', '2022-03-05 01:20:40'),
('76373c8a-93ad-11ec-978b-6c626d3a5d34', 'f6c129ed-8d8e-11ec-a6db-6c626d3a5d34', 'Lucille ', '', 'Boyd', '', '5734b9254c2d49e08bfa65b2a3b6cb4f.pdf', '(783)-205-7109', 'lucille.boyd@example.com', 'For evaluation', NULL, NULL, NULL, NULL, NULL, NULL, NULL, NULL, NULL, '2022-02-22 15:02:56', '2022-02-22 15:02:56'),
('7c45d985-9469-11ec-b3e4-6c626d3a5d34', 'c5843f55-8d8e-11ec-a6db-6c626d3a5d34', 'Jessie ', '', 'Hale', '', '0976d4cd5de448aabfdc100b000e6e7a.pdf', '(466)-855-4215', 'jessie.hale@example.com', 'Contract signed', '62ca1c7d-8d5d-11ec-a6db-6c626d3a5d34', '2022-02-23 17:20:58', 'a89cdb12-8d52-11ec-a6db-6c626d3a5d34', '2022-02-23 17:22:49', 'a89cdb12-8d52-11ec-a6db-6c626d3a5d34', '2022-02-23 17:24:32', NULL, NULL, NULL, '2022-02-23 13:28:51', '2022-02-23 17:31:39'),
('804cc01c-96ca-11ec-bf1d-6c626d3a5d34', 'af3bed09-8d8e-11ec-a6db-6c626d3a5d34', 'Alicia ', '', 'Ford', '', 'a14e2a5d36b84f4080848291424fc0ef.pdf', '(112)-341-9773', 'alicia.ford@example.com', 'For screening', '62ca1c7d-8d5d-11ec-a6db-6c626d3a5d34', '2022-03-05 00:20:54', NULL, NULL, NULL, NULL, NULL, NULL, NULL, '2022-02-26 14:08:22', '2022-03-05 00:20:54'),
('8139da62-9bd3-11ec-9bb5-6c626d3a5d34', 'cda092dc-913f-11ec-aea7-6c626d3a5d34', 'Madison ', '', 'West', '', 'f52324357ee3480daf8add1934b76a9e.pdf', '(973)-086-0701', 'madison.west@example.com', 'Rejected from evaluation', NULL, NULL, NULL, NULL, NULL, NULL, '62ca1c7d-8d5d-11ec-a6db-6c626d3a5d34', '2022-03-05 00:32:17', 'Invalid resume has been submitted', '2022-02-23 23:55:23', '2022-03-05 00:32:17'),
('82c729f0-9bd7-11ec-9bb5-6c626d3a5d34', 'af3bed09-8d8e-11ec-a6db-6c626d3a5d34', 'Tracey ', '', 'Kennedy', '', 'c5316538f06f4f1a87bbe2b3c6ff726c.pdf', '(587)-889-1578', 'tracey.kennedy@example.com', 'For screening', '62ca1c7d-8d5d-11ec-a6db-6c626d3a5d34', '2022-03-05 00:27:27', NULL, NULL, NULL, NULL, NULL, NULL, NULL, '2022-02-26 00:24:03', '2022-03-05 00:27:27'),
('83984e4e-9bd5-11ec-9bb5-6c626d3a5d34', 'cda092dc-913f-11ec-aea7-6c626d3a5d34', 'Georgia ', '', 'Scott', '', 'd405bb90d9c44fefb3b5b8dc56338aa8.pdf', '(944)-155-9281', 'georgia.scott@example.com', 'For screening', '62ca1c7d-8d5d-11ec-a6db-6c626d3a5d34', '2022-03-05 00:31:57', NULL, NULL, NULL, NULL, NULL, NULL, NULL, '2022-03-01 00:09:46', '2022-03-05 00:31:57'),
('83bc8f4f-9bdb-11ec-9bb5-6c626d3a5d34', 'f6c129ed-8d8e-11ec-a6db-6c626d3a5d34', 'William ', 'Redd', 'Phillips', 'Jr.', '933bbc0481f345bf9b2dc9113e1eec14.pdf', '(776)-786-7656', 'william.phillips@example.com', 'For evaluation', NULL, NULL, NULL, NULL, NULL, NULL, NULL, NULL, NULL, '2022-02-28 00:52:43', '2022-02-28 00:52:43'),
('8ef8c0a2-9a94-11ec-89c4-6c626d3a5d34', 'c5843f55-8d8e-11ec-a6db-6c626d3a5d34', 'Soham ', '', 'Kelley', '', '3b6f7d319a2840eabc6d5c3e3835ad6d.pdf', '(077)-336-3448', 'soham.kelley@example.com', 'For evaluation', NULL, NULL, NULL, NULL, NULL, NULL, NULL, NULL, NULL, '2022-03-03 09:52:18', '2022-03-03 09:52:18'),
('8f0d0b79-9bd2-11ec-9bb5-6c626d3a5d34', 'e5cc53f7-8d8e-11ec-a6db-6c626d3a5d34', 'David ', '', 'Carter', '', '44a984259188495f940adfdfdf0d2725.pdf', '(352)-495-6030', 'david.carter@example.com', 'For screening', '62ca1c7d-8d5d-11ec-a6db-6c626d3a5d34', '2022-03-05 01:20:52', NULL, NULL, NULL, NULL, NULL, NULL, NULL, '2022-02-18 23:48:36', '2022-03-05 01:20:52'),
('913d7bbc-9bd0-11ec-9bb5-6c626d3a5d34', '3978d129-8d8e-11ec-a6db-6c626d3a5d34', 'Todd ', '', 'Reed', '', '1eeb8f7721ab4d3f91b39d00ab4d5df4.pdf', '(765)-162-7211', 'todd.reed@example.com', 'For interview', '62ca1c7d-8d5d-11ec-a6db-6c626d3a5d34', '2022-03-05 00:18:39', 'a89cdb12-8d52-11ec-a6db-6c626d3a5d34', '2022-03-05 09:01:44', NULL, NULL, NULL, NULL, NULL, '2022-02-15 23:34:21', '2022-03-05 09:01:44'),
('916f02c5-9bd8-11ec-9bb5-6c626d3a5d34', '01ed5350-8d8f-11ec-a6db-6c626d3a5d34', 'Chloe ', '', 'Henry', '', '2ba4e81f41cc4034a121988fa8bb42d8.pdf', '(170)-371-2450', 'chloe.henry@example.com', 'For screening', '62ca1c7d-8d5d-11ec-a6db-6c626d3a5d34', '2022-03-05 00:33:00', NULL, NULL, NULL, NULL, NULL, NULL, NULL, '2022-03-05 00:31:37', '2022-03-05 00:33:00'),
('918b6429-9bd1-11ec-9bb5-6c626d3a5d34', 'ce15bf55-8d8e-11ec-a6db-6c626d3a5d34', 'Beth ', '', 'Soto', '', '9aff202195ce450480de9d64d40df02d.pdf', '(627)-287-2601', 'beth.soto@example.com', 'For screening', '62ca1c7d-8d5d-11ec-a6db-6c626d3a5d34', '2022-03-05 00:20:12', NULL, NULL, NULL, NULL, NULL, NULL, NULL, '2022-03-04 23:41:31', '2022-03-05 00:20:12'),
('94aa2dca-9903-11ec-b2be-6c626d3a5d34', 'c5843f55-8d8e-11ec-a6db-6c626d3a5d34', 'Jetsun Prince', '', 'Torres', '', 'f216286cd1ed488d93f6a71cbb85bbc5.pdf', '09123456789', 'jetsunprincetorres@example.com', 'For evaluation', NULL, NULL, NULL, NULL, NULL, NULL, NULL, NULL, NULL, '2022-03-01 10:01:59', '2022-03-01 10:01:59'),
('94b0715f-9bdc-11ec-9bb5-6c626d3a5d34', 'e5cc53f7-8d8e-11ec-a6db-6c626d3a5d34', 'Barry ', '', 'Steeves', '', '9e11cabf98f54e0f80aefb0d117f6dfa.pdf', '(138)-513-5783', 'barry.steeves@example.com', 'For screening', '62ca1c7d-8d5d-11ec-a6db-6c626d3a5d34', '2022-03-05 01:20:38', NULL, NULL, NULL, NULL, NULL, NULL, NULL, '2022-02-27 01:00:21', '2022-03-05 01:20:38'),
('95cc52de-9469-11ec-b3e4-6c626d3a5d34', 'c5843f55-8d8e-11ec-a6db-6c626d3a5d34', 'Laurie ', '', 'Richardson', '', '59bc09960c004915829f0a902ab797f9.pdf', '(809)-537-4463', 'laurie.richardson@example.com', 'Hired', '62ca1c7d-8d5d-11ec-a6db-6c626d3a5d34', '2022-02-23 17:20:54', 'a89cdb12-8d52-11ec-a6db-6c626d3a5d34', '2022-02-23 17:22:44', 'a89cdb12-8d52-11ec-a6db-6c626d3a5d34', '2022-02-26 11:49:05', NULL, NULL, NULL, '2022-02-23 13:29:34', '2022-02-26 11:49:05'),
('96d556e4-96ca-11ec-bf1d-6c626d3a5d34', 'af3bed09-8d8e-11ec-a6db-6c626d3a5d34', 'Jacqueline ', '', 'Rhodes', '', 'fb01456f909e4512bc49f4c5b614be55.pdf', '(830)-494-2308', 'jacqueline.rhodes@example.com', 'Contract signed', '62ca1c7d-8d5d-11ec-a6db-6c626d3a5d34', '2022-02-26 14:12:10', 'a89cdb12-8d52-11ec-a6db-6c626d3a5d34', '2022-02-26 14:13:37', 'a89cdb12-8d52-11ec-a6db-6c626d3a5d34', '2022-03-05 09:26:00', NULL, NULL, NULL, '2022-02-26 14:08:59', '2022-03-05 09:27:07'),
('99799804-93ad-11ec-978b-6c626d3a5d34', 'f6c129ed-8d8e-11ec-a6db-6c626d3a5d34', 'Aubrey ', '', 'Reid', '', '809eb4c03325499381f53c024c697578.pdf', '(801)-456-5865', 'aubrey.reid@example.com', 'Contract signed', '62ca1c7d-8d5d-11ec-a6db-6c626d3a5d34', '2022-03-04 20:44:53', 'a89cdb12-8d52-11ec-a6db-6c626d3a5d34', '2022-03-04 20:47:12', 'a89cdb12-8d52-11ec-a6db-6c626d3a5d34', '2022-03-04 20:51:59', NULL, NULL, NULL, '2022-02-22 15:03:55', '2022-03-04 20:54:43'),
('9ecc9ed7-9bdb-11ec-9bb5-6c626d3a5d34', 'f6c129ed-8d8e-11ec-a6db-6c626d3a5d34', 'Gilbert ', 'Miles', 'Chavez', '', '159bcfa7e6024f8fa204ab02ac790d67.pdf', '(287)-450-5086', 'gilbert.chavez@example.com', 'For evaluation', NULL, NULL, NULL, NULL, NULL, NULL, NULL, NULL, NULL, '2022-02-28 00:53:28', '2022-02-28 00:53:28'),
('9f6f3067-9bd4-11ec-9bb5-6c626d3a5d34', 'dafa8c5a-913f-11ec-aea7-6c626d3a5d34', 'Zoe ', '', 'Andrews', '', '8aaf8eafc01f4a19ad21d30954b2181a.pdf', '(620)-370-2722', 'zoe.andrews@example.com', 'For evaluation', NULL, NULL, NULL, NULL, NULL, NULL, NULL, NULL, NULL, '2022-02-23 00:03:23', '2022-02-23 00:03:23'),
('a41aba16-9bd5-11ec-9bb5-6c626d3a5d34', 'cda092dc-913f-11ec-aea7-6c626d3a5d34', 'Pauline ', '', 'Schmidt', '', '1c396d62ada748759e8d524dae0ffa9e.pdf', '(166)-169-3906', 'pauline.schmidt@example.com', 'For screening', '62ca1c7d-8d5d-11ec-a6db-6c626d3a5d34', '2022-03-05 00:31:53', NULL, NULL, NULL, NULL, NULL, NULL, NULL, '2022-03-01 00:10:40', '2022-03-05 00:31:53'),
('a4c0baa6-9bd6-11ec-9bb5-6c626d3a5d34', '01ed5350-8d8f-11ec-a6db-6c626d3a5d34', 'Edwin ', '', 'Soto', '', 'b2178981d49843c88eb8f5ec1a597fda.pdf', '(131)-921-4887', 'edwin.soto@example.com', 'For evaluation', NULL, NULL, NULL, NULL, NULL, NULL, NULL, NULL, NULL, '2022-02-24 00:17:51', '2022-02-24 00:17:51'),
('a67544f7-9bcf-11ec-9bb5-6c626d3a5d34', '2c067226-9bcc-11ec-9bb5-6c626d3a5d34', 'Cathy ', '', 'Hawkins', '', '7e0e8694da7744aa8fad5f344544cd87.pdf', '(562)-797-1365', 'cathy.hawkins@example.com', 'For evaluation', NULL, NULL, NULL, NULL, NULL, NULL, NULL, NULL, NULL, '2022-03-04 23:27:47', '2022-03-04 23:27:47'),
('aac0066b-96ca-11ec-bf1d-6c626d3a5d34', 'af3bed09-8d8e-11ec-a6db-6c626d3a5d34', 'Calvin ', '', 'Ruiz', '', 'ec8e2785f1f64e1dbe3166fcf878432d.pdf', '(986)-474-5214', 'calvin.ruiz@example.com', 'Contract signed', '62ca1c7d-8d5d-11ec-a6db-6c626d3a5d34', '2022-02-26 14:11:55', 'a89cdb12-8d52-11ec-a6db-6c626d3a5d34', '2022-02-26 14:13:29', 'a89cdb12-8d52-11ec-a6db-6c626d3a5d34', '2022-03-05 09:25:53', NULL, NULL, NULL, '2022-02-26 14:09:33', '2022-03-05 09:27:16'),
('b0f03af2-9bd9-11ec-9bb5-6c626d3a5d34', 'ce15bf55-8d8e-11ec-a6db-6c626d3a5d34', 'Jeanne ', '', 'Jackson', '', 'a68f472374904b3099a48ebe40b3f072.pdf', '(751)-219-1194', 'jeanne.jackson@example.com', 'For evaluation', NULL, NULL, NULL, NULL, NULL, NULL, NULL, NULL, NULL, '2022-03-02 00:39:40', '2022-03-02 00:39:40'),
('b158aa9c-9bd1-11ec-9bb5-6c626d3a5d34', 'ce15bf55-8d8e-11ec-a6db-6c626d3a5d34', 'Gail ', '', 'Miles', '', '37616e4791ad49e2aaa8d58d220ddf98.pdf', '(920)-655-421', 'gail.miles@example.com', 'For screening', '62ca1c7d-8d5d-11ec-a6db-6c626d3a5d34', '2022-03-05 00:20:22', NULL, NULL, NULL, NULL, NULL, NULL, NULL, '2022-02-15 23:42:24', '2022-03-05 00:20:22'),
('b30a8eaa-9a93-11ec-89c4-6c626d3a5d34', '1e5d7fa2-914c-11ec-aea7-6c626d3a5d34', 'Kelly ', '', 'Ward', '', 'da08bec560ea4213b902599d9acffc8d.pdf', '(173)-222-0521', 'kelly.ward@example.com', 'For interview', '62ca1c7d-8d5d-11ec-a6db-6c626d3a5d34', '2022-03-04 11:25:42', 'a89cdb12-8d52-11ec-a6db-6c626d3a5d34', '2022-03-04 11:26:23', NULL, NULL, NULL, NULL, NULL, '2022-03-03 09:46:09', '2022-03-04 11:26:23'),
('b8dfbaa3-96ca-11ec-bf1d-6c626d3a5d34', 'af3bed09-8d8e-11ec-a6db-6c626d3a5d34', 'Emma ', '', 'Stevens', '', '4ab803d379304248b232310dfb4d433e.pdf', '(878)-830-2240', 'emma.stevens@example.com', 'Contract signed', '62ca1c7d-8d5d-11ec-a6db-6c626d3a5d34', '2022-02-26 14:11:52', 'a89cdb12-8d52-11ec-a6db-6c626d3a5d34', '2022-02-26 14:13:24', 'a89cdb12-8d52-11ec-a6db-6c626d3a5d34', '2022-03-03 13:51:11', NULL, NULL, NULL, '2022-02-26 14:09:57', '2022-03-05 09:27:26'),
('b9b97ea2-9bcf-11ec-9bb5-6c626d3a5d34', '2c067226-9bcc-11ec-9bb5-6c626d3a5d34', 'Perry ', '', 'Nelson', '', '052056689d2f4ae3a4d7fd142e43d5d9.pdf', '(866)-649-7722', 'perry.nelson@example.com', 'For evaluation', NULL, NULL, NULL, NULL, NULL, NULL, NULL, NULL, NULL, '2022-03-04 23:28:20', '2022-03-04 23:28:20'),
('b9d26a03-9bd4-11ec-9bb5-6c626d3a5d34', 'dafa8c5a-913f-11ec-aea7-6c626d3a5d34', 'Jar ', '', 'Bradley', '', '793467099f7d49a0adb987180ee0e59c.pdf', '(205)-173-6495', 'jar.bradley@example.com', 'For evaluation', NULL, NULL, NULL, NULL, NULL, NULL, NULL, NULL, NULL, '2022-02-24 00:04:07', '2022-02-24 00:04:07'),
('bbb57585-9a94-11ec-89c4-6c626d3a5d34', 'c5843f55-8d8e-11ec-a6db-6c626d3a5d34', 'Bradley ', '', 'Wright', '', '8f3723d15aef497ba923fb018742ee56.pdf', '(353)-344-7524', 'bradley.wright@example.com', 'For screening', '62ca1c7d-8d5d-11ec-a6db-6c626d3a5d34', '2022-03-20 11:19:27', NULL, NULL, NULL, NULL, NULL, NULL, NULL, '2022-03-03 09:53:33', '2022-03-20 11:19:27'),
('bc21ab6e-9bd3-11ec-9bb5-6c626d3a5d34', 'dafa8c5a-913f-11ec-aea7-6c626d3a5d34', 'Jeremiah ', '', 'Gray', '', 'c9b00728f1874611be3de2fc333ad534.pdf', '(074)-432-3854', 'jeremiah.gray@example.com', 'For evaluation', NULL, NULL, NULL, NULL, NULL, NULL, NULL, NULL, NULL, '2022-02-24 23:57:02', '2022-02-24 23:57:02'),
('bc95fe9f-9bd5-11ec-9bb5-6c626d3a5d34', 'cda092dc-913f-11ec-aea7-6c626d3a5d34', 'Tim ', '', 'Newman', '', '6da1aadc4cf6424d9debbf108ff2ad01.pdf', '(569)-005-1937', 'tim.newman@example.com', 'For screening', '62ca1c7d-8d5d-11ec-a6db-6c626d3a5d34', '2022-03-05 00:31:50', NULL, NULL, NULL, NULL, NULL, NULL, NULL, '2022-03-01 00:11:21', '2022-03-05 00:31:50'),
('bf949db8-9bdb-11ec-9bb5-6c626d3a5d34', 'f6c129ed-8d8e-11ec-a6db-6c626d3a5d34', 'Eva ', '', 'Edwards', '', 'ca68b67cb4bc49269c70d54158c44adb.pdf', '(896)-399-3306', 'eva.edwards@example.com', 'For evaluation', NULL, NULL, NULL, NULL, NULL, NULL, NULL, NULL, NULL, '2022-02-28 00:54:23', '2022-02-28 00:54:23'),
('c7d4233f-9bd7-11ec-9bb5-6c626d3a5d34', '2c067226-9bcc-11ec-9bb5-6c626d3a5d34', 'Evelyn ', 'Lynch', 'Cox', '', '563c21de41c04f2a9ec98af5bf1a215b.pdf', '(248)-583-9705', 'evelyn.cox@example.com', 'For evaluation', NULL, NULL, NULL, NULL, NULL, NULL, NULL, NULL, NULL, '2022-03-05 00:25:59', '2022-03-05 00:25:59'),
('caad36e3-9b68-11ec-b2d1-6c626d3a5d34', '1e5d7fa2-914c-11ec-aea7-6c626d3a5d34', 'Carl ', '', 'Jacobs', '', '2d98e93102d04ccf95c150489248a9d2.pdf', '(719)-010-5484', 'carl.jacobs@example.com', 'Rejected from evaluation', NULL, NULL, NULL, NULL, NULL, NULL, '62ca1c7d-8d5d-11ec-a6db-6c626d3a5d34', '2022-03-04 11:16:17', 'Invalid resume has been submitted', '2022-03-04 11:11:32', '2022-03-04 11:16:17'),
('cb4a8493-96ca-11ec-bf1d-6c626d3a5d34', 'af3bed09-8d8e-11ec-a6db-6c626d3a5d34', 'Letitia ', '', 'Willis', '', '34f813b78b1247b29f23c188c9ae4d08.pdf', '(863)-464-6300', 'letitia.willis@example.com', 'For interview', '62ca1c7d-8d5d-11ec-a6db-6c626d3a5d34', '2022-02-26 14:11:47', 'a89cdb12-8d52-11ec-a6db-6c626d3a5d34', '2022-02-26 14:13:19', NULL, NULL, NULL, NULL, NULL, '2022-02-26 14:10:27', '2022-02-26 14:13:19'),
('ce660963-9bd9-11ec-9bb5-6c626d3a5d34', 'ce15bf55-8d8e-11ec-a6db-6c626d3a5d34', 'Pamela ', '', 'Henderson', '', '8f973a95e5534c1b927a798771d3bf27.pdf', '(568)-030-4733', 'pamela.henderson@example.com', 'For evaluation', NULL, NULL, NULL, NULL, NULL, NULL, NULL, NULL, NULL, '2022-03-02 00:40:29', '2022-03-02 00:40:29'),
('ce7ad89b-9bd1-11ec-9bb5-6c626d3a5d34', 'ce15bf55-8d8e-11ec-a6db-6c626d3a5d34', 'Clyde ', '', 'Hunt', '', 'b3600784720d43148d8058e53a28d99d.pdf', '(471)-322-1763', 'clyde.hunt@example.com', 'For screening', '62ca1c7d-8d5d-11ec-a6db-6c626d3a5d34', '2022-03-05 00:20:19', NULL, NULL, NULL, NULL, NULL, NULL, NULL, '2022-02-16 23:43:13', '2022-03-05 00:20:19'),
('d3912f7d-9bd2-11ec-9bb5-6c626d3a5d34', 'e5cc53f7-8d8e-11ec-a6db-6c626d3a5d34', 'Laurie ', '', 'Fields', '', '36594be7ab8f475b82bd95a5f77d6b5c.pdf', '(525)-231-4366', 'laurie.fields@example.com', 'For screening', '62ca1c7d-8d5d-11ec-a6db-6c626d3a5d34', '2022-03-05 01:20:50', NULL, NULL, NULL, NULL, NULL, NULL, NULL, '2022-02-21 23:50:31', '2022-03-05 01:20:50'),
('d6f0bc68-9bd7-11ec-9bb5-6c626d3a5d34', '2c067226-9bcc-11ec-9bb5-6c626d3a5d34', 'Sherry ', '', 'Austin', '', '556160b4b77c42379337fe9e9ebe4710.pdf', '(432)-464-9713', 'sherry.austin@example.com', 'For evaluation', NULL, NULL, NULL, NULL, NULL, NULL, NULL, NULL, NULL, '2022-03-05 00:26:25', '2022-03-05 00:26:25'),
('df84c8d6-9bd0-11ec-9bb5-6c626d3a5d34', '3978d129-8d8e-11ec-a6db-6c626d3a5d34', 'Gloria ', '', 'Lewis', '', '24e8d252c1ab4dba8522ef85d5de6140.pdf', '(540)-843-3594', 'gloria.lewis@example.com', 'For interview', '62ca1c7d-8d5d-11ec-a6db-6c626d3a5d34', '2022-03-05 00:18:33', 'a89cdb12-8d52-11ec-a6db-6c626d3a5d34', '2022-03-05 09:01:38', NULL, NULL, NULL, NULL, NULL, '2022-02-16 23:36:32', '2022-03-05 09:01:38'),
('e4b8e951-9bcf-11ec-9bb5-6c626d3a5d34', '9d01b6c0-8d8e-11ec-a6db-6c626d3a5d34', 'Francis ', '', 'Mitchelle', '', 'feac7ff6a51e422a87a79d2d3530ae61.pdf', '(705)-866-2252', 'francis.mitchelle@example.com', 'For screening', '62ca1c7d-8d5d-11ec-a6db-6c626d3a5d34', '2022-03-05 00:19:28', NULL, NULL, NULL, NULL, NULL, NULL, NULL, '2022-03-01 23:29:32', '2022-03-05 00:19:28'),
('e98ea74c-9bd9-11ec-9bb5-6c626d3a5d34', 'ce15bf55-8d8e-11ec-a6db-6c626d3a5d34', 'Marvin ', '', 'Young', '', '99da31ae64194b018a7d43acb87f9394.pdf', '(804)-861-9507', 'marvin.young@example.com', 'For evaluation', NULL, NULL, NULL, NULL, NULL, NULL, NULL, NULL, NULL, '2022-03-02 00:41:15', '2022-03-02 00:41:15'),
('e9b7fb48-913d-11ec-aea7-6c626d3a5d34', 'c5843f55-8d8e-11ec-a6db-6c626d3a5d34', 'Dolores ', '', 'Gardner', '', '291ba38ef7454748ab6d24a4109de178.pdf', '(007)-272-6963', 'dolores.gardner@example.com', 'For evaluation', NULL, NULL, NULL, NULL, NULL, NULL, NULL, NULL, NULL, '2022-02-19 12:39:24', '2022-02-19 12:39:24'),
('ee7ffe07-9bd1-11ec-9bb5-6c626d3a5d34', 'ce15bf55-8d8e-11ec-a6db-6c626d3a5d34', 'Matthew ', '', 'Newman', '', '331a87b5fb004b91a6f1e86a31ea3c25.pdf', '(996)-247-1896', 'matthew.newman@example.com', 'For screening', '62ca1c7d-8d5d-11ec-a6db-6c626d3a5d34', '2022-03-05 00:20:06', NULL, NULL, NULL, NULL, NULL, NULL, NULL, '2022-03-04 23:44:07', '2022-03-05 00:20:06'),
('ef1a8179-9bd3-11ec-9bb5-6c626d3a5d34', 'dafa8c5a-913f-11ec-aea7-6c626d3a5d34', 'Melanie ', '', 'Brown', '', 'ba949e8bee184e709c53273e65b188d5.pdf', '(681)-073-2959', 'melanie.brown@example.com', 'For evaluation', NULL, NULL, NULL, NULL, NULL, NULL, NULL, NULL, NULL, '2022-02-25 23:58:27', '2022-02-25 23:58:27'),
('f1ceab9f-9bdb-11ec-9bb5-6c626d3a5d34', 'f6c129ed-8d8e-11ec-a6db-6c626d3a5d34', 'Steve', '', 'Lane', '', 'fe2507a715064842b8207127ed2aa4ba.pdf', '(941)-612-8842', 'steve.lane@example.com', 'For evaluation', NULL, NULL, NULL, NULL, NULL, NULL, NULL, NULL, NULL, '2022-02-28 00:55:48', '2022-02-28 00:55:48'),
('f3aef838-9b68-11ec-b2d1-6c626d3a5d34', '1e5d7fa2-914c-11ec-aea7-6c626d3a5d34', 'Bernice ', '', 'Fuller', '', 'edc6dc1cc2c54a5ba24666acbe4029fc.pdf', '(563)-138-4746', 'bernice.fuller@example.com', 'For interview', '62ca1c7d-8d5d-11ec-a6db-6c626d3a5d34', '2022-03-04 11:25:38', 'a89cdb12-8d52-11ec-a6db-6c626d3a5d34', '2022-03-04 11:26:21', NULL, NULL, NULL, NULL, NULL, '2022-03-04 11:12:40', '2022-03-04 11:26:21'),
('f7c4685a-9c5b-11ec-bdeb-6c626d3a5d34', '582a4bca-9c5b-11ec-bdeb-6c626d3a5d34', 'Everett ', '', 'Sanchez', '', '33fd47fa72c740d5b739b6d9a5699590.pdf', '(900)-462-5670', 'everett.sanchez@google.com', 'Rejected from screening', '62ca1c7d-8d5d-11ec-a6db-6c626d3a5d34', '2022-03-05 16:14:43', NULL, NULL, NULL, NULL, 'a89cdb12-8d52-11ec-a6db-6c626d3a5d34', '2022-03-05 16:17:07', 'Invalid details', '2022-03-05 16:12:14', '2022-03-05 16:17:07'),
('fcc5f445-9bd8-11ec-9bb5-6c626d3a5d34', '01ed5350-8d8f-11ec-a6db-6c626d3a5d34', 'Sherry ', '', 'Gomez', '', '8e64e44a8c8d46db83eb450972946ee1.pdf', '(369)-663-3136', 'sherry.gomez@example.com', 'For evaluation', NULL, NULL, NULL, NULL, NULL, NULL, NULL, NULL, NULL, '2022-03-05 00:34:38', '2022-03-05 00:34:38');

-- --------------------------------------------------------

--
-- Table structure for table `departments`
--

CREATE TABLE `departments` (
  `department_id` varchar(36) NOT NULL,
  `name` varchar(255) NOT NULL,
  `description` varchar(255) NOT NULL,
  `created_at` datetime NOT NULL,
  `updated_at` datetime DEFAULT NULL
) ENGINE=InnoDB DEFAULT CHARSET=utf8mb4;

--
-- Dumping data for table `departments`
--

INSERT INTO `departments` (`department_id`, `name`, `description`, `created_at`, `updated_at`) VALUES
('40accb96-8bda-11ec-88c9-6c626d3a5d34', 'Hospital Core Department', 'Hospital Core Department', '2022-02-12 16:03:24', '2022-02-12 16:03:24'),
('e06f5047-9bdc-11ec-9bb5-6c626d3a5d34', 'Logistics Department', 'Logistics Department', '2022-03-05 01:02:28', '2022-03-05 01:02:28'),
('ea5d5b3b-8bd7-11ec-88c9-6c626d3a5d34', 'Human Resource (HR) Department', 'Human Resource (HR) Department', '2022-02-12 15:46:40', '2022-02-12 15:46:40'),
('ffb8fd3e-8bd7-11ec-88c9-6c626d3a5d34', 'Information Technology (IT) Department', 'Information Technology (IT) Department', '2022-02-12 15:47:16', '2022-02-12 15:47:16');

-- --------------------------------------------------------

--
-- Table structure for table `employees`
--

CREATE TABLE `employees` (
  `employee_id` varchar(36) NOT NULL,
  `user_id` varchar(36) NOT NULL,
  `first_name` varchar(255) NOT NULL,
  `middle_name` varchar(255) DEFAULT NULL,
  `last_name` varchar(255) NOT NULL,
  `extension_name` varchar(255) DEFAULT NULL,
  `contact_number` varchar(255) NOT NULL,
  `position_id` varchar(36) NOT NULL,
  `employment_type_id` varchar(255) NOT NULL,
  `status` varchar(255) DEFAULT NULL,
  `created_at` datetime NOT NULL,
  `updated_at` datetime DEFAULT NULL
) ENGINE=InnoDB DEFAULT CHARSET=utf8mb4;

--
-- Dumping data for table `employees`
--

INSERT INTO `employees` (`employee_id`, `user_id`, `first_name`, `middle_name`, `last_name`, `extension_name`, `contact_number`, `position_id`, `employment_type_id`, `status`, `created_at`, `updated_at`) VALUES
('3ffd2f46-8d52-11ec-a6db-6c626d3a5d34', '49aaca6d-8d52-11ec-a6db-6c626d3a5d34', 'Nathan', NULL, 'Andrews', NULL, '(218)-931-1689', 'f771dfa5-8d51-11ec-a6db-6c626d3a5d34', 'ad44c6cd-8be9-11ec-88c9-6c626d3a5d34', 'Active', '2022-02-14 12:54:54', '2022-02-14 12:54:54'),
('52d50bb8-9bde-11ec-9bb5-6c626d3a5d34', '1fceee85-9bde-11ec-9bb5-6c626d3a5d34', 'Letitia', NULL, 'Ross', NULL, '(420)-651-1764', '0a613126-9bde-11ec-9bb5-6c626d3a5d34', 'ad44c6cd-8be9-11ec-88c9-6c626d3a5d34', 'Active', '2022-03-05 01:12:49', '2022-03-05 01:12:49'),
('5eb7dfd8-9bc8-11ec-9bb5-6c626d3a5d34', '289ae819-9bc8-11ec-9bb5-6c626d3a5d34', 'Albert', NULL, 'Sutton', NULL, '(864)-185-6069', '43d722e7-9bc5-11ec-9bb5-6c626d3a5d34', 'ad44c6cd-8be9-11ec-88c9-6c626d3a5d34', 'Active', '2022-03-04 22:35:40', '2022-03-04 22:35:40'),
('62ca1c7d-8d5d-11ec-a6db-6c626d3a5d34', '7ef3790c-8d5d-11ec-a6db-6c626d3a5d34', 'Crystal', NULL, 'Rodriguez', NULL, '(355)-882-5784', 'bb021c23-8be7-11ec-88c9-6c626d3a5d34', 'ad44c6cd-8be9-11ec-88c9-6c626d3a5d34', 'Active', '2022-02-14 14:14:36', '2022-02-14 14:14:36'),
('7aaa5807-8d48-11ec-a6db-6c626d3a5d34', '8bcfe3b2-8d48-11ec-a6db-6c626d3a5d34', 'Caleb', NULL, 'Ray', NULL, '(026)-502-6807', '4e64359d-8be7-11ec-88c9-6c626d3a5d34', 'ad44c6cd-8be9-11ec-88c9-6c626d3a5d34', 'Active', '2022-02-14 11:44:57', '2022-02-14 11:44:57'),
('898ec933-9bdd-11ec-9bb5-6c626d3a5d34', '846141f5-9bdd-11ec-9bb5-6c626d3a5d34', 'Sophia', NULL, 'Palmer', NULL, '(420)-651-1764', '0e6fd186-9bdd-11ec-9bb5-6c626d3a5d34', 'ad44c6cd-8be9-11ec-88c9-6c626d3a5d34', 'Active', '2022-03-05 01:07:12', '2022-03-05 01:07:12'),
('92239c6c-8bed-11ec-88c9-6c626d3a5d34', '49aaca6d-8d52-11ec-a6db-6c626d3a5d34', 'Carole', NULL, 'Martinez', NULL, '(009)-792-7145', '1789d150-8be5-11ec-88c9-6c626d3a5d34', 'ad44c6cd-8be9-11ec-88c9-6c626d3a5d34', 'Active', '2022-02-12 18:21:41', '2022-02-12 18:21:41'),
('974523b2-8d49-11ec-a6db-6c626d3a5d34', 'a0d6df83-8d49-11ec-a6db-6c626d3a5d34', 'Soham', NULL, 'Miles', NULL, '(683)-584-6498', 'e43b841d-8d48-11ec-a6db-6c626d3a5d34', 'ad44c6cd-8be9-11ec-88c9-6c626d3a5d34', 'Active', '2022-02-14 11:52:55', '2022-02-14 11:52:55'),
('a61b1699-8cd5-11ec-8d3b-6c626d3a5d34', '16905375-8cd6-11ec-8d3b-6c626d3a5d34', 'Nicole', NULL, 'Austine', NULL, '(582)-829-6206', '93d489e2-8be0-11ec-88c9-6c626d3a5d34', 'ad44c6cd-8be9-11ec-88c9-6c626d3a5d34', 'Active', '2022-02-13 22:02:58', '2022-02-13 22:02:58'),
('a89cdb12-8d52-11ec-a6db-6c626d3a5d34', 'bde6f60c-8d52-11ec-a6db-6c626d3a5d34', 'Sherry', NULL, 'McRogers', NULL, '(523)-381-6275', 'b2b030fa-8be7-11ec-88c9-6c626d3a5d34', 'ad44c6cd-8be9-11ec-88c9-6c626d3a5d34', 'Active', '2022-02-14 12:57:49', '2022-02-14 12:57:49'),
('c80dbb20-8d4a-11ec-a6db-6c626d3a5d34', 'daede201-8d4a-11ec-a6db-6c626d3a5d34', 'Kaylee', NULL, 'Brooks', NULL, '(985)-974-2182', '1789d150-8be5-11ec-88c9-6c626d3a5d34', 'ad44c6cd-8be9-11ec-88c9-6c626d3a5d34', 'Active', '2022-02-14 12:01:26', '2022-02-14 12:01:26'),
('f5fbb7ed-8cd4-11ec-8d3b-6c626d3a5d34', '20ddf0b0-8cd5-11ec-8d3b-6c626d3a5d34', 'Beatrice', NULL, 'Perez', NULL, '(582)-829-6206', '489d836a-8be8-11ec-88c9-6c626d3a5d34', 'ad44c6cd-8be9-11ec-88c9-6c626d3a5d34', 'Active', '2022-02-13 21:58:02', '2022-02-13 21:58:02'),
('fade7092-8cd2-11ec-8d3b-6c626d3a5d34', '15ff06af-8cd3-11ec-8d3b-6c626d3a5d34', 'Alvin', NULL, 'Morrison', NULL, '(582)-829-6206', '53724726-8be3-11ec-88c9-6c626d3a5d34', 'ad44c6cd-8be9-11ec-88c9-6c626d3a5d34', 'Active', '2022-02-13 21:43:52', '2022-02-13 21:43:52');

-- --------------------------------------------------------

--
-- Table structure for table `employment_types`
--

CREATE TABLE `employment_types` (
  `employment_type_id` varchar(36) NOT NULL,
  `name` varchar(255) NOT NULL,
  `description` text NOT NULL,
  `is_active` tinyint(1) NOT NULL,
  `created_at` datetime NOT NULL,
  `updated_at` datetime DEFAULT NULL
) ENGINE=InnoDB DEFAULT CHARSET=utf8mb4;

--
-- Dumping data for table `employment_types`
--

INSERT INTO `employment_types` (`employment_type_id`, `name`, `description`, `is_active`, `created_at`, `updated_at`) VALUES
('ad44c6cd-8be9-11ec-88c9-6c626d3a5d34', 'Full Time', 'Full Time', 1, '2022-02-12 17:53:49', '2022-02-12 17:53:49'),
('b2ce077a-8be9-11ec-88c9-6c626d3a5d34', 'Part Time', 'Part Time', 1, '2022-02-12 17:53:58', '2022-02-12 17:53:58'),
('c8913b14-8be9-11ec-88c9-6c626d3a5d34', 'Internship/On-Job Training (OJT)', 'Internship/On-Job Training (OJT)', 1, '2022-02-12 17:54:35', '2022-02-12 17:54:35'),
('ce23d0b2-8be9-11ec-88c9-6c626d3a5d34', 'Contractual', 'Contractual', 1, '2022-02-12 17:54:44', '2022-02-12 17:54:44');

-- --------------------------------------------------------

--
-- Table structure for table `internal_users`
--

CREATE TABLE `internal_users` (
  `id` varchar(36) NOT NULL,
  `email` varchar(255) NOT NULL,
  `password` varchar(255) NOT NULL,
  `created_at` datetime NOT NULL,
  `updated_at` datetime DEFAULT NULL
) ENGINE=InnoDB DEFAULT CHARSET=utf8mb4;

--
-- Dumping data for table `internal_users`
--

INSERT INTO `internal_users` (`id`, `email`, `password`, `created_at`, `updated_at`) VALUES
('15ff06af-8cd3-11ec-8d3b-6c626d3a5d34', 'it.head@homies.com', '$2b$12$WSJ0EFvUDWuS94JE5ryUaO.IzCnnyXfjA5OIBK6HgbJzSSp17PteS', '2022-02-13 21:44:37', '2022-02-13 21:44:37'),
('16905375-8cd6-11ec-8d3b-6c626d3a5d34', 'it.mngt.manager@homies.com', '$2b$12$NNZ/CEMaH87c5hPcWGLyiub1goEgfo9VSpKZvX9./3YRrWYHjVLOe', '2022-02-13 22:06:07', '2022-02-13 22:06:07'),
('1fceee85-9bde-11ec-9bb5-6c626d3a5d34', 'logistics.head@homies.com', '$2b$12$MoVql125un.GfsRDbIEFNuherGtL4pU/N.eRDoSOKNml32jcNucX.', '2022-03-05 01:11:24', NULL),
('20ddf0b0-8cd5-11ec-8d3b-6c626d3a5d34', 'hr.recruit.manager@homies.com', '$2b$12$Pedg7Ai6a9l/FZjdV44lR.GdN9Zwv9SiDpK5TxddepJdXqf8EH/pG', '2022-02-13 21:59:14', '2022-02-13 21:59:14'),
('289ae819-9bc8-11ec-9bb5-6c626d3a5d34', 'pathology.manager@homies.com', '$2b$12$jobkVkkSXs.BKrEI3ZsQruSkda1q8VelJ4WkjUiIKqLri8YRDxCLK', '2022-03-04 22:34:10', NULL),
('49aaca6d-8d52-11ec-a6db-6c626d3a5d34', 'hr.head@homies.com', '$2b$12$Cag14vRq91IldBqORi8dme9OHOCfBTS30F5Sr7n5Y0ezMUP1N4AGa', '2022-02-14 12:55:10', '2022-02-14 12:55:10'),
('4f665ff4-8bef-11ec-88c9-6c626d3a5d34', 'hospital.core.head@homies.com', '$2b$12$taQP8mrB5GyPap35JZMr8Os/WF/vHMfsP5FGEe7GtanFJABPC2H1e', '2022-02-12 18:34:08', '2022-02-12 18:34:08'),
('7ef3790c-8d5d-11ec-a6db-6c626d3a5d34', 'hr.recruit.recruiter@homies.com', '$2b$12$LoYwrTke/Q2LnFSZ.NSNYeBuTAbleyrEzg57fXXMf7U6dLuFG4bfu', '2022-02-14 14:15:23', '2022-02-14 14:15:23'),
('846141f5-9bdd-11ec-9bb5-6c626d3a5d34', 'warehouse.manager@homies.com', '$2b$12$9bMWKVAZc.5RT/meuEWwb.Nz/TnvI5cQwzzdpnPArY5gFdfh9p1Ju', '2022-03-05 01:07:03', NULL),
('8bcfe3b2-8d48-11ec-a6db-6c626d3a5d34', 'opd.manager@homies.com', '$2b$12$JV.mNSA1C5tu9rClfwKFvOGq76IEFTr4Gwgia4U6Wk8xD5dzXJhha', '2022-02-14 11:45:26', '2022-02-14 11:45:26'),
('a0d6df83-8d49-11ec-a6db-6c626d3a5d34', 'icu.manager@homies.com', '$2b$12$0HISrDr9yZdvNegi8BNANOL2u4fnG13SAU6s9mipr0IPfP0Q5n3I.', '2022-02-14 11:53:11', '2022-02-14 11:53:11'),
('bde6f60c-8d52-11ec-a6db-6c626d3a5d34', 'hr.recruit.hiremngr@homies.com', '$2b$12$M9HPDULvKUPdfLX1pU51o./XaWhxP7g4S3sZ02gy6ddqRwqp9E4vm', '2022-02-14 12:58:25', '2022-02-14 12:58:25'),
('daede201-8d4a-11ec-a6db-6c626d3a5d34', 'hospital.head@homies.com', '$2b$12$J9nyX10T953VpJ0g3ZIY2.GOzHb8yDiR57ZhBCdm/1K.LjQ7aroim', '2022-02-14 12:01:58', '2022-02-14 12:01:58');

-- --------------------------------------------------------

--
-- Table structure for table `interviewees`
--

CREATE TABLE `interviewees` (
  `interviewee_id` varchar(36) NOT NULL,
  `applicant_id` varchar(36) NOT NULL,
  `interview_schedule_id` varchar(36) DEFAULT NULL,
  `is_interviewed` tinyint(1) DEFAULT NULL,
  `interviewed_at` datetime DEFAULT NULL,
  `remarks` text DEFAULT NULL,
  `created_at` datetime NOT NULL,
  `updated_at` datetime DEFAULT NULL
) ENGINE=InnoDB DEFAULT CHARSET=utf8mb4;

--
-- Dumping data for table `interviewees`
--

INSERT INTO `interviewees` (`interviewee_id`, `applicant_id`, `interview_schedule_id`, `is_interviewed`, `interviewed_at`, `remarks`, `created_at`, `updated_at`) VALUES
('00a6f68f-9b6b-11ec-b2d1-6c626d3a5d34', '174d4c64-9b69-11ec-b2d1-6c626d3a5d34', '00867a4c-9b6b-11ec-b2d1-6c626d3a5d34', NULL, NULL, NULL, '2022-03-04 11:27:21', '2022-03-04 11:27:21'),
('00bf6858-9b6b-11ec-b2d1-6c626d3a5d34', '29428d2e-9b69-11ec-b2d1-6c626d3a5d34', '00867a4c-9b6b-11ec-b2d1-6c626d3a5d34', NULL, NULL, NULL, '2022-03-04 11:27:21', '2022-03-04 11:27:21'),
('00c43dbe-9b6b-11ec-b2d1-6c626d3a5d34', 'b30a8eaa-9a93-11ec-89c4-6c626d3a5d34', '00867a4c-9b6b-11ec-b2d1-6c626d3a5d34', NULL, NULL, NULL, '2022-03-04 11:27:21', '2022-03-04 11:27:21'),
('00d7bd3c-949b-11ec-a5cb-6c626d3a5d34', '2a8a6bfa-93ad-11ec-978b-6c626d3a5d34', '00c14db7-949b-11ec-a5cb-6c626d3a5d34', 1, '2022-02-23 19:24:55', NULL, '2022-02-23 19:23:19', '2022-02-23 19:24:55'),
('00dcff71-9b6b-11ec-b2d1-6c626d3a5d34', 'f3aef838-9b68-11ec-b2d1-6c626d3a5d34', '00867a4c-9b6b-11ec-b2d1-6c626d3a5d34', NULL, NULL, NULL, '2022-03-04 11:27:21', '2022-03-04 11:27:21'),
('00ef81f6-949b-11ec-a5cb-6c626d3a5d34', '4e4e381b-93ad-11ec-978b-6c626d3a5d34', '00c14db7-949b-11ec-a5cb-6c626d3a5d34', 1, '2022-02-23 19:25:10', NULL, '2022-02-23 19:23:19', '2022-02-23 19:25:10'),
('20117533-9159-11ec-aea7-6c626d3a5d34', '042e8280-913e-11ec-aea7-6c626d3a5d34', '1ff9610d-9159-11ec-aea7-6c626d3a5d34', 1, '2022-03-04 13:47:01', NULL, '2022-02-19 15:54:11', '2022-03-04 13:47:01'),
('2036436e-9159-11ec-aea7-6c626d3a5d34', '22cc0de9-913e-11ec-aea7-6c626d3a5d34', '1ff9610d-9159-11ec-aea7-6c626d3a5d34', 1, '2022-02-19 16:16:35', NULL, '2022-02-19 15:54:12', '2022-02-19 16:16:35'),
('22d061d8-9c20-11ec-bdeb-6c626d3a5d34', '48e7a656-9bd1-11ec-9bb5-6c626d3a5d34', '22a9e37f-9c20-11ec-bdeb-6c626d3a5d34', NULL, NULL, NULL, '2022-03-05 09:03:57', '2022-03-05 09:03:57'),
('22ee1fab-9c20-11ec-bdeb-6c626d3a5d34', '6c451e6f-9bd1-11ec-9bb5-6c626d3a5d34', '22a9e37f-9c20-11ec-bdeb-6c626d3a5d34', 1, '2022-03-05 17:02:00', NULL, '2022-03-05 09:03:58', '2022-03-05 17:02:00'),
('2326cf5e-9c20-11ec-bdeb-6c626d3a5d34', '913d7bbc-9bd0-11ec-9bb5-6c626d3a5d34', '22a9e37f-9c20-11ec-bdeb-6c626d3a5d34', NULL, NULL, NULL, '2022-03-05 09:03:58', '2022-03-05 09:03:58'),
('235ca04e-9c20-11ec-bdeb-6c626d3a5d34', 'df84c8d6-9bd0-11ec-9bb5-6c626d3a5d34', '22a9e37f-9c20-11ec-bdeb-6c626d3a5d34', NULL, NULL, NULL, '2022-03-05 09:03:58', '2022-03-05 09:03:58'),
('3e5830aa-948a-11ec-a5cb-6c626d3a5d34', '7c45d985-9469-11ec-b3e4-6c626d3a5d34', '3e4fc84c-948a-11ec-a5cb-6c626d3a5d34', 1, '2022-02-23 17:24:14', NULL, '2022-02-23 17:23:21', '2022-02-23 17:24:14'),
('3e5eb3dd-948a-11ec-a5cb-6c626d3a5d34', '95cc52de-9469-11ec-b3e4-6c626d3a5d34', '3e4fc84c-948a-11ec-a5cb-6c626d3a5d34', 1, '2022-02-26 09:30:38', NULL, '2022-02-23 17:23:21', '2022-02-26 09:30:38'),
('48c6a7f8-96cc-11ec-bf1d-6c626d3a5d34', '96d556e4-96ca-11ec-bf1d-6c626d3a5d34', '48bd11cf-96cc-11ec-bf1d-6c626d3a5d34', 1, '2022-02-26 14:22:01', NULL, '2022-02-26 14:21:08', '2022-02-26 14:22:01'),
('48ecc5d8-96cc-11ec-bf1d-6c626d3a5d34', 'b8dfbaa3-96ca-11ec-bf1d-6c626d3a5d34', '48bd11cf-96cc-11ec-bf1d-6c626d3a5d34', 1, '2022-03-03 13:50:54', NULL, '2022-02-26 14:21:08', '2022-03-03 13:50:54'),
('48f3b61d-96cc-11ec-bf1d-6c626d3a5d34', 'aac0066b-96ca-11ec-bf1d-6c626d3a5d34', '48bd11cf-96cc-11ec-bf1d-6c626d3a5d34', 1, '2022-03-05 09:24:24', NULL, '2022-02-26 14:21:08', '2022-03-05 09:24:24'),
('59533cdd-9bb9-11ec-9bb5-6c626d3a5d34', '99799804-93ad-11ec-978b-6c626d3a5d34', '59444a33-9bb9-11ec-9bb5-6c626d3a5d34', 1, '2022-03-04 20:51:17', NULL, '2022-03-04 20:48:09', '2022-03-04 20:51:17'),
('bd4b7a1a-8e30-11ec-ab27-6c626d3a5d34', '1ee99481-8e25-11ec-ab27-6c626d3a5d34', 'bd3c42ed-8e30-11ec-ab27-6c626d3a5d34', 1, '2022-02-15 16:07:00', NULL, '2022-02-15 15:27:32', '2022-02-15 16:07:00'),
('cedf032b-9c5c-11ec-bdeb-6c626d3a5d34', '0cb7edab-9c5c-11ec-bdeb-6c626d3a5d34', 'ceba8dc3-9c5c-11ec-bdeb-6c626d3a5d34', 1, '2022-03-05 16:20:43', NULL, '2022-03-05 16:18:15', '2022-03-05 16:20:43'),
('ceebad82-9c5c-11ec-bdeb-6c626d3a5d34', '1673998b-9c5c-11ec-bdeb-6c626d3a5d34', 'ceba8dc3-9c5c-11ec-bdeb-6c626d3a5d34', 1, '2022-03-05 16:21:18', NULL, '2022-03-05 16:18:15', '2022-03-05 16:21:18');

-- --------------------------------------------------------

--
-- Table structure for table `interview_questions`
--

CREATE TABLE `interview_questions` (
  `interview_question_id` varchar(36) NOT NULL,
  `question` varchar(255) NOT NULL,
  `type` varchar(255) NOT NULL,
  `added_by` varchar(36) NOT NULL,
  `updated_by` varchar(36) DEFAULT NULL,
  `created_at` datetime NOT NULL,
  `updated_at` datetime DEFAULT NULL
) ENGINE=InnoDB DEFAULT CHARSET=utf8mb4;

--
-- Dumping data for table `interview_questions`
--

INSERT INTO `interview_questions` (`interview_question_id`, `question`, `type`, `added_by`, `updated_by`, `created_at`, `updated_at`) VALUES
('2710f942-9c5d-11ec-bdeb-6c626d3a5d34', 'What is your greatest personal achievement?', 'Added', 'a89cdb12-8d52-11ec-a6db-6c626d3a5d34', 'a89cdb12-8d52-11ec-a6db-6c626d3a5d34', '2022-03-05 16:20:43', '2022-03-05 16:20:43'),
('27111d38-9c5d-11ec-bdeb-6c626d3a5d34', 'Describe a time when you had to give a person difficult feedback.\n', 'Added', 'a89cdb12-8d52-11ec-a6db-6c626d3a5d34', 'a89cdb12-8d52-11ec-a6db-6c626d3a5d34', '2022-03-05 16:20:43', '2022-03-05 16:20:43'),
('2711454e-9c5d-11ec-bdeb-6c626d3a5d34', 'How do you see yourself after 5 years?', 'Added', 'a89cdb12-8d52-11ec-a6db-6c626d3a5d34', 'a89cdb12-8d52-11ec-a6db-6c626d3a5d34', '2022-03-05 16:20:43', '2022-03-05 16:20:43'),
('3c24c075-9c5d-11ec-bdeb-6c626d3a5d34', 'What is your greatest personal achievement?\n', 'Added', 'a89cdb12-8d52-11ec-a6db-6c626d3a5d34', 'a89cdb12-8d52-11ec-a6db-6c626d3a5d34', '2022-03-05 16:21:18', '2022-03-05 16:21:18'),
('3c251fc0-9c5d-11ec-bdeb-6c626d3a5d34', 'Describe a time when you had to give a person difficult feedback.\n', 'Added', 'a89cdb12-8d52-11ec-a6db-6c626d3a5d34', 'a89cdb12-8d52-11ec-a6db-6c626d3a5d34', '2022-03-05 16:21:18', '2022-03-05 16:21:18'),
('4058113e-8e36-11ec-ab27-6c626d3a5d34', 'What problems you think you can\'t solve but you find out you can?', 'Added', 'a89cdb12-8d52-11ec-a6db-6c626d3a5d34', 'a89cdb12-8d52-11ec-a6db-6c626d3a5d34', '2022-02-15 16:07:00', '2022-02-15 16:07:00'),
('5de7cc80-948a-11ec-a5cb-6c626d3a5d34', 'How do you see yourself after 5 years', 'Added', 'a89cdb12-8d52-11ec-a6db-6c626d3a5d34', 'a89cdb12-8d52-11ec-a6db-6c626d3a5d34', '2022-02-23 17:24:14', '2022-02-23 17:24:14'),
('6871249d-96cc-11ec-bf1d-6c626d3a5d34', 'How do you see yourself after 5 years?', 'Added', 'a89cdb12-8d52-11ec-a6db-6c626d3a5d34', 'a89cdb12-8d52-11ec-a6db-6c626d3a5d34', '2022-02-26 14:22:01', '2022-02-26 14:22:01'),
('82ac0b04-8e2f-11ec-ab27-6c626d3a5d34', 'Why should we hire you?', 'General', 'a89cdb12-8d52-11ec-a6db-6c626d3a5d34', 'a89cdb12-8d52-11ec-a6db-6c626d3a5d34', '2022-02-15 15:18:44', '2022-02-15 15:18:44'),
('837e49bc-9b7e-11ec-b2d1-6c626d3a5d34', 'How do you see yourself after 5 years?', 'Added', 'a89cdb12-8d52-11ec-a6db-6c626d3a5d34', 'a89cdb12-8d52-11ec-a6db-6c626d3a5d34', '2022-03-04 13:47:01', '2022-03-04 13:47:01'),
('ac894026-8e2f-11ec-ab27-6c626d3a5d34', 'What skills do you have that makes you fit for this job?', 'General', 'a89cdb12-8d52-11ec-a6db-6c626d3a5d34', 'a89cdb12-8d52-11ec-a6db-6c626d3a5d34', '2022-02-15 15:19:55', '2022-02-15 15:19:55'),
('b49e3260-8e2f-11ec-ab27-6c626d3a5d34', 'What are your strength and weaknesses?', 'General', 'a89cdb12-8d52-11ec-a6db-6c626d3a5d34', 'a89cdb12-8d52-11ec-a6db-6c626d3a5d34', '2022-02-15 15:20:08', '2022-03-03 10:32:43'),
('c946e9ac-9bb9-11ec-9bb5-6c626d3a5d34', 'How do you see yourself after 5 years?', 'Added', 'a89cdb12-8d52-11ec-a6db-6c626d3a5d34', 'a89cdb12-8d52-11ec-a6db-6c626d3a5d34', '2022-03-04 20:51:17', '2022-03-04 20:51:17'),
('e3c3f534-9ab5-11ec-89c4-6c626d3a5d34', 'What problems you encountered you thought it is difficult but you make it solved at the end', 'Added', 'a89cdb12-8d52-11ec-a6db-6c626d3a5d34', 'a89cdb12-8d52-11ec-a6db-6c626d3a5d34', '2022-03-03 13:50:54', '2022-03-03 13:50:54'),
('fde40c08-9c22-11ec-bdeb-6c626d3a5d34', 'How do you see yourself after 5 years?', 'Added', 'a89cdb12-8d52-11ec-a6db-6c626d3a5d34', 'a89cdb12-8d52-11ec-a6db-6c626d3a5d34', '2022-03-05 09:24:24', '2022-03-05 09:24:24'),
('fde4aad1-9c22-11ec-bdeb-6c626d3a5d34', 'What soft skills do you have?', 'Added', 'a89cdb12-8d52-11ec-a6db-6c626d3a5d34', 'a89cdb12-8d52-11ec-a6db-6c626d3a5d34', '2022-03-05 09:24:24', '2022-03-05 09:24:24');

-- --------------------------------------------------------

--
-- Table structure for table `interview_schedules`
--

CREATE TABLE `interview_schedules` (
  `interview_schedule_id` varchar(36) NOT NULL,
  `job_post_id` varchar(36) NOT NULL,
  `scheduled_date` date NOT NULL,
  `start_session` time NOT NULL,
  `end_session` time NOT NULL,
  `set_by` varchar(36) DEFAULT NULL,
  `created_at` datetime NOT NULL,
  `updated_at` datetime DEFAULT NULL
) ENGINE=InnoDB DEFAULT CHARSET=utf8mb4;

--
-- Dumping data for table `interview_schedules`
--

INSERT INTO `interview_schedules` (`interview_schedule_id`, `job_post_id`, `scheduled_date`, `start_session`, `end_session`, `set_by`, `created_at`, `updated_at`) VALUES
('00867a4c-9b6b-11ec-b2d1-6c626d3a5d34', '1e5d7fa2-914c-11ec-aea7-6c626d3a5d34', '2022-03-05', '10:30:00', '22:30:00', 'a89cdb12-8d52-11ec-a6db-6c626d3a5d34', '2022-03-04 11:27:21', '2022-03-04 11:27:21'),
('00c14db7-949b-11ec-a5cb-6c626d3a5d34', '9d01b6c0-8d8e-11ec-a6db-6c626d3a5d34', '2022-02-24', '10:30:00', '14:30:00', 'a89cdb12-8d52-11ec-a6db-6c626d3a5d34', '2022-02-23 19:23:19', '2022-02-23 19:23:19'),
('1ff9610d-9159-11ec-aea7-6c626d3a5d34', 'c5843f55-8d8e-11ec-a6db-6c626d3a5d34', '2022-02-20', '11:00:00', '13:00:00', 'a89cdb12-8d52-11ec-a6db-6c626d3a5d34', '2022-02-19 15:54:11', '2022-02-19 15:54:11'),
('22a9e37f-9c20-11ec-bdeb-6c626d3a5d34', '3978d129-8d8e-11ec-a6db-6c626d3a5d34', '2022-03-05', '17:30:00', '20:00:00', 'a89cdb12-8d52-11ec-a6db-6c626d3a5d34', '2022-03-05 09:03:57', '2022-03-05 09:03:57'),
('3e4fc84c-948a-11ec-a5cb-6c626d3a5d34', 'c5843f55-8d8e-11ec-a6db-6c626d3a5d34', '2022-02-24', '11:00:00', '13:30:00', 'a89cdb12-8d52-11ec-a6db-6c626d3a5d34', '2022-02-23 17:23:21', '2022-02-23 17:23:21'),
('48bd11cf-96cc-11ec-bf1d-6c626d3a5d34', 'af3bed09-8d8e-11ec-a6db-6c626d3a5d34', '2022-03-01', '10:30:00', '13:30:00', 'a89cdb12-8d52-11ec-a6db-6c626d3a5d34', '2022-02-26 14:21:07', '2022-02-26 14:21:07'),
('59444a33-9bb9-11ec-9bb5-6c626d3a5d34', 'f6c129ed-8d8e-11ec-a6db-6c626d3a5d34', '2022-05-31', '22:47:00', '22:54:00', 'a89cdb12-8d52-11ec-a6db-6c626d3a5d34', '2022-03-04 20:48:09', '2022-03-04 20:48:09'),
('bd3c42ed-8e30-11ec-ab27-6c626d3a5d34', '01ed5350-8d8f-11ec-a6db-6c626d3a5d34', '2022-02-28', '15:30:00', '16:30:00', 'a89cdb12-8d52-11ec-a6db-6c626d3a5d34', '2022-02-15 15:27:32', '2022-02-15 15:27:32'),
('ceba8dc3-9c5c-11ec-bdeb-6c626d3a5d34', '582a4bca-9c5b-11ec-bdeb-6c626d3a5d34', '2022-03-10', '10:30:00', '14:00:00', 'a89cdb12-8d52-11ec-a6db-6c626d3a5d34', '2022-03-05 16:18:14', '2022-03-05 16:18:14');

-- --------------------------------------------------------

--
-- Table structure for table `interview_scores`
--

CREATE TABLE `interview_scores` (
  `interview_score_id` varchar(36) NOT NULL,
  `interviewee_id` varchar(36) NOT NULL,
  `interview_question_id` varchar(36) DEFAULT NULL,
  `score` float DEFAULT NULL,
  `scored_by` varchar(36) DEFAULT NULL,
  `created_at` datetime NOT NULL,
  `updated_at` datetime DEFAULT NULL
) ENGINE=InnoDB DEFAULT CHARSET=utf8mb4;

--
-- Dumping data for table `interview_scores`
--

INSERT INTO `interview_scores` (`interview_score_id`, `interviewee_id`, `interview_question_id`, `score`, `scored_by`, `created_at`, `updated_at`) VALUES
('270f3a38-9c5d-11ec-bdeb-6c626d3a5d34', 'cedf032b-9c5c-11ec-bdeb-6c626d3a5d34', '82ac0b04-8e2f-11ec-ab27-6c626d3a5d34', 95, 'a89cdb12-8d52-11ec-a6db-6c626d3a5d34', '2022-03-05 16:20:43', '2022-03-05 16:20:43'),
('27103c6d-9c5d-11ec-bdeb-6c626d3a5d34', 'cedf032b-9c5c-11ec-bdeb-6c626d3a5d34', 'b49e3260-8e2f-11ec-ab27-6c626d3a5d34', 92, 'a89cdb12-8d52-11ec-a6db-6c626d3a5d34', '2022-03-05 16:20:43', '2022-03-05 16:20:43'),
('2710737d-9c5d-11ec-bdeb-6c626d3a5d34', 'cedf032b-9c5c-11ec-bdeb-6c626d3a5d34', 'ac894026-8e2f-11ec-ab27-6c626d3a5d34', 91, 'a89cdb12-8d52-11ec-a6db-6c626d3a5d34', '2022-03-05 16:20:43', '2022-03-05 16:20:43'),
('274ca401-9c5d-11ec-bdeb-6c626d3a5d34', 'cedf032b-9c5c-11ec-bdeb-6c626d3a5d34', '27111d38-9c5d-11ec-bdeb-6c626d3a5d34', 95, 'a89cdb12-8d52-11ec-a6db-6c626d3a5d34', '2022-03-05 16:20:43', '2022-03-05 16:20:43'),
('274cdbe0-9c5d-11ec-bdeb-6c626d3a5d34', 'cedf032b-9c5c-11ec-bdeb-6c626d3a5d34', '2710f942-9c5d-11ec-bdeb-6c626d3a5d34', 89, 'a89cdb12-8d52-11ec-a6db-6c626d3a5d34', '2022-03-05 16:20:43', '2022-03-05 16:20:43'),
('274d360d-9c5d-11ec-bdeb-6c626d3a5d34', 'cedf032b-9c5c-11ec-bdeb-6c626d3a5d34', '2711454e-9c5d-11ec-bdeb-6c626d3a5d34', 97, 'a89cdb12-8d52-11ec-a6db-6c626d3a5d34', '2022-03-05 16:20:43', '2022-03-05 16:20:43'),
('39c1be13-949b-11ec-a5cb-6c626d3a5d34', '00d7bd3c-949b-11ec-a5cb-6c626d3a5d34', '82ac0b04-8e2f-11ec-ab27-6c626d3a5d34', 92, 'a89cdb12-8d52-11ec-a6db-6c626d3a5d34', '2022-02-23 19:24:55', '2022-02-23 19:24:55'),
('39c206ce-949b-11ec-a5cb-6c626d3a5d34', '00d7bd3c-949b-11ec-a5cb-6c626d3a5d34', 'b49e3260-8e2f-11ec-ab27-6c626d3a5d34', 94, 'a89cdb12-8d52-11ec-a6db-6c626d3a5d34', '2022-02-23 19:24:55', '2022-02-23 19:24:55'),
('39c29a2b-949b-11ec-a5cb-6c626d3a5d34', '00d7bd3c-949b-11ec-a5cb-6c626d3a5d34', 'ac894026-8e2f-11ec-ab27-6c626d3a5d34', 91, 'a89cdb12-8d52-11ec-a6db-6c626d3a5d34', '2022-02-23 19:24:55', '2022-02-23 19:24:55'),
('3c23b297-9c5d-11ec-bdeb-6c626d3a5d34', 'ceebad82-9c5c-11ec-bdeb-6c626d3a5d34', '82ac0b04-8e2f-11ec-ab27-6c626d3a5d34', 98, 'a89cdb12-8d52-11ec-a6db-6c626d3a5d34', '2022-03-05 16:21:18', '2022-03-05 16:21:18'),
('3c24f941-9c5d-11ec-bdeb-6c626d3a5d34', 'ceebad82-9c5c-11ec-bdeb-6c626d3a5d34', 'ac894026-8e2f-11ec-ab27-6c626d3a5d34', 97, 'a89cdb12-8d52-11ec-a6db-6c626d3a5d34', '2022-03-05 16:21:18', '2022-03-05 16:21:18'),
('3c255282-9c5d-11ec-bdeb-6c626d3a5d34', 'ceebad82-9c5c-11ec-bdeb-6c626d3a5d34', 'b49e3260-8e2f-11ec-ab27-6c626d3a5d34', 95, 'a89cdb12-8d52-11ec-a6db-6c626d3a5d34', '2022-03-05 16:21:18', '2022-03-05 16:21:18'),
('3c4b337f-9c5d-11ec-bdeb-6c626d3a5d34', 'ceebad82-9c5c-11ec-bdeb-6c626d3a5d34', '3c24c075-9c5d-11ec-bdeb-6c626d3a5d34', 97, 'a89cdb12-8d52-11ec-a6db-6c626d3a5d34', '2022-03-05 16:21:18', '2022-03-05 16:21:18'),
('3c4bb24f-9c5d-11ec-bdeb-6c626d3a5d34', 'ceebad82-9c5c-11ec-bdeb-6c626d3a5d34', '3c251fc0-9c5d-11ec-bdeb-6c626d3a5d34', 96, 'a89cdb12-8d52-11ec-a6db-6c626d3a5d34', '2022-03-05 16:21:18', '2022-03-05 16:21:18'),
('40568ce6-8e36-11ec-ab27-6c626d3a5d34', 'bd4b7a1a-8e30-11ec-ab27-6c626d3a5d34', '82ac0b04-8e2f-11ec-ab27-6c626d3a5d34', 95, 'a89cdb12-8d52-11ec-a6db-6c626d3a5d34', '2022-02-15 16:07:00', '2022-02-15 16:07:00'),
('405721fe-8e36-11ec-ab27-6c626d3a5d34', 'bd4b7a1a-8e30-11ec-ab27-6c626d3a5d34', 'b49e3260-8e2f-11ec-ab27-6c626d3a5d34', 100, 'a89cdb12-8d52-11ec-a6db-6c626d3a5d34', '2022-02-15 16:07:00', '2022-02-15 16:07:00'),
('40582065-8e36-11ec-ab27-6c626d3a5d34', 'bd4b7a1a-8e30-11ec-ab27-6c626d3a5d34', 'ac894026-8e2f-11ec-ab27-6c626d3a5d34', 100, 'a89cdb12-8d52-11ec-a6db-6c626d3a5d34', '2022-02-15 16:07:00', '2022-02-15 16:07:00'),
('406ff8ab-8e36-11ec-ab27-6c626d3a5d34', 'bd4b7a1a-8e30-11ec-ab27-6c626d3a5d34', '4058113e-8e36-11ec-ab27-6c626d3a5d34', 99, 'a89cdb12-8d52-11ec-a6db-6c626d3a5d34', '2022-02-15 16:07:00', '2022-02-15 16:07:00'),
('41342715-915c-11ec-aea7-6c626d3a5d34', '2036436e-9159-11ec-aea7-6c626d3a5d34', '82ac0b04-8e2f-11ec-ab27-6c626d3a5d34', 98, 'a89cdb12-8d52-11ec-a6db-6c626d3a5d34', '2022-02-19 16:16:35', '2022-02-19 16:16:35'),
('41359fd8-915c-11ec-aea7-6c626d3a5d34', '2036436e-9159-11ec-aea7-6c626d3a5d34', 'b49e3260-8e2f-11ec-ab27-6c626d3a5d34', 96, 'a89cdb12-8d52-11ec-a6db-6c626d3a5d34', '2022-02-19 16:16:35', '2022-02-19 16:16:35'),
('413f0ea3-915c-11ec-aea7-6c626d3a5d34', '2036436e-9159-11ec-aea7-6c626d3a5d34', 'ac894026-8e2f-11ec-ab27-6c626d3a5d34', 95, 'a89cdb12-8d52-11ec-a6db-6c626d3a5d34', '2022-02-19 16:16:35', '2022-02-19 16:16:35'),
('431f06e1-949b-11ec-a5cb-6c626d3a5d34', '00ef81f6-949b-11ec-a5cb-6c626d3a5d34', '82ac0b04-8e2f-11ec-ab27-6c626d3a5d34', 99, 'a89cdb12-8d52-11ec-a6db-6c626d3a5d34', '2022-02-23 19:25:10', '2022-02-23 19:25:10'),
('431f9dc4-949b-11ec-a5cb-6c626d3a5d34', '00ef81f6-949b-11ec-a5cb-6c626d3a5d34', 'b49e3260-8e2f-11ec-ab27-6c626d3a5d34', 89, 'a89cdb12-8d52-11ec-a6db-6c626d3a5d34', '2022-02-23 19:25:10', '2022-02-23 19:25:10'),
('431ff6aa-949b-11ec-a5cb-6c626d3a5d34', '00ef81f6-949b-11ec-a5cb-6c626d3a5d34', 'ac894026-8e2f-11ec-ab27-6c626d3a5d34', 96, 'a89cdb12-8d52-11ec-a6db-6c626d3a5d34', '2022-02-23 19:25:10', '2022-02-23 19:25:10'),
('5de6e4e1-948a-11ec-a5cb-6c626d3a5d34', '3e5830aa-948a-11ec-a5cb-6c626d3a5d34', '82ac0b04-8e2f-11ec-ab27-6c626d3a5d34', 97, 'a89cdb12-8d52-11ec-a6db-6c626d3a5d34', '2022-02-23 17:24:14', '2022-02-23 17:24:14'),
('5de85636-948a-11ec-a5cb-6c626d3a5d34', '3e5830aa-948a-11ec-a5cb-6c626d3a5d34', 'ac894026-8e2f-11ec-ab27-6c626d3a5d34', 98, 'a89cdb12-8d52-11ec-a6db-6c626d3a5d34', '2022-02-23 17:24:14', '2022-02-23 17:24:14'),
('5de87457-948a-11ec-a5cb-6c626d3a5d34', '3e5830aa-948a-11ec-a5cb-6c626d3a5d34', 'b49e3260-8e2f-11ec-ab27-6c626d3a5d34', 96, 'a89cdb12-8d52-11ec-a6db-6c626d3a5d34', '2022-02-23 17:24:14', '2022-02-23 17:24:14'),
('686fac51-96cc-11ec-bf1d-6c626d3a5d34', '48c6a7f8-96cc-11ec-bf1d-6c626d3a5d34', '82ac0b04-8e2f-11ec-ab27-6c626d3a5d34', 94, 'a89cdb12-8d52-11ec-a6db-6c626d3a5d34', '2022-02-26 14:22:01', '2022-02-26 14:22:01'),
('68703e16-96cc-11ec-bf1d-6c626d3a5d34', '48c6a7f8-96cc-11ec-bf1d-6c626d3a5d34', 'ac894026-8e2f-11ec-ab27-6c626d3a5d34', 95, 'a89cdb12-8d52-11ec-a6db-6c626d3a5d34', '2022-02-26 14:22:01', '2022-02-26 14:22:01'),
('6870a37a-96cc-11ec-bf1d-6c626d3a5d34', '48c6a7f8-96cc-11ec-bf1d-6c626d3a5d34', 'b49e3260-8e2f-11ec-ab27-6c626d3a5d34', 96, 'a89cdb12-8d52-11ec-a6db-6c626d3a5d34', '2022-02-26 14:22:01', '2022-02-26 14:22:01'),
('837d876a-9b7e-11ec-b2d1-6c626d3a5d34', '20117533-9159-11ec-aea7-6c626d3a5d34', '82ac0b04-8e2f-11ec-ab27-6c626d3a5d34', 89, 'a89cdb12-8d52-11ec-a6db-6c626d3a5d34', '2022-03-04 13:47:01', '2022-03-04 13:47:01'),
('837e7c6a-9b7e-11ec-b2d1-6c626d3a5d34', '20117533-9159-11ec-aea7-6c626d3a5d34', 'ac894026-8e2f-11ec-ab27-6c626d3a5d34', 87, 'a89cdb12-8d52-11ec-a6db-6c626d3a5d34', '2022-03-04 13:47:01', '2022-03-04 13:47:01'),
('837ebc17-9b7e-11ec-b2d1-6c626d3a5d34', '20117533-9159-11ec-aea7-6c626d3a5d34', 'b49e3260-8e2f-11ec-ab27-6c626d3a5d34', 92, 'a89cdb12-8d52-11ec-a6db-6c626d3a5d34', '2022-03-04 13:47:01', '2022-03-04 13:47:01'),
('83bbdca0-9b7e-11ec-b2d1-6c626d3a5d34', '20117533-9159-11ec-aea7-6c626d3a5d34', '837e49bc-9b7e-11ec-b2d1-6c626d3a5d34', 87, 'a89cdb12-8d52-11ec-a6db-6c626d3a5d34', '2022-03-04 13:47:01', '2022-03-04 13:47:01'),
('b413e034-96a3-11ec-bf1d-6c626d3a5d34', '3e5eb3dd-948a-11ec-a5cb-6c626d3a5d34', 'b49e3260-8e2f-11ec-ab27-6c626d3a5d34', 87, 'a89cdb12-8d52-11ec-a6db-6c626d3a5d34', '2022-02-26 09:30:38', '2022-02-26 09:30:38'),
('b413e03a-96a3-11ec-bf1d-6c626d3a5d34', '3e5eb3dd-948a-11ec-a5cb-6c626d3a5d34', '82ac0b04-8e2f-11ec-ab27-6c626d3a5d34', 99, 'a89cdb12-8d52-11ec-a6db-6c626d3a5d34', '2022-02-26 09:30:38', '2022-02-26 09:30:38'),
('b413e042-96a3-11ec-bf1d-6c626d3a5d34', '3e5eb3dd-948a-11ec-a5cb-6c626d3a5d34', 'ac894026-8e2f-11ec-ab27-6c626d3a5d34', 95, 'a89cdb12-8d52-11ec-a6db-6c626d3a5d34', '2022-02-26 09:30:38', '2022-02-26 09:30:38'),
('c9460d9f-9bb9-11ec-9bb5-6c626d3a5d34', '59533cdd-9bb9-11ec-9bb5-6c626d3a5d34', '82ac0b04-8e2f-11ec-ab27-6c626d3a5d34', 98, 'a89cdb12-8d52-11ec-a6db-6c626d3a5d34', '2022-03-04 20:51:17', '2022-03-04 20:51:17'),
('c9474ffa-9bb9-11ec-9bb5-6c626d3a5d34', '59533cdd-9bb9-11ec-9bb5-6c626d3a5d34', 'b49e3260-8e2f-11ec-ab27-6c626d3a5d34', 97, 'a89cdb12-8d52-11ec-a6db-6c626d3a5d34', '2022-03-04 20:51:17', '2022-03-04 20:51:17'),
('c94798f0-9bb9-11ec-9bb5-6c626d3a5d34', '59533cdd-9bb9-11ec-9bb5-6c626d3a5d34', 'ac894026-8e2f-11ec-ab27-6c626d3a5d34', 94, 'a89cdb12-8d52-11ec-a6db-6c626d3a5d34', '2022-03-04 20:51:17', '2022-03-04 20:51:17'),
('c987142c-9bb9-11ec-9bb5-6c626d3a5d34', '59533cdd-9bb9-11ec-9bb5-6c626d3a5d34', 'c946e9ac-9bb9-11ec-9bb5-6c626d3a5d34', 82, 'a89cdb12-8d52-11ec-a6db-6c626d3a5d34', '2022-03-04 20:51:17', '2022-03-04 20:51:17'),
('e3c31246-9ab5-11ec-89c4-6c626d3a5d34', '48ecc5d8-96cc-11ec-bf1d-6c626d3a5d34', '82ac0b04-8e2f-11ec-ab27-6c626d3a5d34', 95, 'a89cdb12-8d52-11ec-a6db-6c626d3a5d34', '2022-03-03 13:50:54', '2022-03-03 13:50:54'),
('e3c42777-9ab5-11ec-89c4-6c626d3a5d34', '48ecc5d8-96cc-11ec-bf1d-6c626d3a5d34', 'b49e3260-8e2f-11ec-ab27-6c626d3a5d34', 98, 'a89cdb12-8d52-11ec-a6db-6c626d3a5d34', '2022-03-03 13:50:54', '2022-03-03 13:50:54'),
('e3c47458-9ab5-11ec-89c4-6c626d3a5d34', '48ecc5d8-96cc-11ec-bf1d-6c626d3a5d34', 'ac894026-8e2f-11ec-ab27-6c626d3a5d34', 94, 'a89cdb12-8d52-11ec-a6db-6c626d3a5d34', '2022-03-03 13:50:54', '2022-03-03 13:50:54'),
('e462084e-9ab5-11ec-89c4-6c626d3a5d34', '48ecc5d8-96cc-11ec-bf1d-6c626d3a5d34', 'e3c3f534-9ab5-11ec-89c4-6c626d3a5d34', 91, 'a89cdb12-8d52-11ec-a6db-6c626d3a5d34', '2022-03-03 13:50:55', '2022-03-03 13:50:55'),
('ebd1b1a0-9c62-11ec-bdeb-6c626d3a5d34', '22ee1fab-9c20-11ec-bdeb-6c626d3a5d34', '82ac0b04-8e2f-11ec-ab27-6c626d3a5d34', 98, 'a89cdb12-8d52-11ec-a6db-6c626d3a5d34', '2022-03-05 17:02:00', '2022-03-05 17:02:00'),
('ebd26a8e-9c62-11ec-bdeb-6c626d3a5d34', '22ee1fab-9c20-11ec-bdeb-6c626d3a5d34', 'ac894026-8e2f-11ec-ab27-6c626d3a5d34', 98, 'a89cdb12-8d52-11ec-a6db-6c626d3a5d34', '2022-03-05 17:02:00', '2022-03-05 17:02:00'),
('ebd292d3-9c62-11ec-bdeb-6c626d3a5d34', '22ee1fab-9c20-11ec-bdeb-6c626d3a5d34', 'b49e3260-8e2f-11ec-ab27-6c626d3a5d34', 89, 'a89cdb12-8d52-11ec-a6db-6c626d3a5d34', '2022-03-05 17:02:00', '2022-03-05 17:02:00'),
('fde53fcd-9c22-11ec-bdeb-6c626d3a5d34', '48f3b61d-96cc-11ec-bf1d-6c626d3a5d34', '82ac0b04-8e2f-11ec-ab27-6c626d3a5d34', 95, 'a89cdb12-8d52-11ec-a6db-6c626d3a5d34', '2022-03-05 09:24:24', '2022-03-05 09:24:24'),
('fde56d89-9c22-11ec-bdeb-6c626d3a5d34', '48f3b61d-96cc-11ec-bf1d-6c626d3a5d34', 'b49e3260-8e2f-11ec-ab27-6c626d3a5d34', 91, 'a89cdb12-8d52-11ec-a6db-6c626d3a5d34', '2022-03-05 09:24:24', '2022-03-05 09:24:24'),
('fde5fb21-9c22-11ec-bdeb-6c626d3a5d34', '48f3b61d-96cc-11ec-bf1d-6c626d3a5d34', 'ac894026-8e2f-11ec-ab27-6c626d3a5d34', 95, 'a89cdb12-8d52-11ec-a6db-6c626d3a5d34', '2022-03-05 09:24:24', '2022-03-05 09:24:24'),
('ff2dd466-9c22-11ec-bdeb-6c626d3a5d34', '48f3b61d-96cc-11ec-bf1d-6c626d3a5d34', 'fde4aad1-9c22-11ec-bdeb-6c626d3a5d34', 94, 'a89cdb12-8d52-11ec-a6db-6c626d3a5d34', '2022-03-05 09:24:26', '2022-03-05 09:24:26'),
('ff2e2b11-9c22-11ec-bdeb-6c626d3a5d34', '48f3b61d-96cc-11ec-bf1d-6c626d3a5d34', 'fde40c08-9c22-11ec-bdeb-6c626d3a5d34', 89, 'a89cdb12-8d52-11ec-a6db-6c626d3a5d34', '2022-03-05 09:24:26', '2022-03-05 09:24:26');

-- --------------------------------------------------------

--
-- Table structure for table `job_categories`
--

CREATE TABLE `job_categories` (
  `job_category_id` varchar(36) NOT NULL,
  `name` varchar(36) NOT NULL,
  `description` text NOT NULL,
  `is_removed` tinyint(1) NOT NULL,
  `created_by` varchar(36) NOT NULL,
  `created_at` datetime NOT NULL,
  `updated_at` datetime DEFAULT NULL
) ENGINE=InnoDB DEFAULT CHARSET=utf8mb4;

--
-- Dumping data for table `job_categories`
--

INSERT INTO `job_categories` (`job_category_id`, `name`, `description`, `is_removed`, `created_by`, `created_at`, `updated_at`) VALUES
('0372462b-9bd6-11ec-9bb5-6c626d3a5d34', 'Finance', 'This job category is all about finance', 0, '62ca1c7d-8d5d-11ec-a6db-6c626d3a5d34', '2022-03-05 00:13:20', '2022-03-05 00:13:20'),
('2d468441-914c-11ec-aea7-6c626d3a5d34', 'Medical Staff', 'This job category is all about recruitment', 0, '62ca1c7d-8d5d-11ec-a6db-6c626d3a5d34', '2022-02-19 14:21:30', '2022-02-19 14:21:30'),
('589b0110-8d8d-11ec-a6db-6c626d3a5d34', 'Recruitment', 'This job category is all about recruitment', 1, '62ca1c7d-8d5d-11ec-a6db-6c626d3a5d34', '2022-02-14 19:57:54', '2022-02-26 20:21:52'),
('820081e6-8d8b-11ec-a6db-6c626d3a5d34', 'Information Technology', 'This job category is all about information technology', 0, '62ca1c7d-8d5d-11ec-a6db-6c626d3a5d34', '2022-02-14 19:44:45', '2022-02-19 11:47:37'),
('8d5efdc4-8d8b-11ec-a6db-6c626d3a5d34', 'Medical Nurses', 'This job category is all about medical nurses', 0, '62ca1c7d-8d5d-11ec-a6db-6c626d3a5d34', '2022-02-14 19:45:04', '2022-02-19 11:47:28'),
('cf2aa79e-9bcb-11ec-9bb5-6c626d3a5d34', 'Pathology', 'This job category is all about pathology', 0, '62ca1c7d-8d5d-11ec-a6db-6c626d3a5d34', '2022-03-04 23:00:18', '2022-03-04 23:00:18'),
('f204bcf4-9bd5-11ec-9bb5-6c626d3a5d34', 'Logistics', 'This job category is all about logistics', 0, '62ca1c7d-8d5d-11ec-a6db-6c626d3a5d34', '2022-03-05 00:12:51', '2022-03-05 00:12:51');

-- --------------------------------------------------------

--
-- Table structure for table `job_posts`
--

CREATE TABLE `job_posts` (
  `job_post_id` varchar(36) NOT NULL,
  `manpower_request_id` varchar(36) NOT NULL,
  `is_salary_visible` tinyint(1) NOT NULL,
  `content` text NOT NULL,
  `expiration_date` datetime DEFAULT NULL,
  `job_category_id` varchar(36) NOT NULL,
  `posted_by` varchar(36) NOT NULL,
  `views` int(11) NOT NULL,
  `created_at` datetime NOT NULL,
  `updated_at` datetime DEFAULT NULL
) ENGINE=InnoDB DEFAULT CHARSET=utf8mb4;

--
-- Dumping data for table `job_posts`
--

INSERT INTO `job_posts` (`job_post_id`, `manpower_request_id`, `is_salary_visible`, `content`, `expiration_date`, `job_category_id`, `posted_by`, `views`, `created_at`, `updated_at`) VALUES
('01ed5350-8d8f-11ec-a6db-6c626d3a5d34', 'd04b9bbd-8d48-11ec-a6db-6c626d3a5d34', 1, '<p style=\"box-sizing: inherit; margin: var(--artdeco-reset-base-margin-zero); padding: var(--artdeco-reset-base-padding-zero); border: var(--artdeco-reset-base-border-zero); vertical-align: var(--artdeco-reset-base-vertical-align-baseline); --artdeco-reset-typography_getFontSize:1.6rem; --artdeco-reset-typography_getLineHeight:1.5; line-height: var(--artdeco-reset-typography_getLineHeight);\"><span style=\"background-image: ; background-position-x: ; background-position-y: ; background-size: ; background-repeat-x: ; background-repeat-y: ; background-attachment: ; background-origin: ; background-clip: ; box-sizing: inherit; margin: var(--artdeco-reset-base-margin-zero); padding: var(--artdeco-reset-base-padding-zero); border: var(--artdeco-reset-base-border-zero); vertical-align: var(--artdeco-reset-base-vertical-align-baseline); outline: var(--artdeco-reset-base-outline-zero);\">Basic Functions:</span></p><p style=\"box-sizing: inherit; margin: var(--artdeco-reset-base-margin-zero); padding: var(--artdeco-reset-base-padding-zero); border: var(--artdeco-reset-base-border-zero); vertical-align: var(--artdeco-reset-base-vertical-align-baseline); --artdeco-reset-typography_getFontSize:1.6rem; --artdeco-reset-typography_getLineHeight:1.5; line-height: var(--artdeco-reset-typography_getLineHeight);\"> Agents will watch videos of patients with dementia and Alzheimer using the clients platform and tag or validate if the patient indeed fall or not.</p><p style=\"box-sizing: inherit; margin: var(--artdeco-reset-base-margin-zero); padding: var(--artdeco-reset-base-padding-zero); border: var(--artdeco-reset-base-border-zero); vertical-align: var(--artdeco-reset-base-vertical-align-baseline); --artdeco-reset-typography_getFontSize:1.6rem; --artdeco-reset-typography_getLineHeight:1.5; line-height: var(--artdeco-reset-typography_getLineHeight);\"> Annotate a video to determine the objects for AI.</p><p style=\"box-sizing: inherit; margin: var(--artdeco-reset-base-margin-zero); padding: var(--artdeco-reset-base-padding-zero); border: var(--artdeco-reset-base-border-zero); vertical-align: var(--artdeco-reset-base-vertical-align-baseline); --artdeco-reset-typography_getFontSize:1.6rem; --artdeco-reset-typography_getLineHeight:1.5; line-height: var(--artdeco-reset-typography_getLineHeight);\"> Agent is expected to watch as many videos as possible. Video is around 1 minute.</p><p style=\"box-sizing: inherit; margin: var(--artdeco-reset-base-margin-zero); padding: var(--artdeco-reset-base-padding-zero); border: var(--artdeco-reset-base-border-zero); vertical-align: var(--artdeco-reset-base-vertical-align-baseline); --artdeco-reset-typography_getFontSize:1.6rem; --artdeco-reset-typography_getLineHeight:1.5; line-height: var(--artdeco-reset-typography_getLineHeight);\"> Agents will watch videos as well and assess the severity of the fall. The time when it happened and the arrival of the assistance.</p><p style=\"box-sizing: inherit; margin: var(--artdeco-reset-base-margin-zero); padding: var(--artdeco-reset-base-padding-zero); border: var(--artdeco-reset-base-border-zero); vertical-align: var(--artdeco-reset-base-vertical-align-baseline); --artdeco-reset-typography_getFontSize:1.6rem; --artdeco-reset-typography_getLineHeight:1.5; line-height: var(--artdeco-reset-typography_getLineHeight);\"> Agents will also recommend possible injury caused by the fall and write a narrative of the event.</p><p style=\"box-sizing: inherit; margin: var(--artdeco-reset-base-margin-zero); padding: var(--artdeco-reset-base-padding-zero); border: var(--artdeco-reset-base-border-zero); vertical-align: var(--artdeco-reset-base-vertical-align-baseline); --artdeco-reset-typography_getFontSize:1.6rem; --artdeco-reset-typography_getLineHeight:1.5; line-height: var(--artdeco-reset-typography_getLineHeight);\"><br style=\"box-sizing: inherit;\"></p><p style=\"box-sizing: inherit; margin: var(--artdeco-reset-base-margin-zero); padding: var(--artdeco-reset-base-padding-zero); border: var(--artdeco-reset-base-border-zero); vertical-align: var(--artdeco-reset-base-vertical-align-baseline); --artdeco-reset-typography_getFontSize:1.6rem; --artdeco-reset-typography_getLineHeight:1.5; line-height: var(--artdeco-reset-typography_getLineHeight);\"><span style=\"box-sizing: inherit; margin: var(--artdeco-reset-base-margin-zero); padding: var(--artdeco-reset-base-padding-zero); border: var(--artdeco-reset-base-border-zero); vertical-align: var(--artdeco-reset-base-vertical-align-baseline); background-image: ; background-position-x: ; background-position-y: ; background-size: ; background-repeat-x: ; background-repeat-y: ; background-attachment: ; background-origin: ; background-clip: ; outline: var(--artdeco-reset-base-outline-zero);\">Job Qualifications:</span></p><p style=\"box-sizing: inherit; margin: var(--artdeco-reset-base-margin-zero); padding: var(--artdeco-reset-base-padding-zero); border: var(--artdeco-reset-base-border-zero); vertical-align: var(--artdeco-reset-base-vertical-align-baseline); --artdeco-reset-typography_getFontSize:1.6rem; --artdeco-reset-typography_getLineHeight:1.5; line-height: var(--artdeco-reset-typography_getLineHeight);\"> Must be a&nbsp;<span style=\"box-sizing: inherit; margin: var(--artdeco-reset-base-margin-zero); padding: var(--artdeco-reset-base-padding-zero); border: var(--artdeco-reset-base-border-zero); vertical-align: var(--artdeco-reset-base-vertical-align-baseline); background-image: ; background-position-x: ; background-position-y: ; background-size: ; background-repeat-x: ; background-repeat-y: ; background-attachment: ; background-origin: ; background-clip: ; outline: var(--artdeco-reset-base-outline-zero);\">Registered Nurse/ Occupational Therapist / Physical Therapist</span></p><p style=\"box-sizing: inherit; margin: var(--artdeco-reset-base-margin-zero); padding: var(--artdeco-reset-base-padding-zero); border: var(--artdeco-reset-base-border-zero); vertical-align: var(--artdeco-reset-base-vertical-align-baseline); --artdeco-reset-typography_getFontSize:1.6rem; --artdeco-reset-typography_getLineHeight:1.5; line-height: var(--artdeco-reset-typography_getLineHeight);\"> Practical experience on any medical institution is a plus</p><p style=\"box-sizing: inherit; margin: var(--artdeco-reset-base-margin-zero); padding: var(--artdeco-reset-base-padding-zero); border: var(--artdeco-reset-base-border-zero); vertical-align: var(--artdeco-reset-base-vertical-align-baseline); --artdeco-reset-typography_getFontSize:1.6rem; --artdeco-reset-typography_getLineHeight:1.5; line-height: var(--artdeco-reset-typography_getLineHeight);\"> Good communication skills; both written and oral</p><p style=\"box-sizing: inherit; margin: var(--artdeco-reset-base-margin-zero); padding: var(--artdeco-reset-base-padding-zero); border: var(--artdeco-reset-base-border-zero); vertical-align: var(--artdeco-reset-base-vertical-align-baseline); --artdeco-reset-typography_getFontSize:1.6rem; --artdeco-reset-typography_getLineHeight:1.5; line-height: var(--artdeco-reset-typography_getLineHeight);\"> Keen to details</p><p style=\"box-sizing: inherit; margin: var(--artdeco-reset-base-margin-zero); padding: var(--artdeco-reset-base-padding-zero); border: var(--artdeco-reset-base-border-zero); vertical-align: var(--artdeco-reset-base-vertical-align-baseline); --artdeco-reset-typography_getFontSize:1.6rem; --artdeco-reset-typography_getLineHeight:1.5; line-height: var(--artdeco-reset-typography_getLineHeight);\"> Amenable to work on shifting schedule</p><p style=\"box-sizing: inherit; margin: var(--artdeco-reset-base-margin-zero); padding: var(--artdeco-reset-base-padding-zero); border: var(--artdeco-reset-base-border-zero); vertical-align: var(--artdeco-reset-base-vertical-align-baseline); --artdeco-reset-typography_getFontSize:1.6rem; --artdeco-reset-typography_getLineHeight:1.5; line-height: var(--artdeco-reset-typography_getLineHeight);\"> Can work on-site</p><p style=\"box-sizing: inherit; margin: var(--artdeco-reset-base-margin-zero); padding: var(--artdeco-reset-base-padding-zero); border: var(--artdeco-reset-base-border-zero); vertical-align: var(--artdeco-reset-base-vertical-align-baseline); --artdeco-reset-typography_getFontSize:1.6rem; --artdeco-reset-typography_getLineHeight:1.5; line-height: var(--artdeco-reset-typography_getLineHeight);\"> Amenable to start ASAP</p><p style=\"box-sizing: inherit; margin: var(--artdeco-reset-base-margin-zero); padding: var(--artdeco-reset-base-padding-zero); border: var(--artdeco-reset-base-border-zero); vertical-align: var(--artdeco-reset-base-vertical-align-baseline); --artdeco-reset-typography_getFontSize:1.6rem; --artdeco-reset-typography_getLineHeight:1.5; line-height: var(--artdeco-reset-typography_getLineHeight);\"><br style=\"box-sizing: inherit;\"></p><p style=\"box-sizing: inherit; margin: var(--artdeco-reset-base-margin-zero); padding: var(--artdeco-reset-base-padding-zero); border: var(--artdeco-reset-base-border-zero); vertical-align: var(--artdeco-reset-base-vertical-align-baseline); --artdeco-reset-typography_getFontSize:1.6rem; --artdeco-reset-typography_getLineHeight:1.5; line-height: var(--artdeco-reset-typography_getLineHeight);\"><span style=\"box-sizing: inherit; margin: var(--artdeco-reset-base-margin-zero); padding: var(--artdeco-reset-base-padding-zero); border: var(--artdeco-reset-base-border-zero); vertical-align: var(--artdeco-reset-base-vertical-align-baseline); background-image: ; background-position-x: ; background-position-y: ; background-size: ; background-repeat-x: ; background-repeat-y: ; background-attachment: ; background-origin: ; background-clip: ; outline: var(--artdeco-reset-base-outline-zero);\">Perks:</span></p><p style=\"box-sizing: inherit; margin: var(--artdeco-reset-base-margin-zero); padding: var(--artdeco-reset-base-padding-zero); border: var(--artdeco-reset-base-border-zero); vertical-align: var(--artdeco-reset-base-vertical-align-baseline); --artdeco-reset-typography_getFontSize:1.6rem; --artdeco-reset-typography_getLineHeight:1.5; line-height: var(--artdeco-reset-typography_getLineHeight);\"> Competitive Salary</p><p style=\"box-sizing: inherit; margin: var(--artdeco-reset-base-margin-zero); padding: var(--artdeco-reset-base-padding-zero); border: var(--artdeco-reset-base-border-zero); vertical-align: var(--artdeco-reset-base-vertical-align-baseline); --artdeco-reset-typography_getFontSize:1.6rem; --artdeco-reset-typography_getLineHeight:1.5; line-height: var(--artdeco-reset-typography_getLineHeight);\"> Pure non-voice/back office account</p><p style=\"box-sizing: inherit; margin: var(--artdeco-reset-base-margin-zero); padding: var(--artdeco-reset-base-padding-zero); border: var(--artdeco-reset-base-border-zero); vertical-align: var(--artdeco-reset-base-vertical-align-baseline); --artdeco-reset-typography_getFontSize:1.6rem; --artdeco-reset-typography_getLineHeight:1.5; line-height: var(--artdeco-reset-typography_getLineHeight);\"> HMO</p><p style=\"box-sizing: inherit; margin: var(--artdeco-reset-base-margin-zero); padding: var(--artdeco-reset-base-padding-zero); border: var(--artdeco-reset-base-border-zero); vertical-align: var(--artdeco-reset-base-vertical-align-baseline); --artdeco-reset-typography_getFontSize:1.6rem; --artdeco-reset-typography_getLineHeight:1.5; line-height: var(--artdeco-reset-typography_getLineHeight);\"> Annual Performance Appraisal</p><p style=\"box-sizing: inherit; margin: var(--artdeco-reset-base-margin-zero); padding: var(--artdeco-reset-base-padding-zero); border: var(--artdeco-reset-base-border-zero); vertical-align: var(--artdeco-reset-base-vertical-align-baseline); --artdeco-reset-typography_getFontSize:1.6rem; --artdeco-reset-typography_getLineHeight:1.5; line-height: var(--artdeco-reset-typography_getLineHeight);\"> Remote Interview Process</p>', NULL, '2d468441-914c-11ec-aea7-6c626d3a5d34', '62ca1c7d-8d5d-11ec-a6db-6c626d3a5d34', 15, '2022-02-14 20:09:48', '2022-03-05 00:55:13'),
('1b24ed6b-9bcd-11ec-9bb5-6c626d3a5d34', '3ee39f93-9bca-11ec-9bb5-6c626d3a5d34', 0, '<p><span style=\"box-sizing: inherit; margin: var(--artdeco-reset-base-margin-zero); padding: var(--artdeco-reset-base-padding-zero); border: var(--artdeco-reset-base-border-zero); vertical-align: var(--artdeco-reset-base-vertical-align-baseline); outline: var(--artdeco-reset-base-outline-zero);\"><span style=\"box-sizing: inherit;\"><b>Key Responsibilities Of Role Required.</b></span><br style=\"box-sizing: inherit;\"></span></p><ul style=\"box-sizing: inherit; margin-left: 16px; padding-left: 18px; border: var(--artdeco-reset-base-border-zero); vertical-align: var(--artdeco-reset-base-vertical-align-baseline);\"><li style=\"box-sizing: inherit; margin-left: 16px; padding: var(--artdeco-reset-base-padding-zero); border: var(--artdeco-reset-base-border-zero); vertical-align: var(--artdeco-reset-base-vertical-align-baseline); background-image: ; background-position-x: ; background-position-y: ; background-size: ; background-repeat-x: ; background-repeat-y: ; background-attachment: ; background-origin: ; background-clip: ;\">Primarily responsible for supporting the microbiological &amp; physico-chemical testing analysis of raw materials, in-process, finished products and environmental monitoring samples to ensure product quality and food safety.</li><li style=\"box-sizing: inherit; margin-left: 16px; padding: var(--artdeco-reset-base-padding-zero); border: var(--artdeco-reset-base-border-zero); vertical-align: var(--artdeco-reset-base-vertical-align-baseline); background-image: ; background-position-x: ; background-position-y: ; background-size: ; background-repeat-x: ; background-repeat-y: ; background-attachment: ; background-origin: ; background-clip: ;\">Timely preparation of media for the microbiological testing</li><li style=\"box-sizing: inherit; margin-left: 16px; padding: var(--artdeco-reset-base-padding-zero); border: var(--artdeco-reset-base-border-zero); vertical-align: var(--artdeco-reset-base-vertical-align-baseline); background-image: ; background-position-x: ; background-position-y: ; background-size: ; background-repeat-x: ; background-repeat-y: ; background-attachment: ; background-origin: ; background-clip: ;\">Assists the Microbiologist in the microbial analysis</li><li style=\"box-sizing: inherit; margin-left: 16px; padding: var(--artdeco-reset-base-padding-zero); border: var(--artdeco-reset-base-border-zero); vertical-align: var(--artdeco-reset-base-vertical-align-baseline); background-image: ; background-position-x: ; background-position-y: ; background-size: ; background-repeat-x: ; background-repeat-y: ; background-attachment: ; background-origin: ; background-clip: ;\">Conducts equipment inspection and swabbing for line release</li><li style=\"box-sizing: inherit; margin-left: 16px; padding: var(--artdeco-reset-base-padding-zero); border: var(--artdeco-reset-base-border-zero); vertical-align: var(--artdeco-reset-base-vertical-align-baseline); background-image: ; background-position-x: ; background-position-y: ; background-size: ; background-repeat-x: ; background-repeat-y: ; background-attachment: ; background-origin: ; background-clip: ;\">Conducts Environmental Swabbing which covers routine &amp; periodic as per defined in the program</li><li style=\"box-sizing: inherit; margin-left: 16px; padding: var(--artdeco-reset-base-padding-zero); border: var(--artdeco-reset-base-border-zero); vertical-align: var(--artdeco-reset-base-vertical-align-baseline); background-image: ; background-position-x: ; background-position-y: ; background-size: ; background-repeat-x: ; background-repeat-y: ; background-attachment: ; background-origin: ; background-clip: ;\">Collects water samples for microbial analysis</li><li style=\"box-sizing: inherit; margin-left: 16px; padding: var(--artdeco-reset-base-padding-zero); border: var(--artdeco-reset-base-border-zero); vertical-align: var(--artdeco-reset-base-vertical-align-baseline); background-image: ; background-position-x: ; background-position-y: ; background-size: ; background-repeat-x: ; background-repeat-y: ; background-attachment: ; background-origin: ; background-clip: ;\">Timely update on the files for the results and completion of reports</li><li style=\"box-sizing: inherit; margin-left: 16px; padding: var(--artdeco-reset-base-padding-zero); border: var(--artdeco-reset-base-border-zero); vertical-align: var(--artdeco-reset-base-vertical-align-baseline); background-image: ; background-position-x: ; background-position-y: ; background-size: ; background-repeat-x: ; background-repeat-y: ; background-attachment: ; background-origin: ; background-clip: ;\">Preparation of samples for microbial test both internal and external</li><li style=\"box-sizing: inherit; margin-left: 16px; padding: var(--artdeco-reset-base-padding-zero); border: var(--artdeco-reset-base-border-zero); vertical-align: var(--artdeco-reset-base-vertical-align-baseline); background-image: ; background-position-x: ; background-position-y: ; background-size: ; background-repeat-x: ; background-repeat-y: ; background-attachment: ; background-origin: ; background-clip: ;\">Performs physico-chemical analysis for raw materials, in-process and finished products.</li><li style=\"box-sizing: inherit; margin-left: 16px; padding: var(--artdeco-reset-base-padding-zero); border: var(--artdeco-reset-base-border-zero); vertical-align: var(--artdeco-reset-base-vertical-align-baseline); background-image: ; background-position-x: ; background-position-y: ; background-size: ; background-repeat-x: ; background-repeat-y: ; background-attachment: ; background-origin: ; background-clip: ;\">Ensures practice of proper laboratory safety and housekeeping procedures and implementation of laboratory rules and regulations</li><li style=\"box-sizing: inherit; margin-left: 16px; padding: var(--artdeco-reset-base-padding-zero); border: var(--artdeco-reset-base-border-zero); vertical-align: var(--artdeco-reset-base-vertical-align-baseline); background-image: ; background-position-x: ; background-position-y: ; background-size: ; background-repeat-x: ; background-repeat-y: ; background-attachment: ; background-origin: ; background-clip: ;\">Has the responsibility to ensure that work is in accordance with company food safety and quality policy and supports Food safety &amp; HSE programs of the plant.<br style=\"box-sizing: inherit;\"></li></ul><p><span style=\"box-sizing: inherit; margin: var(--artdeco-reset-base-margin-zero); padding: var(--artdeco-reset-base-padding-zero); border: var(--artdeco-reset-base-border-zero); vertical-align: var(--artdeco-reset-base-vertical-align-baseline); outline: var(--artdeco-reset-base-outline-zero);\"><span style=\"box-sizing: inherit;\"><b>Qualifications And Skills</b></span><br style=\"box-sizing: inherit;\"></span></p><ul style=\"box-sizing: inherit; margin-left: 16px; padding-left: 18px; border: var(--artdeco-reset-base-border-zero); vertical-align: var(--artdeco-reset-base-vertical-align-baseline);\"><li style=\"background-image: ; background-position-x: ; background-position-y: ; background-size: ; background-repeat-x: ; background-repeat-y: ; background-attachment: ; background-origin: ; background-clip: ; box-sizing: inherit; margin-left: 16px; padding: var(--artdeco-reset-base-padding-zero); border: var(--artdeco-reset-base-border-zero); vertical-align: var(--artdeco-reset-base-vertical-align-baseline);\">BS Food Technology, BS Chemistry, BS Chemical Technician,</li><li style=\"background-image: ; background-position-x: ; background-position-y: ; background-size: ; background-repeat-x: ; background-repeat-y: ; background-attachment: ; background-origin: ; background-clip: ; box-sizing: inherit; margin-left: 16px; padding: var(--artdeco-reset-base-padding-zero); border: var(--artdeco-reset-base-border-zero); vertical-align: var(--artdeco-reset-base-vertical-align-baseline);\">At least one (1) year laboratory experience (preferably with microbial background)</li><li style=\"background-image: ; background-position-x: ; background-position-y: ; background-size: ; background-repeat-x: ; background-repeat-y: ; background-attachment: ; background-origin: ; background-clip: ; box-sizing: inherit; margin-left: 16px; padding: var(--artdeco-reset-base-padding-zero); border: var(--artdeco-reset-base-border-zero); vertical-align: var(--artdeco-reset-base-vertical-align-baseline);\">Computer literate</li><li style=\"background-image: ; background-position-x: ; background-position-y: ; background-size: ; background-repeat-x: ; background-repeat-y: ; background-attachment: ; background-origin: ; background-clip: ; box-sizing: inherit; margin-left: 16px; padding: var(--artdeco-reset-base-padding-zero); border: var(--artdeco-reset-base-border-zero); vertical-align: var(--artdeco-reset-base-vertical-align-baseline);\">Good communication skills</li><li style=\"background-image: ; background-position-x: ; background-position-y: ; background-size: ; background-repeat-x: ; background-repeat-y: ; background-attachment: ; background-origin: ; background-clip: ; box-sizing: inherit; margin-left: 16px; padding: var(--artdeco-reset-base-padding-zero); border: var(--artdeco-reset-base-border-zero); vertical-align: var(--artdeco-reset-base-vertical-align-baseline);\">Knowledge on Microbial testing</li><li style=\"background-image: ; background-position-x: ; background-position-y: ; background-size: ; background-repeat-x: ; background-repeat-y: ; background-attachment: ; background-origin: ; background-clip: ; box-sizing: inherit; margin-left: 16px; padding: var(--artdeco-reset-base-padding-zero); border: var(--artdeco-reset-base-border-zero); vertical-align: var(--artdeco-reset-base-vertical-align-baseline);\">Analytical thinking skills</li><li style=\"background-image: ; background-position-x: ; background-position-y: ; background-size: ; background-repeat-x: ; background-repeat-y: ; background-attachment: ; background-origin: ; background-clip: ; box-sizing: inherit; margin-left: 16px; padding: var(--artdeco-reset-base-padding-zero); border: var(--artdeco-reset-base-border-zero); vertical-align: var(--artdeco-reset-base-vertical-align-baseline);\">Physico-chemical testing skills</li><li style=\"background-image: ; background-position-x: ; background-position-y: ; background-size: ; background-repeat-x: ; background-repeat-y: ; background-attachment: ; background-origin: ; background-clip: ; box-sizing: inherit; margin-left: 16px; padding: var(--artdeco-reset-base-padding-zero); border: var(--artdeco-reset-base-border-zero); vertical-align: var(--artdeco-reset-base-vertical-align-baseline);\">Problem solving skill</li><li style=\"background-image: ; background-position-x: ; background-position-y: ; background-size: ; background-repeat-x: ; background-repeat-y: ; background-attachment: ; background-origin: ; background-clip: ; box-sizing: inherit; margin-left: 16px; padding: var(--artdeco-reset-base-padding-zero); border: var(--artdeco-reset-base-border-zero); vertical-align: var(--artdeco-reset-base-vertical-align-baseline);\">Interpersonal skill</li></ul>', NULL, 'cf2aa79e-9bcb-11ec-9bb5-6c626d3a5d34', '62ca1c7d-8d5d-11ec-a6db-6c626d3a5d34', 1, '2022-03-04 23:09:34', '2022-03-05 00:35:28'),
('1e5d7fa2-914c-11ec-aea7-6c626d3a5d34', 'd03f1dd7-912b-11ec-aea7-6c626d3a5d34', 0, '<p><span style=\"font-size: 1rem;\">Primary Responsibilities:</span><br></p><p style=\"box-sizing: inherit; margin: var(--artdeco-reset-base-margin-zero); padding: var(--artdeco-reset-base-padding-zero); border: var(--artdeco-reset-base-border-zero); vertical-align: var(--artdeco-reset-base-vertical-align-baseline); --artdeco-reset-typography_getFontSize:1.6rem; --artdeco-reset-typography_getLineHeight:1.5; line-height: var(--artdeco-reset-typography_getLineHeight);\"><span style=\"box-sizing: inherit; margin: var(--artdeco-reset-base-margin-zero); padding: var(--artdeco-reset-base-padding-zero); border: var(--artdeco-reset-base-border-zero); vertical-align: var(--artdeco-reset-base-vertical-align-baseline); background-image: ; background-position-x: ; background-position-y: ; background-size: ; background-repeat-x: ; background-repeat-y: ; background-attachment: ; background-origin: ; background-clip: ; outline: var(--artdeco-reset-base-outline-zero);\"></span></p><p style=\"box-sizing: inherit; margin: var(--artdeco-reset-base-margin-zero); padding: var(--artdeco-reset-base-padding-zero); border: var(--artdeco-reset-base-border-zero); vertical-align: var(--artdeco-reset-base-vertical-align-baseline); --artdeco-reset-typography_getFontSize:1.6rem; --artdeco-reset-typography_getLineHeight:1.5; line-height: var(--artdeco-reset-typography_getLineHeight);\">The Medical Safety Physician will take on roles involving the provision of medical and scientific judgement in the evaluation of data pertaining to the efficacy and safety of the company products including, but not limited to, the following:</p><ul><li style=\"box-sizing: inherit; margin: var(--artdeco-reset-base-margin-zero); padding: var(--artdeco-reset-base-padding-zero); border: var(--artdeco-reset-base-border-zero); vertical-align: var(--artdeco-reset-base-vertical-align-baseline); --artdeco-reset-typography_getFontSize:1.6rem; --artdeco-reset-typography_getLineHeight:1.5; line-height: var(--artdeco-reset-typography_getLineHeight);\">Prepare safety reports/documents, such as PBRER-PSURs, Benefit-Risk evaluations and Risk Management Plans. Ensure the accuracy of the information presented.</li><li style=\"box-sizing: inherit; margin: var(--artdeco-reset-base-margin-zero); padding: var(--artdeco-reset-base-padding-zero); border: var(--artdeco-reset-base-border-zero); vertical-align: var(--artdeco-reset-base-vertical-align-baseline); --artdeco-reset-typography_getFontSize:1.6rem; --artdeco-reset-typography_getLineHeight:1.5; line-height: var(--artdeco-reset-typography_getLineHeight);\">Review medical safety signals and ensure proper disposition and documentation. Review data from the company post-marketing database and related pharmacovigilance sources, as needed.</li><li style=\"box-sizing: inherit; margin: var(--artdeco-reset-base-margin-zero); padding: var(--artdeco-reset-base-padding-zero); border: var(--artdeco-reset-base-border-zero); vertical-align: var(--artdeco-reset-base-vertical-align-baseline); --artdeco-reset-typography_getFontSize:1.6rem; --artdeco-reset-typography_getLineHeight:1.5; line-height: var(--artdeco-reset-typography_getLineHeight);\">Provide support in the preparation and conduct of cross-functional meetings which involve the medical safety organization (e.g., Safety Management Team meetings). Perform tasks hands-on as an individual contributor</li><li style=\"box-sizing: inherit; margin: var(--artdeco-reset-base-margin-zero); padding: var(--artdeco-reset-base-padding-zero); border: var(--artdeco-reset-base-border-zero); vertical-align: var(--artdeco-reset-base-vertical-align-baseline); --artdeco-reset-typography_getFontSize:1.6rem; --artdeco-reset-typography_getLineHeight:1.5; line-height: var(--artdeco-reset-typography_getLineHeight);\">Provide leadership, mentoring and guidance to other MSP/MSS including oversight of day-to-day activities and safety report content development</li><li style=\"box-sizing: inherit; margin: var(--artdeco-reset-base-margin-zero); padding: var(--artdeco-reset-base-padding-zero); border: var(--artdeco-reset-base-border-zero); vertical-align: var(--artdeco-reset-base-vertical-align-baseline); --artdeco-reset-typography_getFontSize:1.6rem; --artdeco-reset-typography_getLineHeight:1.5; line-height: var(--artdeco-reset-typography_getLineHeight);\">Thoroughly understand and communicate stakeholder requirements to appropriate team members, and manage all requirements accordingly to realize each for the stakeholder</li><li style=\"box-sizing: inherit; margin: var(--artdeco-reset-base-margin-zero); padding: var(--artdeco-reset-base-padding-zero); border: var(--artdeco-reset-base-border-zero); vertical-align: var(--artdeco-reset-base-vertical-align-baseline); --artdeco-reset-typography_getFontSize:1.6rem; --artdeco-reset-typography_getLineHeight:1.5; line-height: var(--artdeco-reset-typography_getLineHeight);\">Establish clear ownership for project tasks, ensure that team members have the tool needed, and provide timely feedback</li><li style=\"box-sizing: inherit; margin: var(--artdeco-reset-base-margin-zero); padding: var(--artdeco-reset-base-padding-zero); border: var(--artdeco-reset-base-border-zero); vertical-align: var(--artdeco-reset-base-vertical-align-baseline); --artdeco-reset-typography_getFontSize:1.6rem; --artdeco-reset-typography_getLineHeight:1.5; line-height: var(--artdeco-reset-typography_getLineHeight);\">Coordinate and facilitate delivery of project objectives</li><li style=\"box-sizing: inherit; margin: var(--artdeco-reset-base-margin-zero); padding: var(--artdeco-reset-base-padding-zero); border: var(--artdeco-reset-base-border-zero); vertical-align: var(--artdeco-reset-base-vertical-align-baseline); --artdeco-reset-typography_getFontSize:1.6rem; --artdeco-reset-typography_getLineHeight:1.5; line-height: var(--artdeco-reset-typography_getLineHeight);\">Assess project issues and identify solutions to meet productivity, quality and customer goals</li><li style=\"box-sizing: inherit; margin: var(--artdeco-reset-base-margin-zero); padding: var(--artdeco-reset-base-padding-zero); border: var(--artdeco-reset-base-border-zero); vertical-align: var(--artdeco-reset-base-vertical-align-baseline); --artdeco-reset-typography_getFontSize:1.6rem; --artdeco-reset-typography_getLineHeight:1.5; line-height: var(--artdeco-reset-typography_getLineHeight);\">Track progress, review project tasks and prepare compliance metrics to make certain deadlines are met appropriately</li><li style=\"box-sizing: inherit; margin: var(--artdeco-reset-base-margin-zero); padding: var(--artdeco-reset-base-padding-zero); border: var(--artdeco-reset-base-border-zero); vertical-align: var(--artdeco-reset-base-vertical-align-baseline); --artdeco-reset-typography_getFontSize:1.6rem; --artdeco-reset-typography_getLineHeight:1.5; line-height: var(--artdeco-reset-typography_getLineHeight);\">Maintain timelines and target dates</li><li style=\"box-sizing: inherit; margin: var(--artdeco-reset-base-margin-zero); padding: var(--artdeco-reset-base-padding-zero); border: var(--artdeco-reset-base-border-zero); vertical-align: var(--artdeco-reset-base-vertical-align-baseline); --artdeco-reset-typography_getFontSize:1.6rem; --artdeco-reset-typography_getLineHeight:1.5; line-height: var(--artdeco-reset-typography_getLineHeight);\">To deliver any other task and/or responsibilities that may be assigned from time to time.</li></ul><p style=\"box-sizing: inherit; margin: var(--artdeco-reset-base-margin-zero); padding: var(--artdeco-reset-base-padding-zero); border: var(--artdeco-reset-base-border-zero); vertical-align: var(--artdeco-reset-base-vertical-align-baseline); --artdeco-reset-typography_getFontSize:1.6rem; --artdeco-reset-typography_getLineHeight:1.5; line-height: var(--artdeco-reset-typography_getLineHeight);\"><br style=\"box-sizing: inherit;\"></p><p style=\"box-sizing: inherit; margin: var(--artdeco-reset-base-margin-zero); padding: var(--artdeco-reset-base-padding-zero); border: var(--artdeco-reset-base-border-zero); vertical-align: var(--artdeco-reset-base-vertical-align-baseline); --artdeco-reset-typography_getFontSize:1.6rem; --artdeco-reset-typography_getLineHeight:1.5; line-height: var(--artdeco-reset-typography_getLineHeight);\"><span style=\"box-sizing: inherit; margin: var(--artdeco-reset-base-margin-zero); padding: var(--artdeco-reset-base-padding-zero); border: var(--artdeco-reset-base-border-zero); vertical-align: var(--artdeco-reset-base-vertical-align-baseline); background-image: ; background-position-x: ; background-position-y: ; background-size: ; background-repeat-x: ; background-repeat-y: ; background-attachment: ; background-origin: ; background-clip: ; outline: var(--artdeco-reset-base-outline-zero);\">DESIRED QUALIFICATION:</span></p><ul><li style=\"box-sizing: inherit; margin: var(--artdeco-reset-base-margin-zero); padding: var(--artdeco-reset-base-padding-zero); border: var(--artdeco-reset-base-border-zero); vertical-align: var(--artdeco-reset-base-vertical-align-baseline); --artdeco-reset-typography_getFontSize:1.6rem; --artdeco-reset-typography_getLineHeight:1.5; line-height: var(--artdeco-reset-typography_getLineHeight);\">Requirement: board-certified medical physician</li><li style=\"box-sizing: inherit; margin: var(--artdeco-reset-base-margin-zero); padding: var(--artdeco-reset-base-padding-zero); border: var(--artdeco-reset-base-border-zero); vertical-align: var(--artdeco-reset-base-vertical-align-baseline); --artdeco-reset-typography_getFontSize:1.6rem; --artdeco-reset-typography_getLineHeight:1.5; line-height: var(--artdeco-reset-typography_getLineHeight);\">Technical skills: ability to analyze, interpret and present complex in a concise and understandable scientific manner, both orally and in written format, is essential.</li><li style=\"box-sizing: inherit; margin: var(--artdeco-reset-base-margin-zero); padding: var(--artdeco-reset-base-padding-zero); border: var(--artdeco-reset-base-border-zero); vertical-align: var(--artdeco-reset-base-vertical-align-baseline); --artdeco-reset-typography_getFontSize:1.6rem; --artdeco-reset-typography_getLineHeight:1.5; line-height: var(--artdeco-reset-typography_getLineHeight);\">Attention to detail; diligence in record-keeping and records organization; ability to manage high workload and critical issues; computer-literate and proficient in MS Office applications</li><li style=\"box-sizing: inherit; margin: var(--artdeco-reset-base-margin-zero); padding: var(--artdeco-reset-base-padding-zero); border: var(--artdeco-reset-base-border-zero); vertical-align: var(--artdeco-reset-base-vertical-align-baseline); --artdeco-reset-typography_getFontSize:1.6rem; --artdeco-reset-typography_getLineHeight:1.5; line-height: var(--artdeco-reset-typography_getLineHeight);\">Interpersonal skills: team player; display initiative; strong communication and presentation skills.</li><li style=\"box-sizing: inherit; margin: var(--artdeco-reset-base-margin-zero); padding: var(--artdeco-reset-base-padding-zero); border: var(--artdeco-reset-base-border-zero); vertical-align: var(--artdeco-reset-base-vertical-align-baseline); --artdeco-reset-typography_getFontSize:1.6rem; --artdeco-reset-typography_getLineHeight:1.5; line-height: var(--artdeco-reset-typography_getLineHeight);\">Internal and external networking skills: strong collaborative and interpersonal skills; results-oriented and able to independently create and deliver; ability to thrive in a global; cross-functional environment;</li><li style=\"box-sizing: inherit; margin: var(--artdeco-reset-base-margin-zero); padding: var(--artdeco-reset-base-padding-zero); border: var(--artdeco-reset-base-border-zero); vertical-align: var(--artdeco-reset-base-vertical-align-baseline); --artdeco-reset-typography_getFontSize:1.6rem; --artdeco-reset-typography_getLineHeight:1.5; line-height: var(--artdeco-reset-typography_getLineHeight);\">2 years of clinical experience or experience in pharmaceutical medicine is required.</li></ul>', '2022-04-05 20:40:00', '2d468441-914c-11ec-aea7-6c626d3a5d34', '62ca1c7d-8d5d-11ec-a6db-6c626d3a5d34', 36, '2022-02-19 14:21:05', '2022-03-04 23:18:20'),
('27d66037-9bdf-11ec-9bb5-6c626d3a5d34', '9ec27a62-9bde-11ec-9bb5-6c626d3a5d34', 0, '<p style=\"box-sizing: inherit; margin: var(--artdeco-reset-base-margin-zero); padding: var(--artdeco-reset-base-padding-zero); border: var(--artdeco-reset-base-border-zero); vertical-align: var(--artdeco-reset-base-vertical-align-baseline); --artdeco-reset-typography_getFontSize:1.6rem; --artdeco-reset-typography_getLineHeight:1.5; line-height: var(--artdeco-reset-typography_getLineHeight);\"><span style=\"background-image: ; background-position-x: ; background-position-y: ; background-size: ; background-repeat-x: ; background-repeat-y: ; background-attachment: ; background-origin: ; background-clip: ; box-sizing: inherit; margin: var(--artdeco-reset-base-margin-zero); padding: var(--artdeco-reset-base-padding-zero); border: var(--artdeco-reset-base-border-zero); vertical-align: var(--artdeco-reset-base-vertical-align-baseline); outline: var(--artdeco-reset-base-outline-zero);\">Job Description</span></p><p style=\"box-sizing: inherit; margin: var(--artdeco-reset-base-margin-zero); padding: var(--artdeco-reset-base-padding-zero); border: var(--artdeco-reset-base-border-zero); vertical-align: var(--artdeco-reset-base-vertical-align-baseline); --artdeco-reset-typography_getFontSize:1.6rem; --artdeco-reset-typography_getLineHeight:1.5; line-height: var(--artdeco-reset-typography_getLineHeight);\"><br style=\"box-sizing: inherit;\"></p><ul style=\"box-sizing: inherit; margin-left: 16px; padding-left: 18px; border: var(--artdeco-reset-base-border-zero); vertical-align: var(--artdeco-reset-base-vertical-align-baseline);\"><li style=\"background-image: ; background-position-x: ; background-position-y: ; background-size: ; background-repeat-x: ; background-repeat-y: ; background-attachment: ; background-origin: ; background-clip: ; box-sizing: inherit; margin-left: 16px; padding: var(--artdeco-reset-base-padding-zero); border: var(--artdeco-reset-base-border-zero); vertical-align: var(--artdeco-reset-base-vertical-align-baseline);\">Bachelors Degree in Engineering, Computer Science, Computer Programming or similar educational attainment</li><li style=\"background-image: ; background-position-x: ; background-position-y: ; background-size: ; background-repeat-x: ; background-repeat-y: ; background-attachment: ; background-origin: ; background-clip: ; box-sizing: inherit; margin-left: 16px; padding: var(--artdeco-reset-base-padding-zero); border: var(--artdeco-reset-base-border-zero); vertical-align: var(--artdeco-reset-base-vertical-align-baseline);\">Proven work experience in software quality assurance testing</li><li style=\"background-image: ; background-position-x: ; background-position-y: ; background-size: ; background-repeat-x: ; background-repeat-y: ; background-attachment: ; background-origin: ; background-clip: ; box-sizing: inherit; margin-left: 16px; padding: var(--artdeco-reset-base-padding-zero); border: var(--artdeco-reset-base-border-zero); vertical-align: var(--artdeco-reset-base-vertical-align-baseline);\">Strong knowledge of data warehousing , ETL concepts and and SQL scripting (joining tables, aggregation,</li><li style=\"background-image: ; background-position-x: ; background-position-y: ; background-size: ; background-repeat-x: ; background-repeat-y: ; background-attachment: ; background-origin: ; background-clip: ; box-sizing: inherit; margin-left: 16px; padding: var(--artdeco-reset-base-padding-zero); border: var(--artdeco-reset-base-border-zero); vertical-align: var(--artdeco-reset-base-vertical-align-baseline);\">Experience in Data validation in the Data warehouse or Data Lake is highly preferable</li><li style=\"background-image: ; background-position-x: ; background-position-y: ; background-size: ; background-repeat-x: ; background-repeat-y: ; background-attachment: ; background-origin: ; background-clip: ; box-sizing: inherit; margin-left: 16px; padding: var(--artdeco-reset-base-padding-zero); border: var(--artdeco-reset-base-border-zero); vertical-align: var(--artdeco-reset-base-vertical-align-baseline);\">Strong knowledge of software QA methodologies, tools and processes</li><li style=\"background-image: ; background-position-x: ; background-position-y: ; background-size: ; background-repeat-x: ; background-repeat-y: ; background-attachment: ; background-origin: ; background-clip: ; box-sizing: inherit; margin-left: 16px; padding: var(--artdeco-reset-base-padding-zero); border: var(--artdeco-reset-base-border-zero); vertical-align: var(--artdeco-reset-base-vertical-align-baseline);\">Understanding of software development lifecycle</li><li style=\"background-image: ; background-position-x: ; background-position-y: ; background-size: ; background-repeat-x: ; background-repeat-y: ; background-attachment: ; background-origin: ; background-clip: ; box-sizing: inherit; margin-left: 16px; padding: var(--artdeco-reset-base-padding-zero); border: var(--artdeco-reset-base-border-zero); vertical-align: var(--artdeco-reset-base-vertical-align-baseline);\">Experience in writing clear, concise and comprehensive test plans and test cases</li><li style=\"background-image: ; background-position-x: ; background-position-y: ; background-size: ; background-repeat-x: ; background-repeat-y: ; background-attachment: ; background-origin: ; background-clip: ; box-sizing: inherit; margin-left: 16px; padding: var(--artdeco-reset-base-padding-zero); border: var(--artdeco-reset-base-border-zero); vertical-align: var(--artdeco-reset-base-vertical-align-baseline);\">Good organizational and problem-solving abilities that help manage through creative abrasion</li><li style=\"background-image: ; background-position-x: ; background-position-y: ; background-size: ; background-repeat-x: ; background-repeat-y: ; background-attachment: ; background-origin: ; background-clip: ; box-sizing: inherit; margin-left: 16px; padding: var(--artdeco-reset-base-padding-zero); border: var(--artdeco-reset-base-border-zero); vertical-align: var(--artdeco-reset-base-vertical-align-baseline);\">Good verbal and written communication; able to effectively articulate technical vision, possibilities, and outcomes</li><li style=\"background-image: ; background-position-x: ; background-position-y: ; background-size: ; background-repeat-x: ; background-repeat-y: ; background-attachment: ; background-origin: ; background-clip: ; box-sizing: inherit; margin-left: 16px; padding: var(--artdeco-reset-base-padding-zero); border: var(--artdeco-reset-base-border-zero); vertical-align: var(--artdeco-reset-base-vertical-align-baseline);\">Able to work on a cross-cultural environment</li><li style=\"background-image: ; background-position-x: ; background-position-y: ; background-size: ; background-repeat-x: ; background-repeat-y: ; background-attachment: ; background-origin: ; background-clip: ; box-sizing: inherit; margin-left: 16px; padding: var(--artdeco-reset-base-padding-zero); border: var(--artdeco-reset-base-border-zero); vertical-align: var(--artdeco-reset-base-vertical-align-baseline);\">Able to work with minimal supervision</li><li style=\"background-image: ; background-position-x: ; background-position-y: ; background-size: ; background-repeat-x: ; background-repeat-y: ; background-attachment: ; background-origin: ; background-clip: ; box-sizing: inherit; margin-left: 16px; padding: var(--artdeco-reset-base-padding-zero); border: var(--artdeco-reset-base-border-zero); vertical-align: var(--artdeco-reset-base-vertical-align-baseline);\">Experience in working on multiple projects or testing assignments</li><li style=\"background-image: ; background-position-x: ; background-position-y: ; background-size: ; background-repeat-x: ; background-repeat-y: ; background-attachment: ; background-origin: ; background-clip: ; box-sizing: inherit; margin-left: 16px; padding: var(--artdeco-reset-base-padding-zero); border: var(--artdeco-reset-base-border-zero); vertical-align: var(--artdeco-reset-base-vertical-align-baseline);\">Experience working in an Agile/Scrum development process is highly preferable</li><li style=\"background-image: ; background-position-x: ; background-position-y: ; background-size: ; background-repeat-x: ; background-repeat-y: ; background-attachment: ; background-origin: ; background-clip: ; box-sizing: inherit; margin-left: 16px; padding: var(--artdeco-reset-base-padding-zero); border: var(--artdeco-reset-base-border-zero); vertical-align: var(--artdeco-reset-base-vertical-align-baseline);\">Knowledge in Hadoop technology (minimal experience)</li><li style=\"background-image: ; background-position-x: ; background-position-y: ; background-size: ; background-repeat-x: ; background-repeat-y: ; background-attachment: ; background-origin: ; background-clip: ; box-sizing: inherit; margin-left: 16px; padding: var(--artdeco-reset-base-padding-zero); border: var(--artdeco-reset-base-border-zero); vertical-align: var(--artdeco-reset-base-vertical-align-baseline);\">Knowledge in test and defect management tools (HP ALM, JIRA, and similar)</li><li style=\"background-image: ; background-position-x: ; background-position-y: ; background-size: ; background-repeat-x: ; background-repeat-y: ; background-attachment: ; background-origin: ; background-clip: ; box-sizing: inherit; margin-left: 16px; padding: var(--artdeco-reset-base-padding-zero); border: var(--artdeco-reset-base-border-zero); vertical-align: var(--artdeco-reset-base-vertical-align-baseline);\">Knowledge in Life Insurance is preferable</li><li style=\"background-image: ; background-position-x: ; background-position-y: ; background-size: ; background-repeat-x: ; background-repeat-y: ; background-attachment: ; background-origin: ; background-clip: ; box-sizing: inherit; margin-left: 16px; padding: var(--artdeco-reset-base-padding-zero); border: var(--artdeco-reset-base-border-zero); vertical-align: var(--artdeco-reset-base-vertical-align-baseline);\">Knowledge in Azure is preferable</li><li style=\"background-image: ; background-position-x: ; background-position-y: ; background-size: ; background-repeat-x: ; background-repeat-y: ; background-attachment: ; background-origin: ; background-clip: ; box-sizing: inherit; margin-left: 16px; padding: var(--artdeco-reset-base-padding-zero); border: var(--artdeco-reset-base-border-zero); vertical-align: var(--artdeco-reset-base-vertical-align-baseline);\">Automation experience is a plus</li></ul>', NULL, 'f204bcf4-9bd5-11ec-9bb5-6c626d3a5d34', '62ca1c7d-8d5d-11ec-a6db-6c626d3a5d34', 4, '2022-03-05 01:18:47', '2022-03-20 09:34:20'),
('2c067226-9bcc-11ec-9bb5-6c626d3a5d34', '0c4ed48d-9bca-11ec-9bb5-6c626d3a5d34', 0, '<p><b>Job Details</b></p><p>A Biochemist, or Biochemistry Scientist, is responsible for using their knowledge of biochemistry to experiment with chemicals and their effects on living organisms to create medicines and other beneficial elements. Their duties include analyzing cells from animals, plants or humans, using laboratory equipment to study chemical reactions and composing reports to publish their findings.</p><p><br></p><p><b>Responsibilities</b></p><ul style=\"box-sizing: inherit; padding-top: 1rem;\"><li style=\"box-sizing: inherit; padding-bottom: 1rem; line-height: 1;\"><p style=\"box-sizing: inherit; line-height: 1;\">Managing laboratory teams, consisting of other scientists, Lab Assistants and often graduate students</p></li><li style=\"box-sizing: inherit; padding-bottom: 1rem; line-height: 1;\"><p style=\"box-sizing: inherit; line-height: 1;\">Planning and conducting complex scientific research projects</p></li><li style=\"box-sizing: inherit; padding-bottom: 1rem; line-height: 1;\"><p style=\"box-sizing: inherit; line-height: 1;\">Writing grant applications to acquire research funding from the government, corporations and foundations&nbsp;</p></li><li style=\"box-sizing: inherit; padding-bottom: 1rem; line-height: 1;\"><p style=\"box-sizing: inherit; line-height: 1;\">Using sound judgment and reasoning in drawing conclusions from the results of their experiments</p></li><li style=\"box-sizing: inherit; padding-bottom: 1rem; line-height: 1;\"><p style=\"box-sizing: inherit; line-height: 1;\">Attending conferences and reviewing research of their peers to stay current on the latest developments in their field</p></li><li style=\"box-sizing: inherit; padding-bottom: 1rem; line-height: 1;\"><p style=\"box-sizing: inherit; line-height: 1;\">Isolating, analyzing and synthesizing proteins, fats, DNA and other molecules in an ongoing quest to better understand their role living organisms</p></li><li style=\"box-sizing: inherit; padding-bottom: 1rem; line-height: 1;\"><p style=\"box-sizing: inherit; line-height: 1;\">Conducting experiments and analyzing the results with accuracy and precision</p></li></ul>', NULL, 'cf2aa79e-9bcb-11ec-9bb5-6c626d3a5d34', '62ca1c7d-8d5d-11ec-a6db-6c626d3a5d34', 12, '2022-03-04 23:02:53', '2022-03-04 23:15:29');
INSERT INTO `job_posts` (`job_post_id`, `manpower_request_id`, `is_salary_visible`, `content`, `expiration_date`, `job_category_id`, `posted_by`, `views`, `created_at`, `updated_at`) VALUES
('2cbbbcf4-9bcf-11ec-9bb5-6c626d3a5d34', '67d8579e-9bca-11ec-9bb5-6c626d3a5d34', 0, '<p>Serologists research fluids found in the human body, such as blood and saliva. Applied serologists often work in forensic science where they assist in criminal investigations by analyzing blood, urine, saliva, semen and other bodily fluids found at crime scenes. Their work can identify possible suspects, determine cause of death and help detectives unravel the sequence of events surrounding a crime.</p><p style=\"\"><b>Responsibilities</b><br>Forensic serologists may test samples brought to them by crime scene investigators, detectives or the medical examiner, or they may examine evidence in search of bodily fluids. Before they can analyze a sample, they must first determine if its viable. In some cases, theres not enough fluid to conduct testing, or the material may be contaminated or too old to produce reliable results. Serologists examine samples under a microscope or use other equipment to test for drugs or to determine if bodily fluids found at a scene belong to a suspect. They then summarize their findings in a written report, which is reviewed by another forensic specialist and added to the case files. Forensic serologists may also be asked to testify in court regarding their findings.</p><p style=\"\"><b>Skills</b><br>While many forensic serologists spend much of their time in the lab analyzing samples, they still need strong people and communication skills. They may need to provide progress reports to their supervisors or to the detectives working on the case, and may collaborate with fellow forensic specialists. Excellent organizational skills and the ability to juggle several tasks simultaneously are also crucial, because they often work on several samples at once and must manage their time so that they complete their analysis and their written reports in a timely manner. Failing to meet deadlines could jeopardize criminal investigations.</p><div><br></div>', '2022-04-30 12:00:00', 'cf2aa79e-9bcb-11ec-9bb5-6c626d3a5d34', '62ca1c7d-8d5d-11ec-a6db-6c626d3a5d34', 0, '2022-03-04 23:24:23', '2022-03-04 23:24:23'),
('3978d129-8d8e-11ec-a6db-6c626d3a5d34', '30f2b2b9-8d46-11ec-a6db-6c626d3a5d34', 1, '<p style=\"box-sizing: inherit; margin: var(--artdeco-reset-base-margin-zero); padding: var(--artdeco-reset-base-padding-zero); border: var(--artdeco-reset-base-border-zero); vertical-align: var(--artdeco-reset-base-vertical-align-baseline); --artdeco-reset-typography_getFontSize:1.6rem; --artdeco-reset-typography_getLineHeight:1.5; line-height: var(--artdeco-reset-typography_getLineHeight);\">The ideal candidate will be responsible for planning, coordinating, and implementing projects within the decided-upon budget, timeline, and scope. They will also effectively monitor and present project updates to relevant stakeholders, clients, or project team members.</p><p style=\"box-sizing: inherit; margin: var(--artdeco-reset-base-margin-zero); padding: var(--artdeco-reset-base-padding-zero); border: var(--artdeco-reset-base-border-zero); vertical-align: var(--artdeco-reset-base-vertical-align-baseline); --artdeco-reset-typography_getFontSize:1.6rem; --artdeco-reset-typography_getLineHeight:1.5; line-height: var(--artdeco-reset-typography_getLineHeight);\"><br></p><p style=\"box-sizing: inherit; margin: var(--artdeco-reset-base-margin-zero); padding: var(--artdeco-reset-base-padding-zero); border: var(--artdeco-reset-base-border-zero); vertical-align: var(--artdeco-reset-base-vertical-align-baseline); --artdeco-reset-typography_getFontSize:1.6rem; --artdeco-reset-typography_getLineHeight:1.5; line-height: var(--artdeco-reset-typography_getLineHeight);\"><span style=\"box-sizing: inherit; margin: var(--artdeco-reset-base-margin-zero); padding: var(--artdeco-reset-base-padding-zero); border: var(--artdeco-reset-base-border-zero); vertical-align: var(--artdeco-reset-base-vertical-align-baseline); background-image: ; background-position-x: ; background-position-y: ; background-size: ; background-repeat-x: ; background-repeat-y: ; background-attachment: ; background-origin: ; background-clip: ; outline: var(--artdeco-reset-base-outline-zero);\">Responsibilities</span></p><ul style=\"box-sizing: inherit; margin-left: 16px; padding-left: 18px; border: var(--artdeco-reset-base-border-zero); vertical-align: var(--artdeco-reset-base-vertical-align-baseline);\"><li style=\"box-sizing: inherit; margin-left: 16px; padding: var(--artdeco-reset-base-padding-zero); border: var(--artdeco-reset-base-border-zero); vertical-align: var(--artdeco-reset-base-vertical-align-baseline); background-image: ; background-position-x: ; background-position-y: ; background-size: ; background-repeat-x: ; background-repeat-y: ; background-attachment: ; background-origin: ; background-clip: ;\">Set project timeline</li><li style=\"box-sizing: inherit; margin-left: 16px; padding: var(--artdeco-reset-base-padding-zero); border: var(--artdeco-reset-base-border-zero); vertical-align: var(--artdeco-reset-base-vertical-align-baseline); background-image: ; background-position-x: ; background-position-y: ; background-size: ; background-repeat-x: ; background-repeat-y: ; background-attachment: ; background-origin: ; background-clip: ;\">Monitor project deliverables</li><li style=\"box-sizing: inherit; margin-left: 16px; padding: var(--artdeco-reset-base-padding-zero); border: var(--artdeco-reset-base-border-zero); vertical-align: var(--artdeco-reset-base-vertical-align-baseline); background-image: ; background-position-x: ; background-position-y: ; background-size: ; background-repeat-x: ; background-repeat-y: ; background-attachment: ; background-origin: ; background-clip: ;\">Update relevant stakeholders or team members on the project progress</li><li style=\"box-sizing: inherit; margin-left: 16px; padding: var(--artdeco-reset-base-padding-zero); border: var(--artdeco-reset-base-border-zero); vertical-align: var(--artdeco-reset-base-vertical-align-baseline); background-image: ; background-position-x: ; background-position-y: ; background-size: ; background-repeat-x: ; background-repeat-y: ; background-attachment: ; background-origin: ; background-clip: ;\">Coach and support project team members with tasks you assign them</li></ul><p style=\"box-sizing: inherit; margin: var(--artdeco-reset-base-margin-zero); padding: var(--artdeco-reset-base-padding-zero); border: var(--artdeco-reset-base-border-zero); vertical-align: var(--artdeco-reset-base-vertical-align-baseline); --artdeco-reset-typography_getFontSize:1.6rem; --artdeco-reset-typography_getLineHeight:1.5; line-height: var(--artdeco-reset-typography_getLineHeight);\"><span style=\"box-sizing: inherit; margin: var(--artdeco-reset-base-margin-zero); padding: var(--artdeco-reset-base-padding-zero); border: var(--artdeco-reset-base-border-zero); vertical-align: var(--artdeco-reset-base-vertical-align-baseline); background-image: ; background-position-x: ; background-position-y: ; background-size: ; background-repeat-x: ; background-repeat-y: ; background-attachment: ; background-origin: ; background-clip: ; outline: var(--artdeco-reset-base-outline-zero);\">Qualifications:</span></p><ul style=\"box-sizing: inherit; margin-left: 16px; padding-left: 18px; border: var(--artdeco-reset-base-border-zero); vertical-align: var(--artdeco-reset-base-vertical-align-baseline);\"><li style=\"box-sizing: inherit; margin-left: 16px; padding: var(--artdeco-reset-base-padding-zero); border: var(--artdeco-reset-base-border-zero); vertical-align: var(--artdeco-reset-base-vertical-align-baseline); background-image: ; background-position-x: ; background-position-y: ; background-size: ; background-repeat-x: ; background-repeat-y: ; background-attachment: ; background-origin: ; background-clip: ;\">BPO experience is a must</li><li style=\"box-sizing: inherit; margin-left: 16px; padding: var(--artdeco-reset-base-padding-zero); border: var(--artdeco-reset-base-border-zero); vertical-align: var(--artdeco-reset-base-vertical-align-baseline); background-image: ; background-position-x: ; background-position-y: ; background-size: ; background-repeat-x: ; background-repeat-y: ; background-attachment: ; background-origin: ; background-clip: ;\">Strong business acumen in project planning and management</li><li style=\"box-sizing: inherit; margin-left: 16px; padding: var(--artdeco-reset-base-padding-zero); border: var(--artdeco-reset-base-border-zero); vertical-align: var(--artdeco-reset-base-vertical-align-baseline); background-image: ; background-position-x: ; background-position-y: ; background-size: ; background-repeat-x: ; background-repeat-y: ; background-attachment: ; background-origin: ; background-clip: ;\">Strong verbal, written, and organizational skills</li><li style=\"box-sizing: inherit; margin-left: 16px; padding: var(--artdeco-reset-base-padding-zero); border: var(--artdeco-reset-base-border-zero); vertical-align: var(--artdeco-reset-base-vertical-align-baseline); background-image: ; background-position-x: ; background-position-y: ; background-size: ; background-repeat-x: ; background-repeat-y: ; background-attachment: ; background-origin: ; background-clip: ;\">Experience in Client Services and Transitions a plus</li><li style=\"box-sizing: inherit; margin-left: 16px; padding: var(--artdeco-reset-base-padding-zero); border: var(--artdeco-reset-base-border-zero); vertical-align: var(--artdeco-reset-base-vertical-align-baseline); background-image: ; background-position-x: ; background-position-y: ; background-size: ; background-repeat-x: ; background-repeat-y: ; background-attachment: ; background-origin: ; background-clip: ;\">Experience in program launches and expansions</li><li style=\"box-sizing: inherit; margin-left: 16px; padding: var(--artdeco-reset-base-padding-zero); border: var(--artdeco-reset-base-border-zero); vertical-align: var(--artdeco-reset-base-vertical-align-baseline); background-image: ; background-position-x: ; background-position-y: ; background-size: ; background-repeat-x: ; background-repeat-y: ; background-attachment: ; background-origin: ; background-clip: ;\">Working as a sole contributor and can work independently with less supervision.</li></ul><p style=\"box-sizing: inherit; margin: var(--artdeco-reset-base-margin-zero); padding: var(--artdeco-reset-base-padding-zero); border: var(--artdeco-reset-base-border-zero); vertical-align: var(--artdeco-reset-base-vertical-align-baseline); --artdeco-reset-typography_getFontSize:1.6rem; --artdeco-reset-typography_getLineHeight:1.5; line-height: var(--artdeco-reset-typography_getLineHeight);\"><span style=\"box-sizing: inherit; margin: var(--artdeco-reset-base-margin-zero); padding: var(--artdeco-reset-base-padding-zero); border: var(--artdeco-reset-base-border-zero); vertical-align: var(--artdeco-reset-base-vertical-align-baseline); background-image: ; background-position-x: ; background-position-y: ; background-size: ; background-repeat-x: ; background-repeat-y: ; background-attachment: ; background-origin: ; background-clip: ; outline: var(--artdeco-reset-base-outline-zero);\">Why work with us?</span></p><ul style=\"box-sizing: inherit; margin-left: 16px; padding-left: 18px; border: var(--artdeco-reset-base-border-zero); vertical-align: var(--artdeco-reset-base-vertical-align-baseline);\"><li style=\"background-image: ; background-position-x: ; background-position-y: ; background-size: ; background-repeat-x: ; background-repeat-y: ; background-attachment: ; background-origin: ; background-clip: ; box-sizing: inherit; margin-left: 16px; padding: var(--artdeco-reset-base-padding-zero); border: var(--artdeco-reset-base-border-zero); vertical-align: var(--artdeco-reset-base-vertical-align-baseline);\">We offer a Highly Competitive Salary Package comparable to BPO Companies in the Major Cities and Earn More as you grow with the company.</li><li style=\"background-image: ; background-position-x: ; background-position-y: ; background-size: ; background-repeat-x: ; background-repeat-y: ; background-attachment: ; background-origin: ; background-clip: ; box-sizing: inherit; margin-left: 16px; padding: var(--artdeco-reset-base-padding-zero); border: var(--artdeco-reset-base-border-zero); vertical-align: var(--artdeco-reset-base-vertical-align-baseline);\">We Offer an Extensive Health Care Coverage which provides more benefits the longer you stay in the company.</li><li style=\"background-image: ; background-position-x: ; background-position-y: ; background-size: ; background-repeat-x: ; background-repeat-y: ; background-attachment: ; background-origin: ; background-clip: ; box-sizing: inherit; margin-left: 16px; padding: var(--artdeco-reset-base-padding-zero); border: var(--artdeco-reset-base-border-zero); vertical-align: var(--artdeco-reset-base-vertical-align-baseline);\">We are a Leyte Focused BPO Company that wants to offer more job opportunities to Leyteos and neighboring provinces.</li><li style=\"background-image: ; background-position-x: ; background-position-y: ; background-size: ; background-repeat-x: ; background-repeat-y: ; background-attachment: ; background-origin: ; background-clip: ; box-sizing: inherit; margin-left: 16px; padding: var(--artdeco-reset-base-padding-zero); border: var(--artdeco-reset-base-border-zero); vertical-align: var(--artdeco-reset-base-vertical-align-baseline);\">Have fun with your teammates and co-employees with our Employee Engagement activities and programs catered all throughout the year.</li><li style=\"background-image: ; background-position-x: ; background-position-y: ; background-size: ; background-repeat-x: ; background-repeat-y: ; background-attachment: ; background-origin: ; background-clip: ; box-sizing: inherit; margin-left: 16px; padding: var(--artdeco-reset-base-padding-zero); border: var(--artdeco-reset-base-border-zero); vertical-align: var(--artdeco-reset-base-vertical-align-baseline);\">Earn access to our Rock Star Top Performers Club which is exclusive to our Employees and family only.</li><li style=\"background-image: ; background-position-x: ; background-position-y: ; background-size: ; background-repeat-x: ; background-repeat-y: ; background-attachment: ; background-origin: ; background-clip: ; box-sizing: inherit; margin-left: 16px; padding: var(--artdeco-reset-base-padding-zero); border: var(--artdeco-reset-base-border-zero); vertical-align: var(--artdeco-reset-base-vertical-align-baseline);\">Relocation Package!</li><li style=\"background-image: ; background-position-x: ; background-position-y: ; background-size: ; background-repeat-x: ; background-repeat-y: ; background-attachment: ; background-origin: ; background-clip: ; box-sizing: inherit; margin-left: 16px; padding: var(--artdeco-reset-base-padding-zero); border: var(--artdeco-reset-base-border-zero); vertical-align: var(--artdeco-reset-base-vertical-align-baseline);\">and Many more!</li></ul>', NULL, '820081e6-8d8b-11ec-a6db-6c626d3a5d34', '62ca1c7d-8d5d-11ec-a6db-6c626d3a5d34', 20, '2022-02-14 20:04:12', '2022-03-05 00:45:47'),
('582a4bca-9c5b-11ec-bdeb-6c626d3a5d34', '044340d4-9c5a-11ec-bdeb-6c626d3a5d34', 1, '<p dir=\"ltr\" style=\"line-height:1.38;margin-top:0pt;margin-bottom:0pt;\"><span style=\"font-variant-numeric: normal; font-variant-east-asian: normal; vertical-align: baseline;\">Duties will include those listed below, but are not limited to this list. It will depend on the team that you are placed in or are assigned.</span></p><ul style=\"margin-top:0;margin-bottom:0;padding-inline-start:48px;\"><li dir=\"ltr\" style=\"list-style-type: disc; font-variant-numeric: normal; font-variant-east-asian: normal; vertical-align: baseline;\" aria-level=\"1\"><p dir=\"ltr\" style=\"line-height:1.38;margin-top:0pt;margin-bottom:0pt;\" role=\"presentation\"><span style=\"font-variant-numeric: normal; font-variant-east-asian: normal; vertical-align: baseline;\">Patient support</span></p></li><ul style=\"margin-top:0;margin-bottom:0;padding-inline-start:48px;\"><li dir=\"ltr\" style=\"list-style-type: disc; font-variant-numeric: normal; font-variant-east-asian: normal; vertical-align: baseline;\" aria-level=\"2\"><p dir=\"ltr\" style=\"line-height:1.38;margin-top:0pt;margin-bottom:0pt;\" role=\"presentation\"><span style=\"font-variant-numeric: normal; font-variant-east-asian: normal; vertical-align: baseline;\">Through our partner offices, we do the following:</span></p></li><ul style=\"margin-top:0;margin-bottom:0;padding-inline-start:48px;\"><li dir=\"ltr\" style=\"list-style-type: disc; font-variant-numeric: normal; font-variant-east-asian: normal; vertical-align: baseline;\" aria-level=\"3\"><p dir=\"ltr\" style=\"line-height:1.38;margin-top:0pt;margin-bottom:0pt;\" role=\"presentation\"><span style=\"font-variant-numeric: normal; font-variant-east-asian: normal; vertical-align: baseline;\">Support a wide range in patient bases.</span></p></li><li dir=\"ltr\" style=\"list-style-type: disc; font-variant-numeric: normal; font-variant-east-asian: normal; vertical-align: baseline;\" aria-level=\"3\"><p dir=\"ltr\" style=\"line-height:1.38;margin-top:0pt;margin-bottom:0pt;\" role=\"presentation\"><span style=\"font-variant-numeric: normal; font-variant-east-asian: normal; vertical-align: baseline;\">Communicate and support these patients via a variety of media, from VoIP, to email, to social media.</span></p></li><li dir=\"ltr\" style=\"list-style-type: disc; font-variant-numeric: normal; font-variant-east-asian: normal; vertical-align: baseline;\" aria-level=\"3\"><p dir=\"ltr\" style=\"line-height:1.38;margin-top:0pt;margin-bottom:0pt;\" role=\"presentation\"><span style=\"font-variant-numeric: normal; font-variant-east-asian: normal; vertical-align: baseline;\">Support activities range from coordinating care between Medical Specialists and General Practitioners such as Pediatricians and family Physicians, to assisting patients with managing their prescriptions in line with their health insurance formulary plans.</span></p></li></ul></ul><li dir=\"ltr\" style=\"list-style-type: disc; font-variant-numeric: normal; font-variant-east-asian: normal; vertical-align: baseline;\" aria-level=\"1\"><p dir=\"ltr\" style=\"line-height:1.38;margin-top:0pt;margin-bottom:0pt;\" role=\"presentation\"><span style=\"font-variant-numeric: normal; font-variant-east-asian: normal; vertical-align: baseline;\">Medical billing</span></p></li><ul style=\"margin-top:0;margin-bottom:0;padding-inline-start:48px;\"><li dir=\"ltr\" style=\"list-style-type: disc; font-variant-numeric: normal; font-variant-east-asian: normal; vertical-align: baseline;\" aria-level=\"2\"><p dir=\"ltr\" style=\"line-height:1.38;margin-top:0pt;margin-bottom:0pt;\" role=\"presentation\"><span style=\"font-variant-numeric: normal; font-variant-east-asian: normal; vertical-align: baseline;\">Through our partner offices, we do the following:</span></p></li><ul style=\"margin-top:0;margin-bottom:0;padding-inline-start:48px;\"><li dir=\"ltr\" style=\"list-style-type: disc; font-variant-numeric: normal; font-variant-east-asian: normal; vertical-align: baseline;\" aria-level=\"3\"><p dir=\"ltr\" style=\"line-height:1.38;margin-top:0pt;margin-bottom:0pt;\" role=\"presentation\"><span style=\"font-variant-numeric: normal; font-variant-east-asian: normal; vertical-align: baseline;\">Support medical billing operations.</span></p></li><li dir=\"ltr\" style=\"list-style-type: disc; font-variant-numeric: normal; font-variant-east-asian: normal; vertical-align: baseline;\" aria-level=\"3\"><p dir=\"ltr\" style=\"line-height:1.38;margin-top:0pt;margin-bottom:0pt;\" role=\"presentation\"><span style=\"font-variant-numeric: normal; font-variant-east-asian: normal; vertical-align: baseline;\">Fill a role as a Medical Biller for a time, but know that all manual work that is repetitive eventually becomes automated.</span></p></li><ul style=\"margin-top:0;margin-bottom:0;padding-inline-start:48px;\"><li dir=\"ltr\" style=\"list-style-type: disc; font-variant-numeric: normal; font-variant-east-asian: normal; vertical-align: baseline;\" aria-level=\"4\"><p dir=\"ltr\" style=\"line-height:1.38;margin-top:0pt;margin-bottom:0pt;\" role=\"presentation\"><span style=\"font-variant-numeric: normal; font-variant-east-asian: normal; vertical-align: baseline;\">Automation and intelligent automation (not necessarily AI) is the key to achieving better outcomes, higher efficiency, and productivity KPIs and quotients.</span></p></li><li dir=\"ltr\" style=\"list-style-type: disc; font-variant-numeric: normal; font-variant-east-asian: normal; vertical-align: baseline;\" aria-level=\"4\"><p dir=\"ltr\" style=\"line-height:1.38;margin-top:0pt;margin-bottom:0pt;\" role=\"presentation\"><span style=\"font-variant-numeric: normal; font-variant-east-asian: normal; vertical-align: baseline;\">This is why constantly grill and evaluate and assess all human capital for technical aptitudes, and how each is able to adapt to the increasing evolution and progress in technological development.</span></p></li></ul></ul></ul><li dir=\"ltr\" style=\"list-style-type: disc; font-variant-numeric: normal; font-variant-east-asian: normal; vertical-align: baseline;\" aria-level=\"1\"><p dir=\"ltr\" style=\"line-height:1.38;margin-top:0pt;margin-bottom:0pt;\" role=\"presentation\"><span style=\"font-variant-numeric: normal; font-variant-east-asian: normal; vertical-align: baseline;\">It will be your duty to attend training seminars, some of which are only available during a night shift due to our partner training offices (some of which are U.S. county and state officesas well as federal offices) that only hold and host these trainings during the hours of business in the States.</span></p></li><li dir=\"ltr\" style=\"list-style-type: disc; font-variant-numeric: normal; font-variant-east-asian: normal; vertical-align: baseline;\" aria-level=\"1\"><p dir=\"ltr\" style=\"line-height:1.38;margin-top:0pt;margin-bottom:0pt;\" role=\"presentation\"><span style=\"font-variant-numeric: normal; font-variant-east-asian: normal; vertical-align: baseline;\">It will also be your duty to train in-house on a myriad of platforms that you may/may not be familiar with, such as Kareo, Practice Fusion, GE Healthcares Centricity CPS, and a wide variety of in-house proprietary platforms.</span></p></li><li dir=\"ltr\" style=\"list-style-type: disc; font-variant-numeric: normal; font-variant-east-asian: normal; vertical-align: baseline;\" aria-level=\"1\"><p dir=\"ltr\" style=\"line-height:1.38;margin-top:0pt;margin-bottom:0pt;\" role=\"presentation\"><span style=\"font-variant-numeric: normal; font-variant-east-asian: normal; vertical-align: baseline;\">You\'ll report to an office located in Makati City and be placed in one of a handful of teams.</span></p></li><ul style=\"margin-top:0;margin-bottom:0;padding-inline-start:48px;\"><li dir=\"ltr\" style=\"list-style-type: disc; font-variant-numeric: normal; font-variant-east-asian: normal; vertical-align: baseline;\" aria-level=\"2\"><p dir=\"ltr\" style=\"line-height:1.38;margin-top:0pt;margin-bottom:0pt;\" role=\"presentation\"><span style=\"font-variant-numeric: normal; font-variant-east-asian: normal; vertical-align: baseline;\">Teams include but are not limited to:</span></p></li><ul style=\"margin-top:0;margin-bottom:0;padding-inline-start:48px;\"><li dir=\"ltr\" style=\"list-style-type: disc; font-variant-numeric: normal; font-variant-east-asian: normal; vertical-align: baseline;\" aria-level=\"3\"><p dir=\"ltr\" style=\"line-height:1.38;margin-top:0pt;margin-bottom:0pt;\" role=\"presentation\"><span style=\"font-variant-numeric: normal; font-variant-east-asian: normal; vertical-align: baseline;\">Medical billing teams.</span></p></li><li dir=\"ltr\" style=\"list-style-type: disc; font-variant-numeric: normal; font-variant-east-asian: normal; vertical-align: baseline;\" aria-level=\"3\"><p dir=\"ltr\" style=\"line-height:1.38;margin-top:0pt;margin-bottom:0pt;\" role=\"presentation\"><span style=\"font-variant-numeric: normal; font-variant-east-asian: normal; vertical-align: baseline;\">Patient charts teams.</span></p></li><li dir=\"ltr\" style=\"list-style-type: disc; font-variant-numeric: normal; font-variant-east-asian: normal; vertical-align: baseline;\" aria-level=\"3\"><p dir=\"ltr\" style=\"line-height:1.38;margin-top:0pt;margin-bottom:0pt;\" role=\"presentation\"><span style=\"font-variant-numeric: normal; font-variant-east-asian: normal; vertical-align: baseline;\">Patient support teams.</span></p></li><li dir=\"ltr\" style=\"list-style-type: disc; font-variant-numeric: normal; font-variant-east-asian: normal; vertical-align: baseline;\" aria-level=\"3\"><p dir=\"ltr\" style=\"line-height:1.38;margin-top:0pt;margin-bottom:0pt;\" role=\"presentation\"><span style=\"font-variant-numeric: normal; font-variant-east-asian: normal; vertical-align: baseline;\">Private practice management teams.</span></p></li><li dir=\"ltr\" style=\"list-style-type: disc; font-variant-numeric: normal; font-variant-east-asian: normal; vertical-align: baseline;\" aria-level=\"3\"><p dir=\"ltr\" style=\"line-height:1.38;margin-top:0pt;margin-bottom:0pt;\" role=\"presentation\"><span style=\"font-variant-numeric: normal; font-variant-east-asian: normal; vertical-align: baseline;\">Payer revenue cycle management teams, etc.</span></p></li></ul></ul></ul><p dir=\"ltr\" style=\"line-height:1.38;margin-top:0pt;margin-bottom:0pt;\"><span style=\"font-variant-numeric: normal; font-variant-east-asian: normal; vertical-align: baseline;\">Minimum Qualifications</span></p><ul style=\"margin-top:0;margin-bottom:0;padding-inline-start:48px;\"><li dir=\"ltr\" style=\"list-style-type: disc; font-variant-numeric: normal; font-variant-east-asian: normal; vertical-align: baseline;\" aria-level=\"1\"><p dir=\"ltr\" style=\"line-height:1.38;margin-top:0pt;margin-bottom:0pt;\" role=\"presentation\"><span style=\"font-variant-numeric: normal; font-variant-east-asian: normal; vertical-align: baseline;\">Nursing graduate.</span></p></li><ul style=\"margin-top:0;margin-bottom:0;padding-inline-start:48px;\"><li dir=\"ltr\" style=\"list-style-type: disc; font-variant-numeric: normal; font-variant-east-asian: normal; vertical-align: baseline;\" aria-level=\"2\"><p dir=\"ltr\" style=\"line-height:1.38;margin-top:0pt;margin-bottom:0pt;\" role=\"presentation\"><span style=\"font-variant-numeric: normal; font-variant-east-asian: normal; vertical-align: baseline;\">You dont have to be overboard, you may be underboard, but a nursing degree is a must.</span></p></li></ul><li dir=\"ltr\" style=\"list-style-type: disc; font-variant-numeric: normal; font-variant-east-asian: normal; vertical-align: baseline;\" aria-level=\"1\"><p dir=\"ltr\" style=\"line-height:1.38;margin-top:0pt;margin-bottom:0pt;\" role=\"presentation\"><span style=\"font-variant-numeric: normal; font-variant-east-asian: normal; vertical-align: baseline;\">Computer and tech-savvy.</span></p></li><ul style=\"margin-top:0;margin-bottom:0;padding-inline-start:48px;\"><li dir=\"ltr\" style=\"list-style-type: disc; font-variant-numeric: normal; font-variant-east-asian: normal; vertical-align: baseline;\" aria-level=\"2\"><p dir=\"ltr\" style=\"line-height:1.38;margin-top:0pt;margin-bottom:0pt;\" role=\"presentation\"><span style=\"font-variant-numeric: normal; font-variant-east-asian: normal; vertical-align: baseline;\">We test for tech familiarity. We also try to ascertain this by figuring out how technology figures into your everyday lifethrough social media, how you look for jobs, how you use email and what browser you useetc.</span></p></li></ul><li dir=\"ltr\" style=\"list-style-type: disc; font-variant-numeric: normal; font-variant-east-asian: normal; vertical-align: baseline;\" aria-level=\"1\"><p dir=\"ltr\" style=\"line-height:1.38;margin-top:0pt;margin-bottom:0pt;\" role=\"presentation\"><span style=\"font-variant-numeric: normal; font-variant-east-asian: normal; vertical-align: baseline;\">Excellent communicator and is able to converse in English</span></p></li><ul style=\"margin-top:0;margin-bottom:0;padding-inline-start:48px;\"><li dir=\"ltr\" style=\"list-style-type: disc; font-variant-numeric: normal; font-variant-east-asian: normal; vertical-align: baseline;\" aria-level=\"2\"><p dir=\"ltr\" style=\"line-height:1.38;margin-top:0pt;margin-bottom:0pt;\" role=\"presentation\"><span style=\"font-variant-numeric: normal; font-variant-east-asian: normal; vertical-align: baseline;\">Vital for this position because you will be dealing with different people. Many of which are our partners in the United States that speak different languages, but mainly communicate and converse in English.</span></p></li></ul><li dir=\"ltr\" style=\"list-style-type: disc; font-variant-numeric: normal; font-variant-east-asian: normal; vertical-align: baseline;\" aria-level=\"1\"><p dir=\"ltr\" style=\"line-height:1.38;margin-top:0pt;margin-bottom:0pt;\" role=\"presentation\"><span style=\"font-variant-numeric: normal; font-variant-east-asian: normal; vertical-align: baseline;\">Plus:</span></p></li><ul style=\"margin-top:0;margin-bottom:0;padding-inline-start:48px;\"><li dir=\"ltr\" style=\"list-style-type: disc; font-variant-numeric: normal; font-variant-east-asian: normal; vertical-align: baseline;\" aria-level=\"2\"><p dir=\"ltr\" style=\"line-height:1.38;margin-top:0pt;margin-bottom:0pt;\" role=\"presentation\"><span style=\"font-variant-numeric: normal; font-variant-east-asian: normal; vertical-align: baseline;\">Conversational Spanish.</span></p></li><li dir=\"ltr\" style=\"list-style-type: disc; font-variant-numeric: normal; font-variant-east-asian: normal; vertical-align: baseline;\" aria-level=\"2\"><p dir=\"ltr\" style=\"line-height:1.38;margin-top:0pt;margin-bottom:0pt;\" role=\"presentation\"><span style=\"font-variant-numeric: normal; font-variant-east-asian: normal; vertical-align: baseline;\">Board Passer/Registered Nurse</span></p></li></ul><li dir=\"ltr\" style=\"list-style-type: disc; font-variant-numeric: normal; font-variant-east-asian: normal; vertical-align: baseline;\" aria-level=\"1\"><p dir=\"ltr\" style=\"line-height:1.38;margin-top:0pt;margin-bottom:0pt;\" role=\"presentation\"><span style=\"font-variant-numeric: normal; font-variant-east-asian: normal; vertical-align: baseline;\">A huge plus: having a coding instinct</span></p></li></ul><p><span id=\"docs-internal-guid-3a5afac7-7fff-5506-652a-c1ca7906d88b\"><br></span></p>', NULL, '2d468441-914c-11ec-aea7-6c626d3a5d34', '62ca1c7d-8d5d-11ec-a6db-6c626d3a5d34', 10, '2022-03-05 16:07:46', '2022-03-22 18:17:05'),
('9d01b6c0-8d8e-11ec-a6db-6c626d3a5d34', '50f0318f-8d46-11ec-a6db-6c626d3a5d34', 1, '<div class=\"jobs-box--fadein jobs-box--full-width jobs-box--with-cta-large jobs-description\n    \n     jobs-description--has-poster\n    \n     jobs-description--reformatted\n    \n    \" style=\"box-sizing: inherit; margin: var(--artdeco-reset-base-margin-zero); padding: 0px; border: var(--artdeco-reset-base-border-zero); vertical-align: var(--artdeco-reset-base-vertical-align-baseline); animation: 834ms ease 0s 1 normal none running fade-in; overflow-anchor: none;\"><article class=\"jobs-description__container\n      m4\" style=\"background-image: ; background-position-x: ; background-position-y: ; background-size: ; background-repeat-x: ; background-repeat-y: ; background-attachment: ; background-origin: ; background-clip: ; box-sizing: inherit; padding: 0px; border: var(--artdeco-reset-base-border-zero); vertical-align: var(--artdeco-reset-base-vertical-align-baseline); display: var(--artdeco-reset-base-display-block); position: relative; margin: 16px !important;\"><div class=\"jobs-description__content jobs-description-content\n        \" style=\"box-sizing: inherit; margin: var(--artdeco-reset-base-margin-zero); padding: var(--artdeco-reset-base-padding-zero); border: var(--artdeco-reset-base-border-zero); vertical-align: var(--artdeco-reset-base-vertical-align-baseline); background-image: ; background-position-x: ; background-position-y: ; background-size: ; background-repeat-x: ; background-repeat-y: ; background-attachment: ; background-origin: ; background-clip: ; flex-flow: row wrap; justify-content: space-between;\"><div class=\"jobs-box__html-content jobs-description-content__text t-14 t-normal\n          jobs-description-content__text--stretch\" id=\"job-details\" tabindex=\"-1\" data-artdeco-is-focused=\"true\" style=\"box-sizing: inherit; margin: 0px; padding: var(--artdeco-reset-base-padding-zero); border: var(--artdeco-reset-base-border-zero); vertical-align: var(--artdeco-reset-base-vertical-align-baseline); background-image: ; background-position-x: ; background-position-y: ; background-size: ; background-repeat-x: ; background-repeat-y: ; background-attachment: ; background-origin: ; background-clip: ; outline: none; --artdeco-reset-typography_getFontSize:1.4rem; --artdeco-reset-typography_getLineHeight:1.42857; line-height: var(--artdeco-reset-typography_getLineHeight); flex: 1 1 80%; overflow-wrap: break-word;\"><span style=\"box-sizing: inherit; margin: var(--artdeco-reset-base-margin-zero); padding: var(--artdeco-reset-base-padding-zero); border: var(--artdeco-reset-base-border-zero); vertical-align: var(--artdeco-reset-base-vertical-align-baseline); background-image: ; background-position-x: ; background-position-y: ; background-size: ; background-repeat-x: ; background-repeat-y: ; background-attachment: ; background-origin: ; background-clip: ; outline: var(--artdeco-reset-base-outline-zero);\"><p style=\"box-sizing: inherit; margin: var(--artdeco-reset-base-margin-zero); padding: var(--artdeco-reset-base-padding-zero); border: var(--artdeco-reset-base-border-zero); vertical-align: var(--artdeco-reset-base-vertical-align-baseline); background-image: ; background-position-x: ; background-position-y: ; background-size: ; background-repeat-x: ; background-repeat-y: ; background-attachment: ; background-origin: ; background-clip: ; --artdeco-reset-typography_getFontSize:1.6rem; --artdeco-reset-typography_getLineHeight:1.5; line-height: var(--artdeco-reset-typography_getLineHeight);\">JOB RESPONSIBILITIES:</p><ul style=\"color: var(--color-text); font-family: -apple-system, system-ui, BlinkMacSystemFont, &quot;Segoe UI&quot;, Roboto, &quot;Helvetica Neue&quot;, &quot;Fira Sans&quot;, Ubuntu, Oxygen, &quot;Oxygen Sans&quot;, Cantarell, &quot;Droid Sans&quot;, &quot;Apple Color Emoji&quot;, &quot;Segoe UI Emoji&quot;, &quot;Segoe UI Emoji&quot;, &quot;Segoe UI Symbol&quot;, &quot;Lucida Grande&quot;, Helvetica, Arial, sans-serif; font-size: var(--artdeco-reset-base-font-size-hundred-percent); font-weight: var(--artdeco-reset-typography-font-weight-normal); box-sizing: inherit; margin-left: 16px; padding-left: 18px; border: var(--artdeco-reset-base-border-zero); vertical-align: var(--artdeco-reset-base-vertical-align-baseline); background: var(--artdeco-reset-base-background-transparent);\"><li style=\"box-sizing: inherit; margin-top: ; margin-right: ; margin-bottom: ; margin-left: 16px; padding: var(--artdeco-reset-base-padding-zero); border: var(--artdeco-reset-base-border-zero); font-size: var(--artdeco-reset-base-font-size-hundred-percent); vertical-align: var(--artdeco-reset-base-vertical-align-baseline); background: var(--artdeco-reset-base-background-transparent);\">Support Customer Success - Sales team with questions on deals, sales policies and guidelines pricing/discounting.</li><li style=\"box-sizing: inherit; margin-top: ; margin-right: ; margin-bottom: ; margin-left: 16px; padding: var(--artdeco-reset-base-padding-zero); border: var(--artdeco-reset-base-border-zero); font-size: var(--artdeco-reset-base-font-size-hundred-percent); vertical-align: var(--artdeco-reset-base-vertical-align-baseline); background: var(--artdeco-reset-base-background-transparent);\">Responsible in enhancing and improving the use of the tool (Pricing Calculator) to adapt with business changes and make it more efficient for the user to scope a deal.</li><li style=\"box-sizing: inherit; margin-top: ; margin-right: ; margin-bottom: ; margin-left: 16px; padding: var(--artdeco-reset-base-padding-zero); border: var(--artdeco-reset-base-border-zero); font-size: var(--artdeco-reset-base-font-size-hundred-percent); vertical-align: var(--artdeco-reset-base-vertical-align-baseline); background: var(--artdeco-reset-base-background-transparent);\">Responsible to screen and analyze issue and enhancement requests that he/she needs to incorporate in the tool.</li><li style=\"box-sizing: inherit; margin-top: ; margin-right: ; margin-bottom: ; margin-left: 16px; padding: var(--artdeco-reset-base-padding-zero); border: var(--artdeco-reset-base-border-zero); font-size: var(--artdeco-reset-base-font-size-hundred-percent); vertical-align: var(--artdeco-reset-base-vertical-align-baseline); background: var(--artdeco-reset-base-background-transparent);\">Manage assigned queues deal &amp; request flow in alignment with priorities communicated by direct leadership.</li><li style=\"box-sizing: inherit; margin-top: ; margin-right: ; margin-bottom: ; margin-left: 16px; padding: var(--artdeco-reset-base-padding-zero); border: var(--artdeco-reset-base-border-zero); font-size: var(--artdeco-reset-base-font-size-hundred-percent); vertical-align: var(--artdeco-reset-base-vertical-align-baseline); background: var(--artdeco-reset-base-background-transparent);\">Collaborate and build proactive, positive relationships with peers, managers, professional services sales and operations, shared services, and account teams to ensure consistency within processes, determine best practices, and work efficiently</li><li style=\"box-sizing: inherit; margin-top: ; margin-right: ; margin-bottom: ; margin-left: 16px; padding: var(--artdeco-reset-base-padding-zero); border: var(--artdeco-reset-base-border-zero); font-size: var(--artdeco-reset-base-font-size-hundred-percent); vertical-align: var(--artdeco-reset-base-vertical-align-baseline); background: var(--artdeco-reset-base-background-transparent);\">Ensure compliance with published sales and business approval policies.</li><li style=\"box-sizing: inherit; margin-top: ; margin-right: ; margin-bottom: ; margin-left: 16px; padding: var(--artdeco-reset-base-padding-zero); border: var(--artdeco-reset-base-border-zero); font-size: var(--artdeco-reset-base-font-size-hundred-percent); vertical-align: var(--artdeco-reset-base-vertical-align-baseline); background: var(--artdeco-reset-base-background-transparent);\">Ability to work in fast-paced environment and shifting schedules.</li></ul><p style=\"color: var(--color-text); font-family: -apple-system, system-ui, BlinkMacSystemFont, &quot;Segoe UI&quot;, Roboto, &quot;Helvetica Neue&quot;, &quot;Fira Sans&quot;, Ubuntu, Oxygen, &quot;Oxygen Sans&quot;, Cantarell, &quot;Droid Sans&quot;, &quot;Apple Color Emoji&quot;, &quot;Segoe UI Emoji&quot;, &quot;Segoe UI Emoji&quot;, &quot;Segoe UI Symbol&quot;, &quot;Lucida Grande&quot;, Helvetica, Arial, sans-serif; font-size: var(--font-size-small); font-weight: var(--artdeco-reset-typography-font-weight-normal); box-sizing: inherit; margin: var(--artdeco-reset-base-margin-zero); padding: var(--artdeco-reset-base-padding-zero); border: var(--artdeco-reset-base-border-zero); vertical-align: var(--artdeco-reset-base-vertical-align-baseline); background: var(--artdeco-reset-base-background-transparent); --artdeco-reset-typography_getFontSize:1.6rem; --artdeco-reset-typography_getLineHeight:1.5; line-height: var(--artdeco-reset-typography_getLineHeight);\"></p><p style=\"color: var(--color-text); font-family: -apple-system, system-ui, BlinkMacSystemFont, &quot;Segoe UI&quot;, Roboto, &quot;Helvetica Neue&quot;, &quot;Fira Sans&quot;, Ubuntu, Oxygen, &quot;Oxygen Sans&quot;, Cantarell, &quot;Droid Sans&quot;, &quot;Apple Color Emoji&quot;, &quot;Segoe UI Emoji&quot;, &quot;Segoe UI Emoji&quot;, &quot;Segoe UI Symbol&quot;, &quot;Lucida Grande&quot;, Helvetica, Arial, sans-serif; font-size: var(--font-size-small); font-weight: var(--artdeco-reset-typography-font-weight-normal); box-sizing: inherit; margin: var(--artdeco-reset-base-margin-zero); padding: var(--artdeco-reset-base-padding-zero); border: var(--artdeco-reset-base-border-zero); vertical-align: var(--artdeco-reset-base-vertical-align-baseline); background: var(--artdeco-reset-base-background-transparent); --artdeco-reset-typography_getFontSize:1.6rem; --artdeco-reset-typography_getLineHeight:1.5; line-height: var(--artdeco-reset-typography_getLineHeight);\">EDUCATION &amp; EXPERIENCE:</p><ul style=\"color: var(--color-text); font-family: -apple-system, system-ui, BlinkMacSystemFont, &quot;Segoe UI&quot;, Roboto, &quot;Helvetica Neue&quot;, &quot;Fira Sans&quot;, Ubuntu, Oxygen, &quot;Oxygen Sans&quot;, Cantarell, &quot;Droid Sans&quot;, &quot;Apple Color Emoji&quot;, &quot;Segoe UI Emoji&quot;, &quot;Segoe UI Emoji&quot;, &quot;Segoe UI Symbol&quot;, &quot;Lucida Grande&quot;, Helvetica, Arial, sans-serif; font-size: var(--artdeco-reset-base-font-size-hundred-percent); font-weight: var(--artdeco-reset-typography-font-weight-normal); box-sizing: inherit; margin-left: 16px; padding-left: 18px; border: var(--artdeco-reset-base-border-zero); vertical-align: var(--artdeco-reset-base-vertical-align-baseline); background: var(--artdeco-reset-base-background-transparent);\"><li style=\"box-sizing: inherit; margin-top: ; margin-right: ; margin-bottom: ; margin-left: 16px; padding: var(--artdeco-reset-base-padding-zero); border: var(--artdeco-reset-base-border-zero); font-size: var(--artdeco-reset-base-font-size-hundred-percent); vertical-align: var(--artdeco-reset-base-vertical-align-baseline); background: var(--artdeco-reset-base-background-transparent);\">Bachelors Degree in Finance, Accounting, Business, Management Information Systems or related fields</li><li style=\"box-sizing: inherit; margin-top: ; margin-right: ; margin-bottom: ; margin-left: 16px; padding: var(--artdeco-reset-base-padding-zero); border: var(--artdeco-reset-base-border-zero); font-size: var(--artdeco-reset-base-font-size-hundred-percent); vertical-align: var(--artdeco-reset-base-vertical-align-baseline); background: var(--artdeco-reset-base-background-transparent);\">3+ years of total work experience required</li><li style=\"box-sizing: inherit; margin-top: ; margin-right: ; margin-bottom: ; margin-left: 16px; padding: var(--artdeco-reset-base-padding-zero); border: var(--artdeco-reset-base-border-zero); font-size: var(--artdeco-reset-base-font-size-hundred-percent); vertical-align: var(--artdeco-reset-base-vertical-align-baseline); background: var(--artdeco-reset-base-background-transparent);\">2+ years of related experience supporting global Professional Services/Customer Success organizations is an advantage</li><li style=\"box-sizing: inherit; margin-top: ; margin-right: ; margin-bottom: ; margin-left: 16px; padding: var(--artdeco-reset-base-padding-zero); border: var(--artdeco-reset-base-border-zero); font-size: var(--artdeco-reset-base-font-size-hundred-percent); vertical-align: var(--artdeco-reset-base-vertical-align-baseline); background: var(--artdeco-reset-base-background-transparent);\"><span style=\"box-sizing: inherit; margin: var(--artdeco-reset-base-margin-zero); padding: var(--artdeco-reset-base-padding-zero); border: var(--artdeco-reset-base-border-zero); font-size: var(--artdeco-reset-base-font-size-hundred-percent); vertical-align: var(--artdeco-reset-base-vertical-align-baseline); background: var(--artdeco-reset-base-background-transparent); outline: var(--artdeco-reset-base-outline-zero); font-weight: var(--artdeco-reset-typography-font-weight-bold);\">Strong Microsoft Excel Skills including experience with complex formulas and Macro.</span></li><li style=\"box-sizing: inherit; margin-top: ; margin-right: ; margin-bottom: ; margin-left: 16px; padding: var(--artdeco-reset-base-padding-zero); border: var(--artdeco-reset-base-border-zero); font-size: var(--artdeco-reset-base-font-size-hundred-percent); vertical-align: var(--artdeco-reset-base-vertical-align-baseline); background: var(--artdeco-reset-base-background-transparent);\">Willing to work flexible hours to support global operations.</li><li style=\"box-sizing: inherit; margin-top: ; margin-right: ; margin-bottom: ; margin-left: 16px; padding: var(--artdeco-reset-base-padding-zero); border: var(--artdeco-reset-base-border-zero); font-size: var(--artdeco-reset-base-font-size-hundred-percent); vertical-align: var(--artdeco-reset-base-vertical-align-baseline); background: var(--artdeco-reset-base-background-transparent);\">An ability to operate independently with limited direction/supervision</li><li style=\"box-sizing: inherit; margin-top: ; margin-right: ; margin-bottom: ; margin-left: 16px; padding: var(--artdeco-reset-base-padding-zero); border: var(--artdeco-reset-base-border-zero); font-size: var(--artdeco-reset-base-font-size-hundred-percent); vertical-align: var(--artdeco-reset-base-vertical-align-baseline); background: var(--artdeco-reset-base-background-transparent);\">Must be able to function as part of a team and adhere to strict deadlines in a fast-paced, ever evolving environment</li><li style=\"box-sizing: inherit; margin-top: ; margin-right: ; margin-bottom: ; margin-left: 16px; padding: var(--artdeco-reset-base-padding-zero); border: var(--artdeco-reset-base-border-zero); font-size: var(--artdeco-reset-base-font-size-hundred-percent); vertical-align: var(--artdeco-reset-base-vertical-align-baseline); background: var(--artdeco-reset-base-background-transparent);\">Must be a self-starter, detail oriented, w/ strong communication and organization skills</li><li style=\"box-sizing: inherit; margin-top: ; margin-right: ; margin-bottom: ; margin-left: 16px; padding: var(--artdeco-reset-base-padding-zero); border: var(--artdeco-reset-base-border-zero); font-size: var(--artdeco-reset-base-font-size-hundred-percent); vertical-align: var(--artdeco-reset-base-vertical-align-baseline); background: var(--artdeco-reset-base-background-transparent);\">Amenable to work in Makati, work from home setup until further notice; night shift.</li></ul></span></div></div></article></div>', '2022-04-30 20:06:00', '820081e6-8d8b-11ec-a6db-6c626d3a5d34', '62ca1c7d-8d5d-11ec-a6db-6c626d3a5d34', 12, '2022-02-14 20:06:59', '2022-03-05 00:45:43');
INSERT INTO `job_posts` (`job_post_id`, `manpower_request_id`, `is_salary_visible`, `content`, `expiration_date`, `job_category_id`, `posted_by`, `views`, `created_at`, `updated_at`) VALUES
('af3bed09-8d8e-11ec-a6db-6c626d3a5d34', 'bbb9a4bf-8d48-11ec-a6db-6c626d3a5d34', 1, '<p style=\"box-sizing: inherit; margin: var(--artdeco-reset-base-margin-zero); padding: var(--artdeco-reset-base-padding-zero); border: var(--artdeco-reset-base-border-zero); vertical-align: var(--artdeco-reset-base-vertical-align-baseline); --artdeco-reset-typography_getFontSize:1.6rem; --artdeco-reset-typography_getLineHeight:1.5; line-height: var(--artdeco-reset-typography_getLineHeight);\"><span style=\"box-sizing: inherit; margin: var(--artdeco-reset-base-margin-zero); padding: var(--artdeco-reset-base-padding-zero); border: var(--artdeco-reset-base-border-zero); vertical-align: var(--artdeco-reset-base-vertical-align-baseline); outline: var(--artdeco-reset-base-outline-zero);\">Position Summary</span></p><p style=\"box-sizing: inherit; margin: var(--artdeco-reset-base-margin-zero); padding: var(--artdeco-reset-base-padding-zero); border: var(--artdeco-reset-base-border-zero); vertical-align: var(--artdeco-reset-base-vertical-align-baseline); --artdeco-reset-typography_getFontSize:1.6rem; --artdeco-reset-typography_getLineHeight:1.5; line-height: var(--artdeco-reset-typography_getLineHeight);\">The Company Nurse is responsible for providing basic healthcare services to the staff and providing general first aid when needed, along with assessing employee health risks and promoting employee health and wellness.</p><p style=\"box-sizing: inherit; margin: var(--artdeco-reset-base-margin-zero); padding: var(--artdeco-reset-base-padding-zero); border: var(--artdeco-reset-base-border-zero); vertical-align: var(--artdeco-reset-base-vertical-align-baseline); --artdeco-reset-typography_getFontSize:1.6rem; --artdeco-reset-typography_getLineHeight:1.5; line-height: var(--artdeco-reset-typography_getLineHeight);\"><br style=\"box-sizing: inherit;\"></p><p style=\"box-sizing: inherit; margin: var(--artdeco-reset-base-margin-zero); padding: var(--artdeco-reset-base-padding-zero); border: var(--artdeco-reset-base-border-zero); vertical-align: var(--artdeco-reset-base-vertical-align-baseline); --artdeco-reset-typography_getFontSize:1.6rem; --artdeco-reset-typography_getLineHeight:1.5; line-height: var(--artdeco-reset-typography_getLineHeight);\"><span style=\"box-sizing: inherit; margin: var(--artdeco-reset-base-margin-zero); padding: var(--artdeco-reset-base-padding-zero); border: var(--artdeco-reset-base-border-zero); vertical-align: var(--artdeco-reset-base-vertical-align-baseline); outline: var(--artdeco-reset-base-outline-zero);\">Responsibilities / Duties</span></p><p style=\"box-sizing: inherit; margin: var(--artdeco-reset-base-margin-zero); padding: var(--artdeco-reset-base-padding-zero); border: var(--artdeco-reset-base-border-zero); vertical-align: var(--artdeco-reset-base-vertical-align-baseline); --artdeco-reset-typography_getFontSize:1.6rem; --artdeco-reset-typography_getLineHeight:1.5; line-height: var(--artdeco-reset-typography_getLineHeight);\">The Company Nurse\'s duties and responsibilities include but not limited to;</p><ul style=\"box-sizing: inherit; margin-left: 16px; padding-left: 18px; border: var(--artdeco-reset-base-border-zero); vertical-align: var(--artdeco-reset-base-vertical-align-baseline);\"><li style=\"box-sizing: inherit; margin-left: 16px; padding: var(--artdeco-reset-base-padding-zero); border: var(--artdeco-reset-base-border-zero); vertical-align: var(--artdeco-reset-base-vertical-align-baseline);\">Provide consultation services, first aid treatments, and medications to employees.</li><li style=\"box-sizing: inherit; margin-left: 16px; padding: var(--artdeco-reset-base-padding-zero); border: var(--artdeco-reset-base-border-zero); vertical-align: var(--artdeco-reset-base-vertical-align-baseline);\">Handle health maintenance services and prepare Annual Medical reports for submission to DOLE.</li><li style=\"box-sizing: inherit; margin-left: 16px; padding: var(--artdeco-reset-base-padding-zero); border: var(--artdeco-reset-base-border-zero); vertical-align: var(--artdeco-reset-base-vertical-align-baseline);\">Control dispensing of vitamins and medicine supplies to employees and monitor inventory of medicines and other medical supplies.</li><li style=\"box-sizing: inherit; margin-left: 16px; padding: var(--artdeco-reset-base-padding-zero); border: var(--artdeco-reset-base-border-zero); vertical-align: var(--artdeco-reset-base-vertical-align-baseline);\">Validate submitted Medical Certificates and RT-PCR/Antigen Test of the staff. Report to immediate superior any discrepancies found in the result.</li><li style=\"box-sizing: inherit; margin-left: 16px; padding: var(--artdeco-reset-base-padding-zero); border: var(--artdeco-reset-base-border-zero); vertical-align: var(--artdeco-reset-base-vertical-align-baseline);\">Provide assistance to employees in availing medical services through HMO accredited hospitals, as needed.</li><li style=\"box-sizing: inherit; margin-left: 16px; padding: var(--artdeco-reset-base-padding-zero); border: var(--artdeco-reset-base-border-zero); vertical-align: var(--artdeco-reset-base-vertical-align-baseline);\">Maintain proper health reporting and recording system, ensuring medical confidentiality of clinic and patient information as well as providing non-confidential reports to site management as required. Identify potential occupational illnesses and refer to the company health adviser.</li><li style=\"box-sizing: inherit; margin-left: 16px; padding: var(--artdeco-reset-base-padding-zero); border: var(--artdeco-reset-base-border-zero); vertical-align: var(--artdeco-reset-base-vertical-align-baseline);\">Responsible for coordinating and facilitating Company\'s Annual Physical Examination.</li><li style=\"box-sizing: inherit; margin-left: 16px; padding: var(--artdeco-reset-base-padding-zero); border: var(--artdeco-reset-base-border-zero); vertical-align: var(--artdeco-reset-base-vertical-align-baseline);\">Assist with Employee Relation issues such as addressing employee concerns, development, and implementation of HR policies regarding occupational health and safety.</li><li style=\"box-sizing: inherit; margin-left: 16px; padding: var(--artdeco-reset-base-padding-zero); border: var(--artdeco-reset-base-border-zero); vertical-align: var(--artdeco-reset-base-vertical-align-baseline);\">Prepare health and safety reports including but not limited to summary of consultations and sick applications and COVID monitoring.</li><li style=\"box-sizing: inherit; margin-left: 16px; padding: var(--artdeco-reset-base-padding-zero); border: var(--artdeco-reset-base-border-zero); vertical-align: var(--artdeco-reset-base-vertical-align-baseline);\">Organizing of company-sponsored events and activities, especially with regards to Health and Wellness.</li></ul>', NULL, '8d5efdc4-8d8b-11ec-a6db-6c626d3a5d34', '62ca1c7d-8d5d-11ec-a6db-6c626d3a5d34', 49, '2022-02-14 20:07:29', '2022-03-05 00:45:51'),
('b58c78d1-9bcc-11ec-9bb5-6c626d3a5d34', 'c57904d9-912b-11ec-aea7-6c626d3a5d34', 1, '<p style=\"box-sizing: inherit; margin: var(--artdeco-reset-base-margin-zero); padding: var(--artdeco-reset-base-padding-zero); border: var(--artdeco-reset-base-border-zero); vertical-align: var(--artdeco-reset-base-vertical-align-baseline); --artdeco-reset-typography_getFontSize:1.6rem; --artdeco-reset-typography_getLineHeight:1.5; line-height: var(--artdeco-reset-typography_getLineHeight);\"><span style=\"background-image: ; background-position-x: ; background-position-y: ; background-size: ; background-repeat-x: ; background-repeat-y: ; background-attachment: ; background-origin: ; background-clip: ; box-sizing: inherit; margin: var(--artdeco-reset-base-margin-zero); padding: var(--artdeco-reset-base-padding-zero); border: var(--artdeco-reset-base-border-zero); vertical-align: var(--artdeco-reset-base-vertical-align-baseline); outline: var(--artdeco-reset-base-outline-zero);\"><span style=\"box-sizing: inherit;\"><b>Description of Position &amp; Purpose</b></span></span></p><p style=\"box-sizing: inherit; margin: var(--artdeco-reset-base-margin-zero); padding: var(--artdeco-reset-base-padding-zero); border: var(--artdeco-reset-base-border-zero); vertical-align: var(--artdeco-reset-base-vertical-align-baseline); --artdeco-reset-typography_getFontSize:1.6rem; --artdeco-reset-typography_getLineHeight:1.5; line-height: var(--artdeco-reset-typography_getLineHeight);\">The OP Coder is responsible for assigning diagnostic and procedural codes (outpatient ancillary records and emergency department) to patient charts, of low to moderate complexity, using: ICD-10-CM, CPT and HCPCS or any other designated coding classification system in accordance with coding rules and regulations. They abide by the Standards of Ethical Coding as set forth by AHIMA. The OP Coder is also responsible for abstracting clinical and other data elements into the medical record.</p><p style=\"box-sizing: inherit; margin: var(--artdeco-reset-base-margin-zero); padding: var(--artdeco-reset-base-padding-zero); border: var(--artdeco-reset-base-border-zero); vertical-align: var(--artdeco-reset-base-vertical-align-baseline); --artdeco-reset-typography_getFontSize:1.6rem; --artdeco-reset-typography_getLineHeight:1.5; line-height: var(--artdeco-reset-typography_getLineHeight);\"></p><p style=\"box-sizing: inherit; margin: var(--artdeco-reset-base-margin-zero); padding: var(--artdeco-reset-base-padding-zero); border: var(--artdeco-reset-base-border-zero); vertical-align: var(--artdeco-reset-base-vertical-align-baseline); --artdeco-reset-typography_getFontSize:1.6rem; --artdeco-reset-typography_getLineHeight:1.5; line-height: var(--artdeco-reset-typography_getLineHeight);\"><span style=\"box-sizing: inherit; margin: var(--artdeco-reset-base-margin-zero); padding: var(--artdeco-reset-base-padding-zero); border: var(--artdeco-reset-base-border-zero); vertical-align: var(--artdeco-reset-base-vertical-align-baseline); background-image: ; background-position-x: ; background-position-y: ; background-size: ; background-repeat-x: ; background-repeat-y: ; background-attachment: ; background-origin: ; background-clip: ; outline: var(--artdeco-reset-base-outline-zero);\"><span style=\"box-sizing: inherit;\">Knowledge, skills and abilities</span></span></p><ul style=\"box-sizing: inherit; margin-left: 16px; padding-left: 18px; border: var(--artdeco-reset-base-border-zero); vertical-align: var(--artdeco-reset-base-vertical-align-baseline);\"><li style=\"box-sizing: inherit; margin-left: 16px; padding: var(--artdeco-reset-base-padding-zero); border: var(--artdeco-reset-base-border-zero); vertical-align: var(--artdeco-reset-base-vertical-align-baseline); background-image: ; background-position-x: ; background-position-y: ; background-size: ; background-repeat-x: ; background-repeat-y: ; background-attachment: ; background-origin: ; background-clip: ;\">Proficient in outpatient diagnosis coding guidelines</li><li style=\"box-sizing: inherit; margin-left: 16px; padding: var(--artdeco-reset-base-padding-zero); border: var(--artdeco-reset-base-border-zero); vertical-align: var(--artdeco-reset-base-vertical-align-baseline); background-image: ; background-position-x: ; background-position-y: ; background-size: ; background-repeat-x: ; background-repeat-y: ; background-attachment: ; background-origin: ; background-clip: ;\">Proficient in CPT/HCPCS code assignment including Evaluation &amp; Management facility coding guidelines</li><li style=\"box-sizing: inherit; margin-left: 16px; padding: var(--artdeco-reset-base-padding-zero); border: var(--artdeco-reset-base-border-zero); vertical-align: var(--artdeco-reset-base-vertical-align-baseline); background-image: ; background-position-x: ; background-position-y: ; background-size: ; background-repeat-x: ; background-repeat-y: ; background-attachment: ; background-origin: ; background-clip: ;\">Ability to assign corresponding PCS codes (after dates of service 10/1/2014) preferred but not required</li><li style=\"box-sizing: inherit; margin-left: 16px; padding: var(--artdeco-reset-base-padding-zero); border: var(--artdeco-reset-base-border-zero); vertical-align: var(--artdeco-reset-base-vertical-align-baseline); background-image: ; background-position-x: ; background-position-y: ; background-size: ; background-repeat-x: ; background-repeat-y: ; background-attachment: ; background-origin: ; background-clip: ;\">Working knowledge of the Outpatient Prospective Payment System (OPPS)</li><li style=\"box-sizing: inherit; margin-left: 16px; padding: var(--artdeco-reset-base-padding-zero); border: var(--artdeco-reset-base-border-zero); vertical-align: var(--artdeco-reset-base-vertical-align-baseline); background-image: ; background-position-x: ; background-position-y: ; background-size: ; background-repeat-x: ; background-repeat-y: ; background-attachment: ; background-origin: ; background-clip: ;\">Adept at comparing documentation, code assignment and charge in the financial system for accuracy and completeness and elevating concerns to the appropriate manager</li><li style=\"box-sizing: inherit; margin-left: 16px; padding: var(--artdeco-reset-base-padding-zero); border: var(--artdeco-reset-base-border-zero); vertical-align: var(--artdeco-reset-base-vertical-align-baseline); background-image: ; background-position-x: ; background-position-y: ; background-size: ; background-repeat-x: ; background-repeat-y: ; background-attachment: ; background-origin: ; background-clip: ;\">Functional knowledge of facility EMR, encoder and other support software</li><li style=\"box-sizing: inherit; margin-left: 16px; padding: var(--artdeco-reset-base-padding-zero); border: var(--artdeco-reset-base-border-zero); vertical-align: var(--artdeco-reset-base-vertical-align-baseline); background-image: ; background-position-x: ; background-position-y: ; background-size: ; background-repeat-x: ; background-repeat-y: ; background-attachment: ; background-origin: ; background-clip: ;\">Ability to establish and maintain effective working relationships as required by the duties of the position</li><li style=\"box-sizing: inherit; margin-left: 16px; padding: var(--artdeco-reset-base-padding-zero); border: var(--artdeco-reset-base-border-zero); vertical-align: var(--artdeco-reset-base-vertical-align-baseline); background-image: ; background-position-x: ; background-position-y: ; background-size: ; background-repeat-x: ; background-repeat-y: ; background-attachment: ; background-origin: ; background-clip: ;\">Ability to concentrate and accomplish tasks with explicit accuracy</li><li style=\"box-sizing: inherit; margin-left: 16px; padding: var(--artdeco-reset-base-padding-zero); border: var(--artdeco-reset-base-border-zero); vertical-align: var(--artdeco-reset-base-vertical-align-baseline); background-image: ; background-position-x: ; background-position-y: ; background-size: ; background-repeat-x: ; background-repeat-y: ; background-attachment: ; background-origin: ; background-clip: ;\">Ability to use office equipment and automated systems/applications/software at an acceptable level of proficiency</li></ul><p style=\"box-sizing: inherit; margin: var(--artdeco-reset-base-margin-zero); padding: var(--artdeco-reset-base-padding-zero); border: var(--artdeco-reset-base-border-zero); vertical-align: var(--artdeco-reset-base-vertical-align-baseline); --artdeco-reset-typography_getFontSize:1.6rem; --artdeco-reset-typography_getLineHeight:1.5; line-height: var(--artdeco-reset-typography_getLineHeight);\"></p><p style=\"box-sizing: inherit; margin: var(--artdeco-reset-base-margin-zero); padding: var(--artdeco-reset-base-padding-zero); border: var(--artdeco-reset-base-border-zero); vertical-align: var(--artdeco-reset-base-vertical-align-baseline); --artdeco-reset-typography_getFontSize:1.6rem; --artdeco-reset-typography_getLineHeight:1.5; line-height: var(--artdeco-reset-typography_getLineHeight);\"><span style=\"box-sizing: inherit; margin: var(--artdeco-reset-base-margin-zero); padding: var(--artdeco-reset-base-padding-zero); border: var(--artdeco-reset-base-border-zero); vertical-align: var(--artdeco-reset-base-vertical-align-baseline); background-image: ; background-position-x: ; background-position-y: ; background-size: ; background-repeat-x: ; background-repeat-y: ; background-attachment: ; background-origin: ; background-clip: ; outline: var(--artdeco-reset-base-outline-zero);\"><span style=\"box-sizing: inherit;\"><b>Qualifications</b></span></span></p><ul style=\"box-sizing: inherit; margin-left: 16px; padding-left: 18px; border: var(--artdeco-reset-base-border-zero); vertical-align: var(--artdeco-reset-base-vertical-align-baseline);\"><li style=\"background-image: ; background-position-x: ; background-position-y: ; background-size: ; background-repeat-x: ; background-repeat-y: ; background-attachment: ; background-origin: ; background-clip: ; box-sizing: inherit; margin-left: 16px; padding: var(--artdeco-reset-base-padding-zero); border: var(--artdeco-reset-base-border-zero); vertical-align: var(--artdeco-reset-base-vertical-align-baseline);\">One year of experience performing outpatient medical record coding in acute care setting</li><li style=\"background-image: ; background-position-x: ; background-position-y: ; background-size: ; background-repeat-x: ; background-repeat-y: ; background-attachment: ; background-origin: ; background-clip: ; box-sizing: inherit; margin-left: 16px; padding: var(--artdeco-reset-base-padding-zero); border: var(--artdeco-reset-base-border-zero); vertical-align: var(--artdeco-reset-base-vertical-align-baseline);\">Bachelors degree. Completion of basic coding course (academic, seminar, workshop or facility-based), including medical terminology and basic anatomy and physiology, or an equivalent combination of education and experience.</li><li style=\"background-image: ; background-position-x: ; background-position-y: ; background-size: ; background-repeat-x: ; background-repeat-y: ; background-attachment: ; background-origin: ; background-clip: ; box-sizing: inherit; margin-left: 16px; padding: var(--artdeco-reset-base-padding-zero); border: var(--artdeco-reset-base-border-zero); vertical-align: var(--artdeco-reset-base-vertical-align-baseline);\">AHIMA or AAPC approved credential required</li><li style=\"background-image: ; background-position-x: ; background-position-y: ; background-size: ; background-repeat-x: ; background-repeat-y: ; background-attachment: ; background-origin: ; background-clip: ; box-sizing: inherit; margin-left: 16px; padding: var(--artdeco-reset-base-padding-zero); border: var(--artdeco-reset-base-border-zero); vertical-align: var(--artdeco-reset-base-vertical-align-baseline);\">Preferred Computer Applications: Microsoft Office applications, 3M Encoder, Cerner, EPIC, Meditech, and others as required</li></ul>', NULL, '2d468441-914c-11ec-aea7-6c626d3a5d34', '62ca1c7d-8d5d-11ec-a6db-6c626d3a5d34', 15, '2022-03-04 23:06:44', '2022-03-08 14:50:37'),
('c5843f55-8d8e-11ec-a6db-6c626d3a5d34', '6a2a8d33-8d46-11ec-a6db-6c626d3a5d34', 1, '<p style=\"box-sizing: inherit; margin: var(--artdeco-reset-base-margin-zero); padding: var(--artdeco-reset-base-padding-zero); border: var(--artdeco-reset-base-border-zero); vertical-align: var(--artdeco-reset-base-vertical-align-baseline); --artdeco-reset-typography_getFontSize:1.6rem; --artdeco-reset-typography_getLineHeight:1.5; line-height: var(--artdeco-reset-typography_getLineHeight);\"><span style=\"background-image: ; background-position-x: ; background-position-y: ; background-size: ; background-repeat-x: ; background-repeat-y: ; background-attachment: ; background-origin: ; background-clip: ; box-sizing: inherit; margin: var(--artdeco-reset-base-margin-zero); padding: var(--artdeco-reset-base-padding-zero); border: var(--artdeco-reset-base-border-zero); vertical-align: var(--artdeco-reset-base-vertical-align-baseline); outline: var(--artdeco-reset-base-outline-zero);\">RESPONSIBILITIES:</span></p><p style=\"box-sizing: inherit; margin: var(--artdeco-reset-base-margin-zero); padding: var(--artdeco-reset-base-padding-zero); border: var(--artdeco-reset-base-border-zero); vertical-align: var(--artdeco-reset-base-vertical-align-baseline); --artdeco-reset-typography_getFontSize:1.6rem; --artdeco-reset-typography_getLineHeight:1.5; line-height: var(--artdeco-reset-typography_getLineHeight);\"><br style=\"box-sizing: inherit;\"></p><p style=\"box-sizing: inherit; margin: var(--artdeco-reset-base-margin-zero); padding: var(--artdeco-reset-base-padding-zero); border: var(--artdeco-reset-base-border-zero); vertical-align: var(--artdeco-reset-base-vertical-align-baseline); --artdeco-reset-typography_getFontSize:1.6rem; --artdeco-reset-typography_getLineHeight:1.5; line-height: var(--artdeco-reset-typography_getLineHeight);\"> Facilitate and lead process workshops that involve eliciting process requirements and liaising with users</p><p style=\"box-sizing: inherit; margin: var(--artdeco-reset-base-margin-zero); padding: var(--artdeco-reset-base-padding-zero); border: var(--artdeco-reset-base-border-zero); vertical-align: var(--artdeco-reset-base-vertical-align-baseline); --artdeco-reset-typography_getFontSize:1.6rem; --artdeco-reset-typography_getLineHeight:1.5; line-height: var(--artdeco-reset-typography_getLineHeight);\"> Manage process change and educate business users and medical teams responsible for managing and operating business processes</p><p style=\"box-sizing: inherit; margin: var(--artdeco-reset-base-margin-zero); padding: var(--artdeco-reset-base-padding-zero); border: var(--artdeco-reset-base-border-zero); vertical-align: var(--artdeco-reset-base-vertical-align-baseline); --artdeco-reset-typography_getFontSize:1.6rem; --artdeco-reset-typography_getLineHeight:1.5; line-height: var(--artdeco-reset-typography_getLineHeight);\"> Closely work, collaborate, and meet with hospitals key stakeholders, during evaluation, design, planning and implementation of the IT Applications of the hospitals:</p><p style=\"box-sizing: inherit; margin: var(--artdeco-reset-base-margin-zero); padding: var(--artdeco-reset-base-padding-zero); border: var(--artdeco-reset-base-border-zero); vertical-align: var(--artdeco-reset-base-vertical-align-baseline); --artdeco-reset-typography_getFontSize:1.6rem; --artdeco-reset-typography_getLineHeight:1.5; line-height: var(--artdeco-reset-typography_getLineHeight);\"> TeleMedicine / TeleHealth Applications</p><p style=\"box-sizing: inherit; margin: var(--artdeco-reset-base-margin-zero); padding: var(--artdeco-reset-base-padding-zero); border: var(--artdeco-reset-base-border-zero); vertical-align: var(--artdeco-reset-base-vertical-align-baseline); --artdeco-reset-typography_getFontSize:1.6rem; --artdeco-reset-typography_getLineHeight:1.5; line-height: var(--artdeco-reset-typography_getLineHeight);\"> Mobile Applications</p><p style=\"box-sizing: inherit; margin: var(--artdeco-reset-base-margin-zero); padding: var(--artdeco-reset-base-padding-zero); border: var(--artdeco-reset-base-border-zero); vertical-align: var(--artdeco-reset-base-vertical-align-baseline); --artdeco-reset-typography_getFontSize:1.6rem; --artdeco-reset-typography_getLineHeight:1.5; line-height: var(--artdeco-reset-typography_getLineHeight);\"> Web Sites and other Web- based Applications</p><p style=\"box-sizing: inherit; margin: var(--artdeco-reset-base-margin-zero); padding: var(--artdeco-reset-base-padding-zero); border: var(--artdeco-reset-base-border-zero); vertical-align: var(--artdeco-reset-base-vertical-align-baseline); --artdeco-reset-typography_getFontSize:1.6rem; --artdeco-reset-typography_getLineHeight:1.5; line-height: var(--artdeco-reset-typography_getLineHeight);\"> Cloud-based Applications</p><p style=\"box-sizing: inherit; margin: var(--artdeco-reset-base-margin-zero); padding: var(--artdeco-reset-base-padding-zero); border: var(--artdeco-reset-base-border-zero); vertical-align: var(--artdeco-reset-base-vertical-align-baseline); --artdeco-reset-typography_getFontSize:1.6rem; --artdeco-reset-typography_getLineHeight:1.5; line-height: var(--artdeco-reset-typography_getLineHeight);\"> Hospital Information Systems (HIS)</p><p style=\"box-sizing: inherit; margin: var(--artdeco-reset-base-margin-zero); padding: var(--artdeco-reset-base-padding-zero); border: var(--artdeco-reset-base-border-zero); vertical-align: var(--artdeco-reset-base-vertical-align-baseline); --artdeco-reset-typography_getFontSize:1.6rem; --artdeco-reset-typography_getLineHeight:1.5; line-height: var(--artdeco-reset-typography_getLineHeight);\"> Human Resource Information Systems (HRIS)</p><p style=\"box-sizing: inherit; margin: var(--artdeco-reset-base-margin-zero); padding: var(--artdeco-reset-base-padding-zero); border: var(--artdeco-reset-base-border-zero); vertical-align: var(--artdeco-reset-base-vertical-align-baseline); --artdeco-reset-typography_getFontSize:1.6rem; --artdeco-reset-typography_getLineHeight:1.5; line-height: var(--artdeco-reset-typography_getLineHeight);\"> Integration Requirements with other Hospital Systems</p><p style=\"box-sizing: inherit; margin: var(--artdeco-reset-base-margin-zero); padding: var(--artdeco-reset-base-padding-zero); border: var(--artdeco-reset-base-border-zero); vertical-align: var(--artdeco-reset-base-vertical-align-baseline); --artdeco-reset-typography_getFontSize:1.6rem; --artdeco-reset-typography_getLineHeight:1.5; line-height: var(--artdeco-reset-typography_getLineHeight);\"> Data Warehouse and Reporting Tools</p><p style=\"box-sizing: inherit; margin: var(--artdeco-reset-base-margin-zero); padding: var(--artdeco-reset-base-padding-zero); border: var(--artdeco-reset-base-border-zero); vertical-align: var(--artdeco-reset-base-vertical-align-baseline); --artdeco-reset-typography_getFontSize:1.6rem; --artdeco-reset-typography_getLineHeight:1.5; line-height: var(--artdeco-reset-typography_getLineHeight);\"> Observe processes in action, monitor, measure and provide feedback on process performance</p><p style=\"box-sizing: inherit; margin: var(--artdeco-reset-base-margin-zero); padding: var(--artdeco-reset-base-padding-zero); border: var(--artdeco-reset-base-border-zero); vertical-align: var(--artdeco-reset-base-vertical-align-baseline); --artdeco-reset-typography_getFontSize:1.6rem; --artdeco-reset-typography_getLineHeight:1.5; line-height: var(--artdeco-reset-typography_getLineHeight);\"> Closely work with hospital teams and the subject matter experts to find the best way to design new processes and solve process-related problems</p><p style=\"box-sizing: inherit; margin: var(--artdeco-reset-base-margin-zero); padding: var(--artdeco-reset-base-padding-zero); border: var(--artdeco-reset-base-border-zero); vertical-align: var(--artdeco-reset-base-vertical-align-baseline); --artdeco-reset-typography_getFontSize:1.6rem; --artdeco-reset-typography_getLineHeight:1.5; line-height: var(--artdeco-reset-typography_getLineHeight);\"> Interpret business requirements for the development of Group IT projects</p><p style=\"box-sizing: inherit; margin: var(--artdeco-reset-base-margin-zero); padding: var(--artdeco-reset-base-padding-zero); border: var(--artdeco-reset-base-border-zero); vertical-align: var(--artdeco-reset-base-vertical-align-baseline); --artdeco-reset-typography_getFontSize:1.6rem; --artdeco-reset-typography_getLineHeight:1.5; line-height: var(--artdeco-reset-typography_getLineHeight);\"> Document any information elicited using process maps and business requirements documents via business process modelling notations (BPMN, EPC, BPEL)</p><p style=\"box-sizing: inherit; margin: var(--artdeco-reset-base-margin-zero); padding: var(--artdeco-reset-base-padding-zero); border: var(--artdeco-reset-base-border-zero); vertical-align: var(--artdeco-reset-base-vertical-align-baseline); --artdeco-reset-typography_getFontSize:1.6rem; --artdeco-reset-typography_getLineHeight:1.5; line-height: var(--artdeco-reset-typography_getLineHeight);\"> Perform other duties and tasks and handle other projects assigned by the Group IT Digital Apps Lead</p><p style=\"box-sizing: inherit; margin: var(--artdeco-reset-base-margin-zero); padding: var(--artdeco-reset-base-padding-zero); border: var(--artdeco-reset-base-border-zero); vertical-align: var(--artdeco-reset-base-vertical-align-baseline); --artdeco-reset-typography_getFontSize:1.6rem; --artdeco-reset-typography_getLineHeight:1.5; line-height: var(--artdeco-reset-typography_getLineHeight);\"> Assist in the assessment (as needed) for on-boarding new Hospitals.</p><p style=\"box-sizing: inherit; margin: var(--artdeco-reset-base-margin-zero); padding: var(--artdeco-reset-base-padding-zero); border: var(--artdeco-reset-base-border-zero); vertical-align: var(--artdeco-reset-base-vertical-align-baseline); --artdeco-reset-typography_getFontSize:1.6rem; --artdeco-reset-typography_getLineHeight:1.5; line-height: var(--artdeco-reset-typography_getLineHeight);\"><br style=\"box-sizing: inherit;\"></p><p style=\"box-sizing: inherit; margin: var(--artdeco-reset-base-margin-zero); padding: var(--artdeco-reset-base-padding-zero); border: var(--artdeco-reset-base-border-zero); vertical-align: var(--artdeco-reset-base-vertical-align-baseline); --artdeco-reset-typography_getFontSize:1.6rem; --artdeco-reset-typography_getLineHeight:1.5; line-height: var(--artdeco-reset-typography_getLineHeight);\"><span style=\"box-sizing: inherit; margin: var(--artdeco-reset-base-margin-zero); padding: var(--artdeco-reset-base-padding-zero); border: var(--artdeco-reset-base-border-zero); vertical-align: var(--artdeco-reset-base-vertical-align-baseline); background-image: ; background-position-x: ; background-position-y: ; background-size: ; background-repeat-x: ; background-repeat-y: ; background-attachment: ; background-origin: ; background-clip: ; outline: var(--artdeco-reset-base-outline-zero);\">MUST HAVE SKILLS:</span></p><p style=\"box-sizing: inherit; margin: var(--artdeco-reset-base-margin-zero); padding: var(--artdeco-reset-base-padding-zero); border: var(--artdeco-reset-base-border-zero); vertical-align: var(--artdeco-reset-base-vertical-align-baseline); --artdeco-reset-typography_getFontSize:1.6rem; --artdeco-reset-typography_getLineHeight:1.5; line-height: var(--artdeco-reset-typography_getLineHeight);\"><span style=\"box-sizing: inherit; margin: var(--artdeco-reset-base-margin-zero); padding: var(--artdeco-reset-base-padding-zero); border: var(--artdeco-reset-base-border-zero); vertical-align: var(--artdeco-reset-base-vertical-align-baseline); background-image: ; background-position-x: ; background-position-y: ; background-size: ; background-repeat-x: ; background-repeat-y: ; background-attachment: ; background-origin: ; background-clip: ; outline: var(--artdeco-reset-base-outline-zero);\"></span></p><p style=\"box-sizing: inherit; margin: var(--artdeco-reset-base-margin-zero); padding: var(--artdeco-reset-base-padding-zero); border: var(--artdeco-reset-base-border-zero); vertical-align: var(--artdeco-reset-base-vertical-align-baseline); --artdeco-reset-typography_getFontSize:1.6rem; --artdeco-reset-typography_getLineHeight:1.5; line-height: var(--artdeco-reset-typography_getLineHeight);\"> The Group IT Business Process Analyst / Systems Analyst shall have the necessary soft skills in order to navigate through the enterprise, knowing who to engage, when and how</p><p style=\"box-sizing: inherit; margin: var(--artdeco-reset-base-margin-zero); padding: var(--artdeco-reset-base-padding-zero); border: var(--artdeco-reset-base-border-zero); vertical-align: var(--artdeco-reset-base-vertical-align-baseline); --artdeco-reset-typography_getFontSize:1.6rem; --artdeco-reset-typography_getLineHeight:1.5; line-height: var(--artdeco-reset-typography_getLineHeight);\"> Capable of both strategic and operational thinking as well as the attention to detail to focus on the big picture (such as corporate vision and business strategy)</p><p style=\"box-sizing: inherit; margin: var(--artdeco-reset-base-margin-zero); padding: var(--artdeco-reset-base-padding-zero); border: var(--artdeco-reset-base-border-zero); vertical-align: var(--artdeco-reset-base-vertical-align-baseline); --artdeco-reset-typography_getFontSize:1.6rem; --artdeco-reset-typography_getLineHeight:1.5; line-height: var(--artdeco-reset-typography_getLineHeight);\"> Applies their knowledge of business process modelling notations (BPMN, EPC, BPEL) to documenting processes</p><p style=\"box-sizing: inherit; margin: var(--artdeco-reset-base-margin-zero); padding: var(--artdeco-reset-base-padding-zero); border: var(--artdeco-reset-base-border-zero); vertical-align: var(--artdeco-reset-base-vertical-align-baseline); --artdeco-reset-typography_getFontSize:1.6rem; --artdeco-reset-typography_getLineHeight:1.5; line-height: var(--artdeco-reset-typography_getLineHeight);\"> Has clear understanding of how ERP, BPM, CRM, and BI tools operate</p><p style=\"box-sizing: inherit; margin: var(--artdeco-reset-base-margin-zero); padding: var(--artdeco-reset-base-padding-zero); border: var(--artdeco-reset-base-border-zero); vertical-align: var(--artdeco-reset-base-vertical-align-baseline); --artdeco-reset-typography_getFontSize:1.6rem; --artdeco-reset-typography_getLineHeight:1.5; line-height: var(--artdeco-reset-typography_getLineHeight);\"> Understands protocols like SOAP, WSDL, XML and other key protocols which are necessary for application integrations via Integration Engines and Middleware</p>', '2022-03-04 18:43:53', '820081e6-8d8b-11ec-a6db-6c626d3a5d34', '62ca1c7d-8d5d-11ec-a6db-6c626d3a5d34', 23, '2022-02-14 20:08:07', '2022-03-22 18:03:52'),
('cda092dc-913f-11ec-aea7-6c626d3a5d34', '382795a1-8d4a-11ec-a6db-6c626d3a5d34', 0, '<p style=\"box-sizing: inherit; margin: var(--artdeco-reset-base-margin-zero); padding: var(--artdeco-reset-base-padding-zero); border: var(--artdeco-reset-base-border-zero); vertical-align: var(--artdeco-reset-base-vertical-align-baseline); --artdeco-reset-typography_getFontSize:1.6rem; --artdeco-reset-typography_getLineHeight:1.5; line-height: var(--artdeco-reset-typography_getLineHeight);\"><span style=\"background-image: ; background-position-x: ; background-position-y: ; background-size: ; background-repeat-x: ; background-repeat-y: ; background-attachment: ; background-origin: ; background-clip: ; box-sizing: inherit; margin: var(--artdeco-reset-base-margin-zero); padding: var(--artdeco-reset-base-padding-zero); border: var(--artdeco-reset-base-border-zero); vertical-align: var(--artdeco-reset-base-vertical-align-baseline); outline: var(--artdeco-reset-base-outline-zero);\">Position Summary</span></p><p style=\"box-sizing: inherit; margin: var(--artdeco-reset-base-margin-zero); padding: var(--artdeco-reset-base-padding-zero); border: var(--artdeco-reset-base-border-zero); vertical-align: var(--artdeco-reset-base-vertical-align-baseline); --artdeco-reset-typography_getFontSize:1.6rem; --artdeco-reset-typography_getLineHeight:1.5; line-height: var(--artdeco-reset-typography_getLineHeight);\">The Company Nurse is responsible for providing basic healthcare services to the staff and providing general first aid when needed, along with assessing employee health risks and promoting employee health and wellness.</p><p style=\"box-sizing: inherit; margin: var(--artdeco-reset-base-margin-zero); padding: var(--artdeco-reset-base-padding-zero); border: var(--artdeco-reset-base-border-zero); vertical-align: var(--artdeco-reset-base-vertical-align-baseline); --artdeco-reset-typography_getFontSize:1.6rem; --artdeco-reset-typography_getLineHeight:1.5; line-height: var(--artdeco-reset-typography_getLineHeight);\"><br style=\"box-sizing: inherit;\"></p><p style=\"box-sizing: inherit; margin: var(--artdeco-reset-base-margin-zero); padding: var(--artdeco-reset-base-padding-zero); border: var(--artdeco-reset-base-border-zero); vertical-align: var(--artdeco-reset-base-vertical-align-baseline); --artdeco-reset-typography_getFontSize:1.6rem; --artdeco-reset-typography_getLineHeight:1.5; line-height: var(--artdeco-reset-typography_getLineHeight);\"><span style=\"box-sizing: inherit; margin: var(--artdeco-reset-base-margin-zero); padding: var(--artdeco-reset-base-padding-zero); border: var(--artdeco-reset-base-border-zero); vertical-align: var(--artdeco-reset-base-vertical-align-baseline); background-image: ; background-position-x: ; background-position-y: ; background-size: ; background-repeat-x: ; background-repeat-y: ; background-attachment: ; background-origin: ; background-clip: ; outline: var(--artdeco-reset-base-outline-zero);\">Responsibilities / Duties</span></p><p style=\"box-sizing: inherit; margin: var(--artdeco-reset-base-margin-zero); padding: var(--artdeco-reset-base-padding-zero); border: var(--artdeco-reset-base-border-zero); vertical-align: var(--artdeco-reset-base-vertical-align-baseline); --artdeco-reset-typography_getFontSize:1.6rem; --artdeco-reset-typography_getLineHeight:1.5; line-height: var(--artdeco-reset-typography_getLineHeight);\">The Company Nurse\'s duties and responsibilities include but not limited to;</p><ul style=\"box-sizing: inherit; margin-left: 16px; padding-left: 18px; border: var(--artdeco-reset-base-border-zero); vertical-align: var(--artdeco-reset-base-vertical-align-baseline);\"><li style=\"background-image: ; background-position-x: ; background-position-y: ; background-size: ; background-repeat-x: ; background-repeat-y: ; background-attachment: ; background-origin: ; background-clip: ; box-sizing: inherit; margin-left: 16px; padding: var(--artdeco-reset-base-padding-zero); border: var(--artdeco-reset-base-border-zero); vertical-align: var(--artdeco-reset-base-vertical-align-baseline);\">Provide consultation services, first aid treatments, and medications to employees.</li><li style=\"background-image: ; background-position-x: ; background-position-y: ; background-size: ; background-repeat-x: ; background-repeat-y: ; background-attachment: ; background-origin: ; background-clip: ; box-sizing: inherit; margin-left: 16px; padding: var(--artdeco-reset-base-padding-zero); border: var(--artdeco-reset-base-border-zero); vertical-align: var(--artdeco-reset-base-vertical-align-baseline);\">Handle health maintenance services and prepare Annual Medical reports for submission to DOLE.</li><li style=\"background-image: ; background-position-x: ; background-position-y: ; background-size: ; background-repeat-x: ; background-repeat-y: ; background-attachment: ; background-origin: ; background-clip: ; box-sizing: inherit; margin-left: 16px; padding: var(--artdeco-reset-base-padding-zero); border: var(--artdeco-reset-base-border-zero); vertical-align: var(--artdeco-reset-base-vertical-align-baseline);\">Control dispensing of vitamins and medicine supplies to employees and monitor inventory of medicines and other medical supplies.</li><li style=\"background-image: ; background-position-x: ; background-position-y: ; background-size: ; background-repeat-x: ; background-repeat-y: ; background-attachment: ; background-origin: ; background-clip: ; box-sizing: inherit; margin-left: 16px; padding: var(--artdeco-reset-base-padding-zero); border: var(--artdeco-reset-base-border-zero); vertical-align: var(--artdeco-reset-base-vertical-align-baseline);\">Validate submitted Medical Certificates and RT-PCR/Antigen Test of the staff. Report to immediate superior any discrepancies found in the result.</li><li style=\"background-image: ; background-position-x: ; background-position-y: ; background-size: ; background-repeat-x: ; background-repeat-y: ; background-attachment: ; background-origin: ; background-clip: ; box-sizing: inherit; margin-left: 16px; padding: var(--artdeco-reset-base-padding-zero); border: var(--artdeco-reset-base-border-zero); vertical-align: var(--artdeco-reset-base-vertical-align-baseline);\">Provide assistance to employees in availing medical services through HMO accredited hospitals, as needed.</li><li style=\"background-image: ; background-position-x: ; background-position-y: ; background-size: ; background-repeat-x: ; background-repeat-y: ; background-attachment: ; background-origin: ; background-clip: ; box-sizing: inherit; margin-left: 16px; padding: var(--artdeco-reset-base-padding-zero); border: var(--artdeco-reset-base-border-zero); vertical-align: var(--artdeco-reset-base-vertical-align-baseline);\">Maintain proper health reporting and recording system, ensuring medical confidentiality of clinic and patient information as well as providing non-confidential reports to site management as required. Identify potential occupational illnesses and refer to the company health adviser.</li><li style=\"background-image: ; background-position-x: ; background-position-y: ; background-size: ; background-repeat-x: ; background-repeat-y: ; background-attachment: ; background-origin: ; background-clip: ; box-sizing: inherit; margin-left: 16px; padding: var(--artdeco-reset-base-padding-zero); border: var(--artdeco-reset-base-border-zero); vertical-align: var(--artdeco-reset-base-vertical-align-baseline);\">Responsible for coordinating and facilitating Company\'s Annual Physical Examination.</li><li style=\"background-image: ; background-position-x: ; background-position-y: ; background-size: ; background-repeat-x: ; background-repeat-y: ; background-attachment: ; background-origin: ; background-clip: ; box-sizing: inherit; margin-left: 16px; padding: var(--artdeco-reset-base-padding-zero); border: var(--artdeco-reset-base-border-zero); vertical-align: var(--artdeco-reset-base-vertical-align-baseline);\">Assist with Employee Relation issues such as addressing employee concerns, development, and implementation of HR policies regarding occupational health and safety.</li><li style=\"background-image: ; background-position-x: ; background-position-y: ; background-size: ; background-repeat-x: ; background-repeat-y: ; background-attachment: ; background-origin: ; background-clip: ; box-sizing: inherit; margin-left: 16px; padding: var(--artdeco-reset-base-padding-zero); border: var(--artdeco-reset-base-border-zero); vertical-align: var(--artdeco-reset-base-vertical-align-baseline);\">Prepare health and safety reports including but not limited to summary of consultations and sick applications and COVID monitoring.</li><li style=\"background-image: ; background-position-x: ; background-position-y: ; background-size: ; background-repeat-x: ; background-repeat-y: ; background-attachment: ; background-origin: ; background-clip: ; box-sizing: inherit; margin-left: 16px; padding: var(--artdeco-reset-base-padding-zero); border: var(--artdeco-reset-base-border-zero); vertical-align: var(--artdeco-reset-base-vertical-align-baseline);\">Organizing of company-sponsored events and activities, especially with regards to Health and Wellness.</li></ul>', NULL, '8d5efdc4-8d8b-11ec-a6db-6c626d3a5d34', '62ca1c7d-8d5d-11ec-a6db-6c626d3a5d34', 16, '2022-02-19 12:52:56', '2022-03-20 11:16:44');
INSERT INTO `job_posts` (`job_post_id`, `manpower_request_id`, `is_salary_visible`, `content`, `expiration_date`, `job_category_id`, `posted_by`, `views`, `created_at`, `updated_at`) VALUES
('ce15bf55-8d8e-11ec-a6db-6c626d3a5d34', 'd845b74a-8d51-11ec-a6db-6c626d3a5d34', 0, '<p><span style=\"box-sizing: inherit; margin: var(--artdeco-reset-base-margin-zero); padding: var(--artdeco-reset-base-padding-zero); border: var(--artdeco-reset-base-border-zero); vertical-align: var(--artdeco-reset-base-vertical-align-baseline); outline: var(--artdeco-reset-base-outline-zero);\"><b>Job Description</b><br style=\"box-sizing: inherit;\"><br style=\"box-sizing: inherit;\"></span>You will be responsible for recruiting high caliber professionals to join Crowe as we expand our team globally. This is an opportunity to work directly with hiring managers/partners to gain an understanding of their staffing needs. Success will be measured by your ability to identify, attract, and assess applicants as well as facilitate a defined recruiting process. Applicants must be able to demonstrate through experience an ability to build strong relationships with hiring managers, and an ability to influence and guide their recruitment efforts through a strategic and consultative approach.<br style=\"box-sizing: inherit;\"><br style=\"box-sizing: inherit;\"><span style=\"box-sizing: inherit; margin: var(--artdeco-reset-base-margin-zero); padding: var(--artdeco-reset-base-padding-zero); border: var(--artdeco-reset-base-border-zero); vertical-align: var(--artdeco-reset-base-vertical-align-baseline); outline: var(--artdeco-reset-base-outline-zero);\"><b>Essential Functions</b><br style=\"box-sizing: inherit;\"></span></p><ul style=\"box-sizing: inherit; margin-left: 16px; padding-left: 18px; border: var(--artdeco-reset-base-border-zero); vertical-align: var(--artdeco-reset-base-vertical-align-baseline);\"><li style=\"box-sizing: inherit; margin-left: 16px; padding: var(--artdeco-reset-base-padding-zero); border: var(--artdeco-reset-base-border-zero); vertical-align: var(--artdeco-reset-base-vertical-align-baseline); background-image: ; background-position-x: ; background-position-y: ; background-size: ; background-repeat-x: ; background-repeat-y: ; background-attachment: ; background-origin: ; background-clip: ;\">Successfully source, screen, interview, evaluate and hire qualified candidates</li><li style=\"box-sizing: inherit; margin-left: 16px; padding: var(--artdeco-reset-base-padding-zero); border: var(--artdeco-reset-base-border-zero); vertical-align: var(--artdeco-reset-base-vertical-align-baseline); background-image: ; background-position-x: ; background-position-y: ; background-size: ; background-repeat-x: ; background-repeat-y: ; background-attachment: ; background-origin: ; background-clip: ;\">Manage ongoing candidate relationship during the hiring life cycle</li><li style=\"box-sizing: inherit; margin-left: 16px; padding: var(--artdeco-reset-base-padding-zero); border: var(--artdeco-reset-base-border-zero); vertical-align: var(--artdeco-reset-base-vertical-align-baseline); background-image: ; background-position-x: ; background-position-y: ; background-size: ; background-repeat-x: ; background-repeat-y: ; background-attachment: ; background-origin: ; background-clip: ;\">Performing post-offer activities including communications, answering queries, reference checks, new hire paperwork</li><li style=\"box-sizing: inherit; margin-left: 16px; padding: var(--artdeco-reset-base-padding-zero); border: var(--artdeco-reset-base-border-zero); vertical-align: var(--artdeco-reset-base-vertical-align-baseline); background-image: ; background-position-x: ; background-position-y: ; background-size: ; background-repeat-x: ; background-repeat-y: ; background-attachment: ; background-origin: ; background-clip: ;\">Preforming onboarding, induction for the new hires</li><li style=\"box-sizing: inherit; margin-left: 16px; padding: var(--artdeco-reset-base-padding-zero); border: var(--artdeco-reset-base-border-zero); vertical-align: var(--artdeco-reset-base-vertical-align-baseline); background-image: ; background-position-x: ; background-position-y: ; background-size: ; background-repeat-x: ; background-repeat-y: ; background-attachment: ; background-origin: ; background-clip: ;\">Maintain accurate candidate data in ATS</li><li style=\"box-sizing: inherit; margin-left: 16px; padding: var(--artdeco-reset-base-padding-zero); border: var(--artdeco-reset-base-border-zero); vertical-align: var(--artdeco-reset-base-vertical-align-baseline); background-image: ; background-position-x: ; background-position-y: ; background-size: ; background-repeat-x: ; background-repeat-y: ; background-attachment: ; background-origin: ; background-clip: ;\">Participate in special projects/task forces as assigned</li><li style=\"box-sizing: inherit; margin-left: 16px; padding: var(--artdeco-reset-base-padding-zero); border: var(--artdeco-reset-base-border-zero); vertical-align: var(--artdeco-reset-base-vertical-align-baseline); background-image: ; background-position-x: ; background-position-y: ; background-size: ; background-repeat-x: ; background-repeat-y: ; background-attachment: ; background-origin: ; background-clip: ;\">Solid direct sourcing / cold call experience</li><li style=\"box-sizing: inherit; margin-left: 16px; padding: var(--artdeco-reset-base-padding-zero); border: var(--artdeco-reset-base-border-zero); vertical-align: var(--artdeco-reset-base-vertical-align-baseline); background-image: ; background-position-x: ; background-position-y: ; background-size: ; background-repeat-x: ; background-repeat-y: ; background-attachment: ; background-origin: ; background-clip: ;\">The ability to interact effectively with all levels of professionals in a strategic capacity<br style=\"box-sizing: inherit;\"></li></ul><p><span style=\"box-sizing: inherit; margin: var(--artdeco-reset-base-margin-zero); padding: var(--artdeco-reset-base-padding-zero); border: var(--artdeco-reset-base-border-zero); vertical-align: var(--artdeco-reset-base-vertical-align-baseline); outline: var(--artdeco-reset-base-outline-zero);\"><b>Responsibilities<br style=\"box-sizing: inherit;\"></b><br style=\"box-sizing: inherit;\"></span>In addition to the TA responsibilities you will provide support for core people related processes and key HR functions in the following areas<br style=\"box-sizing: inherit;\"></p><ul style=\"box-sizing: inherit; margin-left: 16px; padding-left: 18px; border: var(--artdeco-reset-base-border-zero); vertical-align: var(--artdeco-reset-base-vertical-align-baseline);\"><li style=\"box-sizing: inherit; margin-left: 16px; padding: var(--artdeco-reset-base-padding-zero); border: var(--artdeco-reset-base-border-zero); vertical-align: var(--artdeco-reset-base-vertical-align-baseline); background-image: ; background-position-x: ; background-position-y: ; background-size: ; background-repeat-x: ; background-repeat-y: ; background-attachment: ; background-origin: ; background-clip: ;\">Employee transactions / activity</li><li style=\"box-sizing: inherit; margin-left: 16px; padding: var(--artdeco-reset-base-padding-zero); border: var(--artdeco-reset-base-border-zero); vertical-align: var(--artdeco-reset-base-vertical-align-baseline); background-image: ; background-position-x: ; background-position-y: ; background-size: ; background-repeat-x: ; background-repeat-y: ; background-attachment: ; background-origin: ; background-clip: ;\">Resource Management / scheduling</li><li style=\"box-sizing: inherit; margin-left: 16px; padding: var(--artdeco-reset-base-padding-zero); border: var(--artdeco-reset-base-border-zero); vertical-align: var(--artdeco-reset-base-vertical-align-baseline); background-image: ; background-position-x: ; background-position-y: ; background-size: ; background-repeat-x: ; background-repeat-y: ; background-attachment: ; background-origin: ; background-clip: ;\">Employee relations/ Employee engagement initiatives</li><li style=\"box-sizing: inherit; margin-left: 16px; padding: var(--artdeco-reset-base-padding-zero); border: var(--artdeco-reset-base-border-zero); vertical-align: var(--artdeco-reset-base-vertical-align-baseline); background-image: ; background-position-x: ; background-position-y: ; background-size: ; background-repeat-x: ; background-repeat-y: ; background-attachment: ; background-origin: ; background-clip: ;\">Compensation and benefits administration</li><li style=\"box-sizing: inherit; margin-left: 16px; padding: var(--artdeco-reset-base-padding-zero); border: var(--artdeco-reset-base-border-zero); vertical-align: var(--artdeco-reset-base-vertical-align-baseline); background-image: ; background-position-x: ; background-position-y: ; background-size: ; background-repeat-x: ; background-repeat-y: ; background-attachment: ; background-origin: ; background-clip: ;\">Compliance<br style=\"box-sizing: inherit;\"></li></ul><p><span style=\"box-sizing: inherit; margin: var(--artdeco-reset-base-margin-zero); padding: var(--artdeco-reset-base-padding-zero); border: var(--artdeco-reset-base-border-zero); vertical-align: var(--artdeco-reset-base-vertical-align-baseline); outline: var(--artdeco-reset-base-outline-zero);\"><b>Qualifications</b><br style=\"box-sizing: inherit;\"></span></p><ul style=\"box-sizing: inherit; margin-left: 16px; padding-left: 18px; border: var(--artdeco-reset-base-border-zero); vertical-align: var(--artdeco-reset-base-vertical-align-baseline);\"><li style=\"box-sizing: inherit; margin-left: 16px; padding: var(--artdeco-reset-base-padding-zero); border: var(--artdeco-reset-base-border-zero); vertical-align: var(--artdeco-reset-base-vertical-align-baseline); background-image: ; background-position-x: ; background-position-y: ; background-size: ; background-repeat-x: ; background-repeat-y: ; background-attachment: ; background-origin: ; background-clip: ;\">MBA in Human Resources Management or a Post Graduate Diploma in Human Resources Management</li><li style=\"box-sizing: inherit; margin-left: 16px; padding: var(--artdeco-reset-base-padding-zero); border: var(--artdeco-reset-base-border-zero); vertical-align: var(--artdeco-reset-base-vertical-align-baseline); background-image: ; background-position-x: ; background-position-y: ; background-size: ; background-repeat-x: ; background-repeat-y: ; background-attachment: ; background-origin: ; background-clip: ;\">2-4 overall years of recruiting experience</li><li style=\"box-sizing: inherit; margin-left: 16px; padding: var(--artdeco-reset-base-padding-zero); border: var(--artdeco-reset-base-border-zero); vertical-align: var(--artdeco-reset-base-vertical-align-baseline); background-image: ; background-position-x: ; background-position-y: ; background-size: ; background-repeat-x: ; background-repeat-y: ; background-attachment: ; background-origin: ; background-clip: ;\">Ability to communicate fluently in English</li><li style=\"box-sizing: inherit; margin-left: 16px; padding: var(--artdeco-reset-base-padding-zero); border: var(--artdeco-reset-base-border-zero); vertical-align: var(--artdeco-reset-base-vertical-align-baseline); background-image: ; background-position-x: ; background-position-y: ; background-size: ; background-repeat-x: ; background-repeat-y: ; background-attachment: ; background-origin: ; background-clip: ;\">Some experience in campus hiring preferred</li><li style=\"box-sizing: inherit; margin-left: 16px; padding: var(--artdeco-reset-base-padding-zero); border: var(--artdeco-reset-base-border-zero); vertical-align: var(--artdeco-reset-base-vertical-align-baseline); background-image: ; background-position-x: ; background-position-y: ; background-size: ; background-repeat-x: ; background-repeat-y: ; background-attachment: ; background-origin: ; background-clip: ;\">Excellent communication, organization, and talent assessment skills</li><li style=\"box-sizing: inherit; margin-left: 16px; padding: var(--artdeco-reset-base-padding-zero); border: var(--artdeco-reset-base-border-zero); vertical-align: var(--artdeco-reset-base-vertical-align-baseline); background-image: ; background-position-x: ; background-position-y: ; background-size: ; background-repeat-x: ; background-repeat-y: ; background-attachment: ; background-origin: ; background-clip: ;\">Ability to coordinate Onboarding and HR generalist functions</li><li style=\"box-sizing: inherit; margin-left: 16px; padding: var(--artdeco-reset-base-padding-zero); border: var(--artdeco-reset-base-border-zero); vertical-align: var(--artdeco-reset-base-vertical-align-baseline); background-image: ; background-position-x: ; background-position-y: ; background-size: ; background-repeat-x: ; background-repeat-y: ; background-attachment: ; background-origin: ; background-clip: ;\">Demonstrated success recruiting in a highly aggressive and competitive market</li><li style=\"box-sizing: inherit; margin-left: 16px; padding: var(--artdeco-reset-base-padding-zero); border: var(--artdeco-reset-base-border-zero); vertical-align: var(--artdeco-reset-base-vertical-align-baseline); background-image: ; background-position-x: ; background-position-y: ; background-size: ; background-repeat-x: ; background-repeat-y: ; background-attachment: ; background-origin: ; background-clip: ;\">Strong proficiency with Microsoft Office package (primarily Excel, Word, and PowerPoint), the internet, and applicant tracking databases</li><li style=\"box-sizing: inherit; margin-left: 16px; padding: var(--artdeco-reset-base-padding-zero); border: var(--artdeco-reset-base-border-zero); vertical-align: var(--artdeco-reset-base-vertical-align-baseline); background-image: ; background-position-x: ; background-position-y: ; background-size: ; background-repeat-x: ; background-repeat-y: ; background-attachment: ; background-origin: ; background-clip: ;\">Exceptional, outgoing interpersonal skills and strong organizational skills</li><li style=\"box-sizing: inherit; margin-left: 16px; padding: var(--artdeco-reset-base-padding-zero); border: var(--artdeco-reset-base-border-zero); vertical-align: var(--artdeco-reset-base-vertical-align-baseline); background-image: ; background-position-x: ; background-position-y: ; background-size: ; background-repeat-x: ; background-repeat-y: ; background-attachment: ; background-origin: ; background-clip: ;\">Must have the ability to work in a fast paced environment and handle multiple tasks/projects at one time</li><li style=\"box-sizing: inherit; margin-left: 16px; padding: var(--artdeco-reset-base-padding-zero); border: var(--artdeco-reset-base-border-zero); vertical-align: var(--artdeco-reset-base-vertical-align-baseline); background-image: ; background-position-x: ; background-position-y: ; background-size: ; background-repeat-x: ; background-repeat-y: ; background-attachment: ; background-origin: ; background-clip: ;\">Experience on Behavioral Interviewing techniques preferred</li><li style=\"box-sizing: inherit; margin-left: 16px; padding: var(--artdeco-reset-base-padding-zero); border: var(--artdeco-reset-base-border-zero); vertical-align: var(--artdeco-reset-base-vertical-align-baseline); background-image: ; background-position-x: ; background-position-y: ; background-size: ; background-repeat-x: ; background-repeat-y: ; background-attachment: ; background-origin: ; background-clip: ;\">Knowledge of multiple recruiting sources with mastery in one or more<br style=\"box-sizing: inherit;\"></li></ul><p>#Indeed<br style=\"box-sizing: inherit;\"><br style=\"box-sizing: inherit;\"><span style=\"box-sizing: inherit; margin: var(--artdeco-reset-base-margin-zero); padding: var(--artdeco-reset-base-padding-zero); border: var(--artdeco-reset-base-border-zero); vertical-align: var(--artdeco-reset-base-vertical-align-baseline); outline: var(--artdeco-reset-base-outline-zero);\"><b>Our Benefits</b><br style=\"box-sizing: inherit;\"><br style=\"box-sizing: inherit;\"></span>At Homies, we know that great people are what makes a great firm. We value our people and offer employees a comprehensive benefits package. Learn more about what working at Crowe can mean for you!<br style=\"box-sizing: inherit;\"><br style=\"box-sizing: inherit;\"><span style=\"box-sizing: inherit; margin: var(--artdeco-reset-base-margin-zero); padding: var(--artdeco-reset-base-padding-zero); border: var(--artdeco-reset-base-border-zero); vertical-align: var(--artdeco-reset-base-vertical-align-baseline); outline: var(--artdeco-reset-base-outline-zero);\">How You Can Grow<br style=\"box-sizing: inherit;\"><br style=\"box-sizing: inherit;\"></span>We will nurture your talent in an inclusive culture that values diversity. You will have the chance to meet on a consistent basis with your Career Coach that will guide you in your career goals and aspirations. Learn more about where talent can prosper!<br style=\"box-sizing: inherit; color: rgba(255, 255, 255, 0.9); font-family: -apple-system, system-ui, BlinkMacSystemFont, &quot;Segoe UI&quot;, Roboto, &quot;Helvetica Neue&quot;, &quot;Fira Sans&quot;, Ubuntu, Oxygen, &quot;Oxygen Sans&quot;, Cantarell, &quot;Droid Sans&quot;, &quot;Apple Color Emoji&quot;, &quot;Segoe UI Emoji&quot;, &quot;Segoe UI Emoji&quot;, &quot;Segoe UI Symbol&quot;, &quot;Lucida Grande&quot;, Helvetica, Arial, sans-serif; font-size: 14px; background-color: rgb(29, 34, 38);\"></p>', NULL, '589b0110-8d8d-11ec-a6db-6c626d3a5d34', '62ca1c7d-8d5d-11ec-a6db-6c626d3a5d34', 6, '2022-02-14 20:08:21', '2022-03-04 23:41:13'),
('dafa8c5a-913f-11ec-aea7-6c626d3a5d34', '2d86cf8a-8ef1-11ec-8742-6c626d3a5d34', 0, '<p><span style=\"box-sizing: inherit; margin: var(--artdeco-reset-base-margin-zero); padding: var(--artdeco-reset-base-padding-zero); border: var(--artdeco-reset-base-border-zero); vertical-align: var(--artdeco-reset-base-vertical-align-baseline); outline: var(--artdeco-reset-base-outline-zero);\"><span style=\"box-sizing: inherit;\">Description</span><br style=\"box-sizing: inherit;\"></span>Eligibility: R.A. 1080<br style=\"box-sizing: inherit;\"><br style=\"box-sizing: inherit;\"><span style=\"box-sizing: inherit; margin: var(--artdeco-reset-base-margin-zero); padding: var(--artdeco-reset-base-padding-zero); border: var(--artdeco-reset-base-border-zero); vertical-align: var(--artdeco-reset-base-vertical-align-baseline); outline: var(--artdeco-reset-base-outline-zero);\"><span style=\"box-sizing: inherit;\">Area Of Assignment/Deployment</span><br style=\"box-sizing: inherit;\"></span> Hospital Laboratories<br style=\"box-sizing: inherit;\"> COVID-19 Diagnostic Facilities<br style=\"box-sizing: inherit;\"><br style=\"box-sizing: inherit;\"><span style=\"box-sizing: inherit; margin: var(--artdeco-reset-base-margin-zero); padding: var(--artdeco-reset-base-padding-zero); border: var(--artdeco-reset-base-border-zero); vertical-align: var(--artdeco-reset-base-vertical-align-baseline); outline: var(--artdeco-reset-base-outline-zero);\"><span style=\"box-sizing: inherit;\">Job Descriptions</span><br style=\"box-sizing: inherit;\"></span></p><ul style=\"box-sizing: inherit; margin-left: 16px; padding-left: 18px; border: var(--artdeco-reset-base-border-zero); vertical-align: var(--artdeco-reset-base-vertical-align-baseline);\"><li style=\"box-sizing: inherit; margin-left: 16px; padding: var(--artdeco-reset-base-padding-zero); border: var(--artdeco-reset-base-border-zero); vertical-align: var(--artdeco-reset-base-vertical-align-baseline); background-image: ; background-position-x: ; background-position-y: ; background-size: ; background-repeat-x: ; background-repeat-y: ; background-attachment: ; background-origin: ; background-clip: ;\">Plans and adapts the regular and therapeutic menus of patients</li><li style=\"box-sizing: inherit; margin-left: 16px; padding: var(--artdeco-reset-base-padding-zero); border: var(--artdeco-reset-base-border-zero); vertical-align: var(--artdeco-reset-base-vertical-align-baseline); background-image: ; background-position-x: ; background-position-y: ; background-size: ; background-repeat-x: ; background-repeat-y: ; background-attachment: ; background-origin: ; background-clip: ;\">Directs and participates in preparation of daily menus of patients, purchase,<br style=\"box-sizing: inherit;\"></li></ul><p>inspection, and inventory of food supplies<br style=\"box-sizing: inherit;\"></p><ul style=\"box-sizing: inherit; margin-left: 16px; padding-left: 18px; border: var(--artdeco-reset-base-border-zero); vertical-align: var(--artdeco-reset-base-vertical-align-baseline);\"><li style=\"box-sizing: inherit; margin-left: 16px; padding: var(--artdeco-reset-base-padding-zero); border: var(--artdeco-reset-base-border-zero); vertical-align: var(--artdeco-reset-base-vertical-align-baseline); background-image: ; background-position-x: ; background-position-y: ; background-size: ; background-repeat-x: ; background-repeat-y: ; background-attachment: ; background-origin: ; background-clip: ;\">Supervises activities of dietary and food service personnel</li><li style=\"box-sizing: inherit; margin-left: 16px; padding: var(--artdeco-reset-base-padding-zero); border: var(--artdeco-reset-base-border-zero); vertical-align: var(--artdeco-reset-base-vertical-align-baseline); background-image: ; background-position-x: ; background-position-y: ; background-size: ; background-repeat-x: ; background-repeat-y: ; background-attachment: ; background-origin: ; background-clip: ;\">Establishes and maintains sanitary standards in areas of food handling, pest control, cleaning procedures, storage, and trash disposal</li><li style=\"box-sizing: inherit; margin-left: 16px; padding: var(--artdeco-reset-base-padding-zero); border: var(--artdeco-reset-base-border-zero); vertical-align: var(--artdeco-reset-base-vertical-align-baseline); background-image: ; background-position-x: ; background-position-y: ; background-size: ; background-repeat-x: ; background-repeat-y: ; background-attachment: ; background-origin: ; background-clip: ;\">Conducts nutrition and dietary assessment, education and counseling to patients</li></ul><p><br style=\"box-sizing: inherit;\"><span style=\"box-sizing: inherit; margin: var(--artdeco-reset-base-margin-zero); padding: var(--artdeco-reset-base-padding-zero); border: var(--artdeco-reset-base-border-zero); vertical-align: var(--artdeco-reset-base-vertical-align-baseline); outline: var(--artdeco-reset-base-outline-zero);\"><span style=\"box-sizing: inherit;\">Requirements</span><br style=\"box-sizing: inherit;\"></span>- Bachelors Degree in Nutrition<br style=\"box-sizing: inherit;\">&nbsp;- Dietetics or Community Nutrition<br></p>', NULL, '2d468441-914c-11ec-aea7-6c626d3a5d34', '62ca1c7d-8d5d-11ec-a6db-6c626d3a5d34', 10, '2022-02-19 12:53:18', '2022-03-04 23:56:12'),
('e5cc53f7-8d8e-11ec-a6db-6c626d3a5d34', '429dd76f-8d4a-11ec-a6db-6c626d3a5d34', 0, '<p style=\"box-sizing: inherit; margin: var(--artdeco-reset-base-margin-zero); padding: var(--artdeco-reset-base-padding-zero); border: var(--artdeco-reset-base-border-zero); vertical-align: var(--artdeco-reset-base-vertical-align-baseline); --artdeco-reset-typography_getFontSize:1.6rem; --artdeco-reset-typography_getLineHeight:1.5; line-height: var(--artdeco-reset-typography_getLineHeight);\">RESPONSIBILITY</p><p style=\"box-sizing: inherit; margin: var(--artdeco-reset-base-margin-zero); padding: var(--artdeco-reset-base-padding-zero); border: var(--artdeco-reset-base-border-zero); vertical-align: var(--artdeco-reset-base-vertical-align-baseline); --artdeco-reset-typography_getFontSize:1.6rem; --artdeco-reset-typography_getLineHeight:1.5; line-height: var(--artdeco-reset-typography_getLineHeight);\"><br></p><p style=\"box-sizing: inherit; margin: var(--artdeco-reset-base-margin-zero); padding: var(--artdeco-reset-base-padding-zero); border: var(--artdeco-reset-base-border-zero); vertical-align: var(--artdeco-reset-base-vertical-align-baseline); --artdeco-reset-typography_getFontSize:1.6rem; --artdeco-reset-typography_getLineHeight:1.5; line-height: var(--artdeco-reset-typography_getLineHeight);\">The primary responsibility of this role is to manage the development, implementation, integration, and continued growth of the biomedical computerized maintenance management software (CMMS) within our organization. This role will lead a team of CMMS Administrative Assistants to ensure that data is always accurate, the system is always functioning correctly, and that clients are being supported with all requests in a timely and appropriate manner.</p><p style=\"box-sizing: inherit; margin: var(--artdeco-reset-base-margin-zero); padding: var(--artdeco-reset-base-padding-zero); border: var(--artdeco-reset-base-border-zero); vertical-align: var(--artdeco-reset-base-vertical-align-baseline); --artdeco-reset-typography_getFontSize:1.6rem; --artdeco-reset-typography_getLineHeight:1.5; line-height: var(--artdeco-reset-typography_getLineHeight);\"><br style=\"box-sizing: inherit;\"></p><ul style=\"box-sizing: inherit; margin-left: 16px; padding-left: 18px; border: var(--artdeco-reset-base-border-zero); vertical-align: var(--artdeco-reset-base-vertical-align-baseline);\"><li style=\"box-sizing: inherit; margin-left: 16px; padding: var(--artdeco-reset-base-padding-zero); border: var(--artdeco-reset-base-border-zero); vertical-align: var(--artdeco-reset-base-vertical-align-baseline); background-image: ; background-position-x: ; background-position-y: ; background-size: ; background-repeat-x: ; background-repeat-y: ; background-attachment: ; background-origin: ; background-clip: ;\">Collaborate with team members to seek and make improvements to the system, system interfaces, and hardware components which will decrease user difficulties and errors. Must be able to review the system and locate deficiencies and errors, then find solutions to correct those errors with limited supervision</li><li style=\"box-sizing: inherit; margin-left: 16px; padding: var(--artdeco-reset-base-padding-zero); border: var(--artdeco-reset-base-border-zero); vertical-align: var(--artdeco-reset-base-vertical-align-baseline); background-image: ; background-position-x: ; background-position-y: ; background-size: ; background-repeat-x: ; background-repeat-y: ; background-attachment: ; background-origin: ; background-clip: ;\">Manage user accounts, software licenses, and ensure that each users role and access level is appropriate.</li><li style=\"box-sizing: inherit; margin-left: 16px; padding: var(--artdeco-reset-base-padding-zero); border: var(--artdeco-reset-base-border-zero); vertical-align: var(--artdeco-reset-base-vertical-align-baseline); background-image: ; background-position-x: ; background-position-y: ; background-size: ; background-repeat-x: ; background-repeat-y: ; background-attachment: ; background-origin: ; background-clip: ;\">Develop customized reporting based on client, management, and auditing requirements. This includes building data sources that can be used to create reports within the system and feed them to external systems such as Microsoft Bi.</li><li style=\"box-sizing: inherit; margin-left: 16px; padding: var(--artdeco-reset-base-padding-zero); border: var(--artdeco-reset-base-border-zero); vertical-align: var(--artdeco-reset-base-vertical-align-baseline); background-image: ; background-position-x: ; background-position-y: ; background-size: ; background-repeat-x: ; background-repeat-y: ; background-attachment: ; background-origin: ; background-clip: ;\">Develop a dashboard solution external to the database and interface this solution with the database and our clients so that data is presented live, in an easy-to-understand manner. Continue to make improvements to this dashboard based on management and client requests</li><li style=\"box-sizing: inherit; margin-left: 16px; padding: var(--artdeco-reset-base-padding-zero); border: var(--artdeco-reset-base-border-zero); vertical-align: var(--artdeco-reset-base-vertical-align-baseline); background-image: ; background-position-x: ; background-position-y: ; background-size: ; background-repeat-x: ; background-repeat-y: ; background-attachment: ; background-origin: ; background-clip: ;\">Develop and implement a training platform that will be utilized to provide ongoing training to external users of the TMS modules such as the web request system. Additionally, provide ongoing training to the VIKAND team members who utilize the system daily.</li><li style=\"box-sizing: inherit; margin-left: 16px; padding: var(--artdeco-reset-base-padding-zero); border: var(--artdeco-reset-base-border-zero); vertical-align: var(--artdeco-reset-base-vertical-align-baseline); background-image: ; background-position-x: ; background-position-y: ; background-size: ; background-repeat-x: ; background-repeat-y: ; background-attachment: ; background-origin: ; background-clip: ;\">Overall responsible for the TMS Web Request portal including the creation, modifications, corrections, account management, and support to clients. This portal will be managed by a TMS Administrative Assistant which will be trained by the TMS Administrator.</li><li style=\"box-sizing: inherit; margin-left: 16px; padding: var(--artdeco-reset-base-padding-zero); border: var(--artdeco-reset-base-border-zero); vertical-align: var(--artdeco-reset-base-vertical-align-baseline); background-image: ; background-position-x: ; background-position-y: ; background-size: ; background-repeat-x: ; background-repeat-y: ; background-attachment: ; background-origin: ; background-clip: ;\">Overall responsible for asset data accuracy within the database by collecting, reviewing, adding, and modifying assets. This includes making new devices active, managing PM schedules, life cycle management data, running QC reports to check for discrepancies, and working with the team to correct data discrepancies. Asset data will be managed by a CMMS Administrative Assistant which will be trained by the CMMS Administrator.</li><li style=\"box-sizing: inherit; margin-left: 16px; padding: var(--artdeco-reset-base-padding-zero); border: var(--artdeco-reset-base-border-zero); vertical-align: var(--artdeco-reset-base-vertical-align-baseline); background-image: ; background-position-x: ; background-position-y: ; background-size: ; background-repeat-x: ; background-repeat-y: ; background-attachment: ; background-origin: ; background-clip: ;\">Overall responsible for the accuracy of work order creation, modification, and completion. Work orders will be managed by biomedical technicians and CMMS Administrative Assistants.</li><li style=\"box-sizing: inherit; margin-left: 16px; padding: var(--artdeco-reset-base-padding-zero); border: var(--artdeco-reset-base-border-zero); vertical-align: var(--artdeco-reset-base-vertical-align-baseline); background-image: ; background-position-x: ; background-position-y: ; background-size: ; background-repeat-x: ; background-repeat-y: ; background-attachment: ; background-origin: ; background-clip: ;\">Overall responsible for managing the biomedical certificates and reporting program with the assistance of the CMMS Administrative Assistants to ensure compliance with the various policies and regulations.</li></ul><p style=\"box-sizing: inherit; margin: var(--artdeco-reset-base-margin-zero); padding: var(--artdeco-reset-base-padding-zero); border: var(--artdeco-reset-base-border-zero); vertical-align: var(--artdeco-reset-base-vertical-align-baseline); --artdeco-reset-typography_getFontSize:1.6rem; --artdeco-reset-typography_getLineHeight:1.5; line-height: var(--artdeco-reset-typography_getLineHeight);\"><br style=\"box-sizing: inherit;\"></p><p style=\"box-sizing: inherit; margin: var(--artdeco-reset-base-margin-zero); padding: var(--artdeco-reset-base-padding-zero); border: var(--artdeco-reset-base-border-zero); vertical-align: var(--artdeco-reset-base-vertical-align-baseline); --artdeco-reset-typography_getFontSize:1.6rem; --artdeco-reset-typography_getLineHeight:1.5; line-height: var(--artdeco-reset-typography_getLineHeight);\"><span style=\"box-sizing: inherit; margin: var(--artdeco-reset-base-margin-zero); padding: var(--artdeco-reset-base-padding-zero); border: var(--artdeco-reset-base-border-zero); vertical-align: var(--artdeco-reset-base-vertical-align-baseline); background-image: ; background-position-x: ; background-position-y: ; background-size: ; background-repeat-x: ; background-repeat-y: ; background-attachment: ; background-origin: ; background-clip: ; outline: var(--artdeco-reset-base-outline-zero);\">Experience Required</span></p><p style=\"box-sizing: inherit; margin: var(--artdeco-reset-base-margin-zero); padding: var(--artdeco-reset-base-padding-zero); border: var(--artdeco-reset-base-border-zero); vertical-align: var(--artdeco-reset-base-vertical-align-baseline); --artdeco-reset-typography_getFontSize:1.6rem; --artdeco-reset-typography_getLineHeight:1.5; line-height: var(--artdeco-reset-typography_getLineHeight);\"><br style=\"box-sizing: inherit;\"></p><ul style=\"box-sizing: inherit; margin-left: 16px; padding-left: 18px; border: var(--artdeco-reset-base-border-zero); vertical-align: var(--artdeco-reset-base-vertical-align-baseline);\"><li style=\"background-image: ; background-position-x: ; background-position-y: ; background-size: ; background-repeat-x: ; background-repeat-y: ; background-attachment: ; background-origin: ; background-clip: ; box-sizing: inherit; margin-left: 16px; padding: var(--artdeco-reset-base-padding-zero); border: var(--artdeco-reset-base-border-zero); vertical-align: var(--artdeco-reset-base-vertical-align-baseline);\">Associate Degree in Business Administration, Information System, or related field required.</li><li style=\"background-image: ; background-position-x: ; background-position-y: ; background-size: ; background-repeat-x: ; background-repeat-y: ; background-attachment: ; background-origin: ; background-clip: ; box-sizing: inherit; margin-left: 16px; padding: var(--artdeco-reset-base-padding-zero); border: var(--artdeco-reset-base-border-zero); vertical-align: var(--artdeco-reset-base-vertical-align-baseline);\">Experience working with settings in Internet Explorer, Microsoft Edge, and other computer settings. Also, must be familiar with Microsoft Office software platforms such as Word, Excel, Teams, PowerPoint, Outlook, OneDrive.</li><li style=\"background-image: ; background-position-x: ; background-position-y: ; background-size: ; background-repeat-x: ; background-repeat-y: ; background-attachment: ; background-origin: ; background-clip: ; box-sizing: inherit; margin-left: 16px; padding: var(--artdeco-reset-base-padding-zero); border: var(--artdeco-reset-base-border-zero); vertical-align: var(--artdeco-reset-base-vertical-align-baseline);\">Experience and prior training with using Microsoft Bi is highly desirable.</li><li style=\"background-image: ; background-position-x: ; background-position-y: ; background-size: ; background-repeat-x: ; background-repeat-y: ; background-attachment: ; background-origin: ; background-clip: ; box-sizing: inherit; margin-left: 16px; padding: var(--artdeco-reset-base-padding-zero); border: var(--artdeco-reset-base-border-zero); vertical-align: var(--artdeco-reset-base-vertical-align-baseline);\">Experience and training with using HTML coding is highly desirable.</li><li style=\"background-image: ; background-position-x: ; background-position-y: ; background-size: ; background-repeat-x: ; background-repeat-y: ; background-attachment: ; background-origin: ; background-clip: ; box-sizing: inherit; margin-left: 16px; padding: var(--artdeco-reset-base-padding-zero); border: var(--artdeco-reset-base-border-zero); vertical-align: var(--artdeco-reset-base-vertical-align-baseline);\">Experience and prior training with using TMS Online and TMS Sidekick from a management level is highly desirable.</li><li style=\"background-image: ; background-position-x: ; background-position-y: ; background-size: ; background-repeat-x: ; background-repeat-y: ; background-attachment: ; background-origin: ; background-clip: ; box-sizing: inherit; margin-left: 16px; padding: var(--artdeco-reset-base-padding-zero); border: var(--artdeco-reset-base-border-zero); vertical-align: var(--artdeco-reset-base-vertical-align-baseline);\">2+ years of applicable experience with database management.</li><li style=\"background-image: ; background-position-x: ; background-position-y: ; background-size: ; background-repeat-x: ; background-repeat-y: ; background-attachment: ; background-origin: ; background-clip: ; box-sizing: inherit; margin-left: 16px; padding: var(--artdeco-reset-base-padding-zero); border: var(--artdeco-reset-base-border-zero); vertical-align: var(--artdeco-reset-base-vertical-align-baseline);\">Must be able to communicate effectively with clients, vendors, and other VIKAND team members.</li><li style=\"background-image: ; background-position-x: ; background-position-y: ; background-size: ; background-repeat-x: ; background-repeat-y: ; background-attachment: ; background-origin: ; background-clip: ; box-sizing: inherit; margin-left: 16px; padding: var(--artdeco-reset-base-padding-zero); border: var(--artdeco-reset-base-border-zero); vertical-align: var(--artdeco-reset-base-vertical-align-baseline);\">Must be available during evenings and weekends to assist team members and clients who are having an issue with the software and need immediate support.</li><li style=\"background-image: ; background-position-x: ; background-position-y: ; background-size: ; background-repeat-x: ; background-repeat-y: ; background-attachment: ; background-origin: ; background-clip: ; box-sizing: inherit; margin-left: 16px; padding: var(--artdeco-reset-base-padding-zero); border: var(--artdeco-reset-base-border-zero); vertical-align: var(--artdeco-reset-base-vertical-align-baseline);\">Must be proficient in written and spoken English including grammar and spelling.</li><li style=\"background-image: ; background-position-x: ; background-position-y: ; background-size: ; background-repeat-x: ; background-repeat-y: ; background-attachment: ; background-origin: ; background-clip: ; box-sizing: inherit; margin-left: 16px; padding: var(--artdeco-reset-base-padding-zero); border: var(--artdeco-reset-base-border-zero); vertical-align: var(--artdeco-reset-base-vertical-align-baseline);\">Must be a self-starter, able to work with limited supervision, and able to lead others.</li><li style=\"background-image: ; background-position-x: ; background-position-y: ; background-size: ; background-repeat-x: ; background-repeat-y: ; background-attachment: ; background-origin: ; background-clip: ; box-sizing: inherit; margin-left: 16px; padding: var(--artdeco-reset-base-padding-zero); border: var(--artdeco-reset-base-border-zero); vertical-align: var(--artdeco-reset-base-vertical-align-baseline);\">Must have strong time management and project management skills.</li></ul>', NULL, '2d468441-914c-11ec-aea7-6c626d3a5d34', '62ca1c7d-8d5d-11ec-a6db-6c626d3a5d34', 13, '2022-02-14 20:09:01', '2022-03-05 00:58:02'),
('ee234ec3-8d8e-11ec-a6db-6c626d3a5d34', '2f54740f-8d4a-11ec-a6db-6c626d3a5d34', 0, '<p style=\"box-sizing: inherit; margin: var(--artdeco-reset-base-margin-zero); padding: var(--artdeco-reset-base-padding-zero); border: var(--artdeco-reset-base-border-zero); vertical-align: var(--artdeco-reset-base-vertical-align-baseline); --artdeco-reset-typography_getFontSize:1.6rem; --artdeco-reset-typography_getLineHeight:1.5; line-height: var(--artdeco-reset-typography_getLineHeight);\"><span style=\"box-sizing: inherit; background-image: ; background-position-x: ; background-position-y: ; background-size: ; background-repeat-x: ; background-repeat-y: ; background-attachment: ; background-origin: ; background-clip: ; margin: var(--artdeco-reset-base-margin-zero); padding: var(--artdeco-reset-base-padding-zero); border: var(--artdeco-reset-base-border-zero); vertical-align: var(--artdeco-reset-base-vertical-align-baseline); outline: var(--artdeco-reset-base-outline-zero);\">Position Summary</span></p><p style=\"box-sizing: inherit; margin: var(--artdeco-reset-base-margin-zero); padding: var(--artdeco-reset-base-padding-zero); border: var(--artdeco-reset-base-border-zero); vertical-align: var(--artdeco-reset-base-vertical-align-baseline); --artdeco-reset-typography_getFontSize:1.6rem; --artdeco-reset-typography_getLineHeight:1.5; line-height: var(--artdeco-reset-typography_getLineHeight);\">The Company Nurse is responsible for providing basic healthcare services to the staff and providing general first aid when needed, along with assessing employee health risks and promoting employee health and wellness.</p><p style=\"box-sizing: inherit; margin: var(--artdeco-reset-base-margin-zero); padding: var(--artdeco-reset-base-padding-zero); border: var(--artdeco-reset-base-border-zero); vertical-align: var(--artdeco-reset-base-vertical-align-baseline); --artdeco-reset-typography_getFontSize:1.6rem; --artdeco-reset-typography_getLineHeight:1.5; line-height: var(--artdeco-reset-typography_getLineHeight);\"><br style=\"box-sizing: inherit;\"></p><p style=\"box-sizing: inherit; margin: var(--artdeco-reset-base-margin-zero); padding: var(--artdeco-reset-base-padding-zero); border: var(--artdeco-reset-base-border-zero); vertical-align: var(--artdeco-reset-base-vertical-align-baseline); --artdeco-reset-typography_getFontSize:1.6rem; --artdeco-reset-typography_getLineHeight:1.5; line-height: var(--artdeco-reset-typography_getLineHeight);\"><span style=\"box-sizing: inherit; margin: var(--artdeco-reset-base-margin-zero); padding: var(--artdeco-reset-base-padding-zero); border: var(--artdeco-reset-base-border-zero); vertical-align: var(--artdeco-reset-base-vertical-align-baseline); background-image: ; background-position-x: ; background-position-y: ; background-size: ; background-repeat-x: ; background-repeat-y: ; background-attachment: ; background-origin: ; background-clip: ; outline: var(--artdeco-reset-base-outline-zero);\">Responsibilities / Duties</span></p><p style=\"box-sizing: inherit; margin: var(--artdeco-reset-base-margin-zero); padding: var(--artdeco-reset-base-padding-zero); border: var(--artdeco-reset-base-border-zero); vertical-align: var(--artdeco-reset-base-vertical-align-baseline); --artdeco-reset-typography_getFontSize:1.6rem; --artdeco-reset-typography_getLineHeight:1.5; line-height: var(--artdeco-reset-typography_getLineHeight);\">The Company Nurse\'s duties and responsibilities include but not limited to;</p><ul style=\"box-sizing: inherit; margin-left: 16px; padding-left: 18px; border: var(--artdeco-reset-base-border-zero); vertical-align: var(--artdeco-reset-base-vertical-align-baseline);\"><li style=\"box-sizing: inherit; background-image: ; background-position-x: ; background-position-y: ; background-size: ; background-repeat-x: ; background-repeat-y: ; background-attachment: ; background-origin: ; background-clip: ; margin-left: 16px; padding: var(--artdeco-reset-base-padding-zero); border: var(--artdeco-reset-base-border-zero); vertical-align: var(--artdeco-reset-base-vertical-align-baseline);\">Provide consultation services, first aid treatments, and medications to employees.</li><li style=\"box-sizing: inherit; background-image: ; background-position-x: ; background-position-y: ; background-size: ; background-repeat-x: ; background-repeat-y: ; background-attachment: ; background-origin: ; background-clip: ; margin-left: 16px; padding: var(--artdeco-reset-base-padding-zero); border: var(--artdeco-reset-base-border-zero); vertical-align: var(--artdeco-reset-base-vertical-align-baseline);\">Handle health maintenance services and prepare Annual Medical reports for submission to DOLE.</li><li style=\"box-sizing: inherit; background-image: ; background-position-x: ; background-position-y: ; background-size: ; background-repeat-x: ; background-repeat-y: ; background-attachment: ; background-origin: ; background-clip: ; margin-left: 16px; padding: var(--artdeco-reset-base-padding-zero); border: var(--artdeco-reset-base-border-zero); vertical-align: var(--artdeco-reset-base-vertical-align-baseline);\">Control dispensing of vitamins and medicine supplies to employees and monitor inventory of medicines and other medical supplies.</li><li style=\"box-sizing: inherit; background-image: ; background-position-x: ; background-position-y: ; background-size: ; background-repeat-x: ; background-repeat-y: ; background-attachment: ; background-origin: ; background-clip: ; margin-left: 16px; padding: var(--artdeco-reset-base-padding-zero); border: var(--artdeco-reset-base-border-zero); vertical-align: var(--artdeco-reset-base-vertical-align-baseline);\">Validate submitted Medical Certificates and RT-PCR/Antigen Test of the staff. Report to immediate superior any discrepancies found in the result.</li><li style=\"box-sizing: inherit; background-image: ; background-position-x: ; background-position-y: ; background-size: ; background-repeat-x: ; background-repeat-y: ; background-attachment: ; background-origin: ; background-clip: ; margin-left: 16px; padding: var(--artdeco-reset-base-padding-zero); border: var(--artdeco-reset-base-border-zero); vertical-align: var(--artdeco-reset-base-vertical-align-baseline);\">Provide assistance to employees in availing medical services through HMO accredited hospitals, as needed.</li><li style=\"box-sizing: inherit; background-image: ; background-position-x: ; background-position-y: ; background-size: ; background-repeat-x: ; background-repeat-y: ; background-attachment: ; background-origin: ; background-clip: ; margin-left: 16px; padding: var(--artdeco-reset-base-padding-zero); border: var(--artdeco-reset-base-border-zero); vertical-align: var(--artdeco-reset-base-vertical-align-baseline);\">Maintain proper health reporting and recording system, ensuring medical confidentiality of clinic and patient information as well as providing non-confidential reports to site management as required. Identify potential occupational illnesses and refer to the company health adviser.</li><li style=\"box-sizing: inherit; background-image: ; background-position-x: ; background-position-y: ; background-size: ; background-repeat-x: ; background-repeat-y: ; background-attachment: ; background-origin: ; background-clip: ; margin-left: 16px; padding: var(--artdeco-reset-base-padding-zero); border: var(--artdeco-reset-base-border-zero); vertical-align: var(--artdeco-reset-base-vertical-align-baseline);\">Responsible for coordinating and facilitating Company\'s Annual Physical Examination.</li><li style=\"box-sizing: inherit; background-image: ; background-position-x: ; background-position-y: ; background-size: ; background-repeat-x: ; background-repeat-y: ; background-attachment: ; background-origin: ; background-clip: ; margin-left: 16px; padding: var(--artdeco-reset-base-padding-zero); border: var(--artdeco-reset-base-border-zero); vertical-align: var(--artdeco-reset-base-vertical-align-baseline);\">Assist with Employee Relation issues such as addressing employee concerns, development, and implementation of HR policies regarding occupational health and safety.</li><li style=\"box-sizing: inherit; background-image: ; background-position-x: ; background-position-y: ; background-size: ; background-repeat-x: ; background-repeat-y: ; background-attachment: ; background-origin: ; background-clip: ; margin-left: 16px; padding: var(--artdeco-reset-base-padding-zero); border: var(--artdeco-reset-base-border-zero); vertical-align: var(--artdeco-reset-base-vertical-align-baseline);\">Prepare health and safety reports including but not limited to summary of consultations and sick applications and COVID monitoring.</li><li style=\"box-sizing: inherit; background-image: ; background-position-x: ; background-position-y: ; background-size: ; background-repeat-x: ; background-repeat-y: ; background-attachment: ; background-origin: ; background-clip: ; margin-left: 16px; padding: var(--artdeco-reset-base-padding-zero); border: var(--artdeco-reset-base-border-zero); vertical-align: var(--artdeco-reset-base-vertical-align-baseline);\">Organizing of company-sponsored events and activities, especially with regards to Health and Wellness.</li></ul>', NULL, '8d5efdc4-8d8b-11ec-a6db-6c626d3a5d34', '62ca1c7d-8d5d-11ec-a6db-6c626d3a5d34', 13, '2022-02-14 20:09:15', '2022-03-04 23:51:22');
INSERT INTO `job_posts` (`job_post_id`, `manpower_request_id`, `is_salary_visible`, `content`, `expiration_date`, `job_category_id`, `posted_by`, `views`, `created_at`, `updated_at`) VALUES
('f6c129ed-8d8e-11ec-a6db-6c626d3a5d34', '0f372972-8d4a-11ec-a6db-6c626d3a5d34', 1, '<p style=\"box-sizing: inherit; margin: var(--artdeco-reset-base-margin-zero); padding: var(--artdeco-reset-base-padding-zero); border: var(--artdeco-reset-base-border-zero); vertical-align: var(--artdeco-reset-base-vertical-align-baseline); --artdeco-reset-typography_getFontSize:1.6rem; --artdeco-reset-typography_getLineHeight:1.5; line-height: var(--artdeco-reset-typography_getLineHeight);\"><span style=\"box-sizing: inherit; background-image: ; background-position-x: ; background-position-y: ; background-size: ; background-repeat-x: ; background-repeat-y: ; background-attachment: ; background-origin: ; background-clip: ; margin: var(--artdeco-reset-base-margin-zero); padding: var(--artdeco-reset-base-padding-zero); border: var(--artdeco-reset-base-border-zero); vertical-align: var(--artdeco-reset-base-vertical-align-baseline); outline: var(--artdeco-reset-base-outline-zero);\">Position Summary</span></p><p style=\"box-sizing: inherit; margin: var(--artdeco-reset-base-margin-zero); padding: var(--artdeco-reset-base-padding-zero); border: var(--artdeco-reset-base-border-zero); vertical-align: var(--artdeco-reset-base-vertical-align-baseline); --artdeco-reset-typography_getFontSize:1.6rem; --artdeco-reset-typography_getLineHeight:1.5; line-height: var(--artdeco-reset-typography_getLineHeight);\">The Company Nurse is responsible for providing basic healthcare services to the staff and providing general first aid when needed, along with assessing employee health risks and promoting employee health and wellness.</p><p style=\"box-sizing: inherit; margin: var(--artdeco-reset-base-margin-zero); padding: var(--artdeco-reset-base-padding-zero); border: var(--artdeco-reset-base-border-zero); vertical-align: var(--artdeco-reset-base-vertical-align-baseline); --artdeco-reset-typography_getFontSize:1.6rem; --artdeco-reset-typography_getLineHeight:1.5; line-height: var(--artdeco-reset-typography_getLineHeight);\"><br style=\"box-sizing: inherit;\"></p><p style=\"box-sizing: inherit; margin: var(--artdeco-reset-base-margin-zero); padding: var(--artdeco-reset-base-padding-zero); border: var(--artdeco-reset-base-border-zero); vertical-align: var(--artdeco-reset-base-vertical-align-baseline); --artdeco-reset-typography_getFontSize:1.6rem; --artdeco-reset-typography_getLineHeight:1.5; line-height: var(--artdeco-reset-typography_getLineHeight);\"><span style=\"box-sizing: inherit; margin: var(--artdeco-reset-base-margin-zero); padding: var(--artdeco-reset-base-padding-zero); border: var(--artdeco-reset-base-border-zero); vertical-align: var(--artdeco-reset-base-vertical-align-baseline); background-image: ; background-position-x: ; background-position-y: ; background-size: ; background-repeat-x: ; background-repeat-y: ; background-attachment: ; background-origin: ; background-clip: ; outline: var(--artdeco-reset-base-outline-zero);\">Responsibilities / Duties</span></p><p style=\"box-sizing: inherit; margin: var(--artdeco-reset-base-margin-zero); padding: var(--artdeco-reset-base-padding-zero); border: var(--artdeco-reset-base-border-zero); vertical-align: var(--artdeco-reset-base-vertical-align-baseline); --artdeco-reset-typography_getFontSize:1.6rem; --artdeco-reset-typography_getLineHeight:1.5; line-height: var(--artdeco-reset-typography_getLineHeight);\">The Company Nurse\'s duties and responsibilities include but not limited to;</p><ul style=\"box-sizing: inherit; margin-left: 16px; padding-left: 18px; border: var(--artdeco-reset-base-border-zero); vertical-align: var(--artdeco-reset-base-vertical-align-baseline);\"><li style=\"box-sizing: inherit; background-image: ; background-position-x: ; background-position-y: ; background-size: ; background-repeat-x: ; background-repeat-y: ; background-attachment: ; background-origin: ; background-clip: ; margin-left: 16px; padding: var(--artdeco-reset-base-padding-zero); border: var(--artdeco-reset-base-border-zero); vertical-align: var(--artdeco-reset-base-vertical-align-baseline);\">Provide consultation services, first aid treatments, and medications to employees.</li><li style=\"box-sizing: inherit; background-image: ; background-position-x: ; background-position-y: ; background-size: ; background-repeat-x: ; background-repeat-y: ; background-attachment: ; background-origin: ; background-clip: ; margin-left: 16px; padding: var(--artdeco-reset-base-padding-zero); border: var(--artdeco-reset-base-border-zero); vertical-align: var(--artdeco-reset-base-vertical-align-baseline);\">Handle health maintenance services and prepare Annual Medical reports for submission to DOLE.</li><li style=\"box-sizing: inherit; background-image: ; background-position-x: ; background-position-y: ; background-size: ; background-repeat-x: ; background-repeat-y: ; background-attachment: ; background-origin: ; background-clip: ; margin-left: 16px; padding: var(--artdeco-reset-base-padding-zero); border: var(--artdeco-reset-base-border-zero); vertical-align: var(--artdeco-reset-base-vertical-align-baseline);\">Control dispensing of vitamins and medicine supplies to employees and monitor inventory of medicines and other medical supplies.</li><li style=\"box-sizing: inherit; background-image: ; background-position-x: ; background-position-y: ; background-size: ; background-repeat-x: ; background-repeat-y: ; background-attachment: ; background-origin: ; background-clip: ; margin-left: 16px; padding: var(--artdeco-reset-base-padding-zero); border: var(--artdeco-reset-base-border-zero); vertical-align: var(--artdeco-reset-base-vertical-align-baseline);\">Validate submitted Medical Certificates and RT-PCR/Antigen Test of the staff. Report to immediate superior any discrepancies found in the result.</li><li style=\"box-sizing: inherit; background-image: ; background-position-x: ; background-position-y: ; background-size: ; background-repeat-x: ; background-repeat-y: ; background-attachment: ; background-origin: ; background-clip: ; margin-left: 16px; padding: var(--artdeco-reset-base-padding-zero); border: var(--artdeco-reset-base-border-zero); vertical-align: var(--artdeco-reset-base-vertical-align-baseline);\">Provide assistance to employees in availing medical services through HMO accredited hospitals, as needed.</li><li style=\"box-sizing: inherit; background-image: ; background-position-x: ; background-position-y: ; background-size: ; background-repeat-x: ; background-repeat-y: ; background-attachment: ; background-origin: ; background-clip: ; margin-left: 16px; padding: var(--artdeco-reset-base-padding-zero); border: var(--artdeco-reset-base-border-zero); vertical-align: var(--artdeco-reset-base-vertical-align-baseline);\">Maintain proper health reporting and recording system, ensuring medical confidentiality of clinic and patient information as well as providing non-confidential reports to site management as required. Identify potential occupational illnesses and refer to the company health adviser.</li><li style=\"box-sizing: inherit; background-image: ; background-position-x: ; background-position-y: ; background-size: ; background-repeat-x: ; background-repeat-y: ; background-attachment: ; background-origin: ; background-clip: ; margin-left: 16px; padding: var(--artdeco-reset-base-padding-zero); border: var(--artdeco-reset-base-border-zero); vertical-align: var(--artdeco-reset-base-vertical-align-baseline);\">Responsible for coordinating and facilitating Company\'s Annual Physical Examination.</li><li style=\"box-sizing: inherit; background-image: ; background-position-x: ; background-position-y: ; background-size: ; background-repeat-x: ; background-repeat-y: ; background-attachment: ; background-origin: ; background-clip: ; margin-left: 16px; padding: var(--artdeco-reset-base-padding-zero); border: var(--artdeco-reset-base-border-zero); vertical-align: var(--artdeco-reset-base-vertical-align-baseline);\">Assist with Employee Relation issues such as addressing employee concerns, development, and implementation of HR policies regarding occupational health and safety.</li><li style=\"box-sizing: inherit; background-image: ; background-position-x: ; background-position-y: ; background-size: ; background-repeat-x: ; background-repeat-y: ; background-attachment: ; background-origin: ; background-clip: ; margin-left: 16px; padding: var(--artdeco-reset-base-padding-zero); border: var(--artdeco-reset-base-border-zero); vertical-align: var(--artdeco-reset-base-vertical-align-baseline);\">Prepare health and safety reports including but not limited to summary of consultations and sick applications and COVID monitoring.</li><li style=\"box-sizing: inherit; background-image: ; background-position-x: ; background-position-y: ; background-size: ; background-repeat-x: ; background-repeat-y: ; background-attachment: ; background-origin: ; background-clip: ; margin-left: 16px; padding: var(--artdeco-reset-base-padding-zero); border: var(--artdeco-reset-base-border-zero); vertical-align: var(--artdeco-reset-base-vertical-align-baseline);\">Organizing of company-sponsored events and activities, especially with regards to Health and Wellness.</li></ul>', NULL, '8d5efdc4-8d8b-11ec-a6db-6c626d3a5d34', '62ca1c7d-8d5d-11ec-a6db-6c626d3a5d34', 35, '2022-02-14 20:09:29', '2022-03-21 21:03:55'),
('f8e54f63-9bde-11ec-9bb5-6c626d3a5d34', '8e18f5bb-9bde-11ec-9bb5-6c626d3a5d34', 0, '<p><span style=\"box-sizing: inherit; margin: var(--artdeco-reset-base-margin-zero); padding: var(--artdeco-reset-base-padding-zero); border: var(--artdeco-reset-base-border-zero); vertical-align: var(--artdeco-reset-base-vertical-align-baseline); outline: var(--artdeco-reset-base-outline-zero);\"><span style=\"box-sizing: inherit;\">Warehouse Helper</span><br style=\"box-sizing: inherit;\"></span></p><ul style=\"box-sizing: inherit; margin-left: 16px; padding-left: 18px; border: var(--artdeco-reset-base-border-zero); vertical-align: var(--artdeco-reset-base-vertical-align-baseline);\"><li style=\"box-sizing: inherit; margin-left: 16px; padding: var(--artdeco-reset-base-padding-zero); border: var(--artdeco-reset-base-border-zero); vertical-align: var(--artdeco-reset-base-vertical-align-baseline); background-image: ; background-position-x: ; background-position-y: ; background-size: ; background-repeat-x: ; background-repeat-y: ; background-attachment: ; background-origin: ; background-clip: ;\">Assists in the receiving and issuance of items at the warehouse.</li><li style=\"box-sizing: inherit; margin-left: 16px; padding: var(--artdeco-reset-base-padding-zero); border: var(--artdeco-reset-base-border-zero); vertical-align: var(--artdeco-reset-base-vertical-align-baseline); background-image: ; background-position-x: ; background-position-y: ; background-size: ; background-repeat-x: ; background-repeat-y: ; background-attachment: ; background-origin: ; background-clip: ;\">In some cases, acts as receiver of delivered items to warehouse section.</li><li style=\"box-sizing: inherit; margin-left: 16px; padding: var(--artdeco-reset-base-padding-zero); border: var(--artdeco-reset-base-border-zero); vertical-align: var(--artdeco-reset-base-vertical-align-baseline); background-image: ; background-position-x: ; background-position-y: ; background-size: ; background-repeat-x: ; background-repeat-y: ; background-attachment: ; background-origin: ; background-clip: ;\">Ensures 5S housekeeping standards are maintained at all times.</li><li style=\"box-sizing: inherit; margin-left: 16px; padding: var(--artdeco-reset-base-padding-zero); border: var(--artdeco-reset-base-border-zero); vertical-align: var(--artdeco-reset-base-vertical-align-baseline); background-image: ; background-position-x: ; background-position-y: ; background-size: ; background-repeat-x: ; background-repeat-y: ; background-attachment: ; background-origin: ; background-clip: ;\">Assists in the actual count once a month to ensure accuracy of warehouse count.</li><li style=\"box-sizing: inherit; margin-left: 16px; padding: var(--artdeco-reset-base-padding-zero); border: var(--artdeco-reset-base-border-zero); vertical-align: var(--artdeco-reset-base-vertical-align-baseline); background-image: ; background-position-x: ; background-position-y: ; background-size: ; background-repeat-x: ; background-repeat-y: ; background-attachment: ; background-origin: ; background-clip: ;\">Performs all tasks in accordance to Standard Operating Procedures to ensure safety.</li><li style=\"box-sizing: inherit; margin-left: 16px; padding: var(--artdeco-reset-base-padding-zero); border: var(--artdeco-reset-base-border-zero); vertical-align: var(--artdeco-reset-base-vertical-align-baseline); background-image: ; background-position-x: ; background-position-y: ; background-size: ; background-repeat-x: ; background-repeat-y: ; background-attachment: ; background-origin: ; background-clip: ;\">Performs other duties that may be assigned by the superior.<br style=\"box-sizing: inherit;\"></li></ul><p><span style=\"box-sizing: inherit; margin: var(--artdeco-reset-base-margin-zero); padding: var(--artdeco-reset-base-padding-zero); border: var(--artdeco-reset-base-border-zero); vertical-align: var(--artdeco-reset-base-vertical-align-baseline); outline: var(--artdeco-reset-base-outline-zero);\"><span style=\"box-sizing: inherit;\">Delivery Helper</span><br style=\"box-sizing: inherit;\"></span></p><ul style=\"box-sizing: inherit; margin-left: 16px; padding-left: 18px; border: var(--artdeco-reset-base-border-zero); vertical-align: var(--artdeco-reset-base-vertical-align-baseline);\"><li style=\"box-sizing: inherit; margin-left: 16px; padding: var(--artdeco-reset-base-padding-zero); border: var(--artdeco-reset-base-border-zero); vertical-align: var(--artdeco-reset-base-vertical-align-baseline); background-image: ; background-position-x: ; background-position-y: ; background-size: ; background-repeat-x: ; background-repeat-y: ; background-attachment: ; background-origin: ; background-clip: ;\">Verifies and sorts items to be loaded for delivery and ensures the correctness and completeness of all necessary documents to support the delivery activity.</li><li style=\"box-sizing: inherit; margin-left: 16px; padding: var(--artdeco-reset-base-padding-zero); border: var(--artdeco-reset-base-border-zero); vertical-align: var(--artdeco-reset-base-vertical-align-baseline); background-image: ; background-position-x: ; background-position-y: ; background-size: ; background-repeat-x: ; background-repeat-y: ; background-attachment: ; background-origin: ; background-clip: ;\">Plans, organizes and effectively uses the space in the delivery truck.</li><li style=\"box-sizing: inherit; margin-left: 16px; padding: var(--artdeco-reset-base-padding-zero); border: var(--artdeco-reset-base-border-zero); vertical-align: var(--artdeco-reset-base-vertical-align-baseline); background-image: ; background-position-x: ; background-position-y: ; background-size: ; background-repeat-x: ; background-repeat-y: ; background-attachment: ; background-origin: ; background-clip: ;\">Assists the driver in the loading/unloading of items scheduled for delivery.</li><li style=\"box-sizing: inherit; margin-left: 16px; padding: var(--artdeco-reset-base-padding-zero); border: var(--artdeco-reset-base-border-zero); vertical-align: var(--artdeco-reset-base-vertical-align-baseline); background-image: ; background-position-x: ; background-position-y: ; background-size: ; background-repeat-x: ; background-repeat-y: ; background-attachment: ; background-origin: ; background-clip: ;\">Secures loaded items to prevent damage during deliveries.</li><li style=\"box-sizing: inherit; margin-left: 16px; padding: var(--artdeco-reset-base-padding-zero); border: var(--artdeco-reset-base-border-zero); vertical-align: var(--artdeco-reset-base-vertical-align-baseline); background-image: ; background-position-x: ; background-position-y: ; background-size: ; background-repeat-x: ; background-repeat-y: ; background-attachment: ; background-origin: ; background-clip: ;\">Maintains professional communication with clients at all times.</li><li style=\"box-sizing: inherit; margin-left: 16px; padding: var(--artdeco-reset-base-padding-zero); border: var(--artdeco-reset-base-border-zero); vertical-align: var(--artdeco-reset-base-vertical-align-baseline); background-image: ; background-position-x: ; background-position-y: ; background-size: ; background-repeat-x: ; background-repeat-y: ; background-attachment: ; background-origin: ; background-clip: ;\">Performs all tasks in accordance to Standard Operating Procedures to ensure safety.</li><li style=\"box-sizing: inherit; margin-left: 16px; padding: var(--artdeco-reset-base-padding-zero); border: var(--artdeco-reset-base-border-zero); vertical-align: var(--artdeco-reset-base-vertical-align-baseline); background-image: ; background-position-x: ; background-position-y: ; background-size: ; background-repeat-x: ; background-repeat-y: ; background-attachment: ; background-origin: ; background-clip: ;\">Performs other duties that may be assigned by the superior.<br style=\"box-sizing: inherit;\"></li></ul><p><span style=\"box-sizing: inherit; margin: var(--artdeco-reset-base-margin-zero); padding: var(--artdeco-reset-base-padding-zero); border: var(--artdeco-reset-base-border-zero); vertical-align: var(--artdeco-reset-base-vertical-align-baseline); outline: var(--artdeco-reset-base-outline-zero);\"><span style=\"box-sizing: inherit;\">Minimum Qualifications</span><br style=\"box-sizing: inherit;\"></span></p><ul style=\"box-sizing: inherit; margin-left: 16px; padding-left: 18px; border: var(--artdeco-reset-base-border-zero); vertical-align: var(--artdeco-reset-base-vertical-align-baseline);\"><li style=\"background-image: ; background-position-x: ; background-position-y: ; background-size: ; background-repeat-x: ; background-repeat-y: ; background-attachment: ; background-origin: ; background-clip: ; box-sizing: inherit; margin-left: 16px; padding: var(--artdeco-reset-base-padding-zero); border: var(--artdeco-reset-base-border-zero); vertical-align: var(--artdeco-reset-base-vertical-align-baseline);\">At least a high school graduate.</li><li style=\"background-image: ; background-position-x: ; background-position-y: ; background-size: ; background-repeat-x: ; background-repeat-y: ; background-attachment: ; background-origin: ; background-clip: ; box-sizing: inherit; margin-left: 16px; padding: var(--artdeco-reset-base-padding-zero); border: var(--artdeco-reset-base-border-zero); vertical-align: var(--artdeco-reset-base-vertical-align-baseline);\">With knowledge in basic computer encoding.</li><li style=\"background-image: ; background-position-x: ; background-position-y: ; background-size: ; background-repeat-x: ; background-repeat-y: ; background-attachment: ; background-origin: ; background-clip: ; box-sizing: inherit; margin-left: 16px; padding: var(--artdeco-reset-base-padding-zero); border: var(--artdeco-reset-base-border-zero); vertical-align: var(--artdeco-reset-base-vertical-align-baseline);\">Familiarity with vehicle inspection before leaving the plant to deliver goods.</li><li style=\"background-image: ; background-position-x: ; background-position-y: ; background-size: ; background-repeat-x: ; background-repeat-y: ; background-attachment: ; background-origin: ; background-clip: ; box-sizing: inherit; margin-left: 16px; padding: var(--artdeco-reset-base-padding-zero); border: var(--artdeco-reset-base-border-zero); vertical-align: var(--artdeco-reset-base-vertical-align-baseline);\">Familiarity in reviewing deliveries with the warehouse personnel to ensure that the products to be delivered meet their needs or qualification.</li><li style=\"background-image: ; background-position-x: ; background-position-y: ; background-size: ; background-repeat-x: ; background-repeat-y: ; background-attachment: ; background-origin: ; background-clip: ; box-sizing: inherit; margin-left: 16px; padding: var(--artdeco-reset-base-padding-zero); border: var(--artdeco-reset-base-border-zero); vertical-align: var(--artdeco-reset-base-vertical-align-baseline);\">With pleasant personality and excellent customer service attitude.</li></ul>', NULL, 'f204bcf4-9bd5-11ec-9bb5-6c626d3a5d34', '62ca1c7d-8d5d-11ec-a6db-6c626d3a5d34', 0, '2022-03-05 01:17:28', '2022-03-05 01:17:28');

-- --------------------------------------------------------

--
-- Table structure for table `manpower_requests`
--

CREATE TABLE `manpower_requests` (
  `manpower_request_id` varchar(36) NOT NULL,
  `requisition_no` varchar(255) NOT NULL,
  `requested_by` varchar(36) NOT NULL,
  `position_id` varchar(36) NOT NULL,
  `employment_type_id` varchar(255) NOT NULL,
  `request_nature` varchar(255) NOT NULL,
  `staffs_needed` int(11) NOT NULL,
  `min_monthly_salary` float DEFAULT NULL,
  `max_monthly_salary` float DEFAULT NULL,
  `content` text NOT NULL,
  `request_status` varchar(255) NOT NULL,
  `deadline` datetime DEFAULT NULL,
  `signed_by` varchar(36) DEFAULT NULL,
  `signed_at` datetime DEFAULT NULL,
  `reviewed_by` varchar(36) DEFAULT NULL,
  `reviewed_at` datetime DEFAULT NULL,
  `completed_at` datetime DEFAULT NULL,
  `rejected_by` varchar(36) DEFAULT NULL,
  `rejected_at` datetime DEFAULT NULL,
  `remarks` text DEFAULT NULL,
  `created_at` datetime NOT NULL,
  `updated_at` datetime DEFAULT NULL
) ENGINE=InnoDB DEFAULT CHARSET=utf8mb4;

--
-- Dumping data for table `manpower_requests`
--

INSERT INTO `manpower_requests` (`manpower_request_id`, `requisition_no`, `requested_by`, `position_id`, `employment_type_id`, `request_nature`, `staffs_needed`, `min_monthly_salary`, `max_monthly_salary`, `content`, `request_status`, `deadline`, `signed_by`, `signed_at`, `reviewed_by`, `reviewed_at`, `completed_at`, `rejected_by`, `rejected_at`, `remarks`, `created_at`, `updated_at`) VALUES
('044340d4-9c5a-11ec-bdeb-6c626d3a5d34', 'REQ-L0DJY4ZH-SFNR90', '7aaa5807-8d48-11ec-a6db-6c626d3a5d34', 'c60d788a-9c2b-11ec-bdeb-6c626d3a5d34', 'ad44c6cd-8be9-11ec-88c9-6c626d3a5d34', 'New/Addition', 2, 37980, 67979, '<p dir=\"ltr\" style=\"line-height:1.38;margin-top:0pt;margin-bottom:0pt;\"><span style=\"font-variant-numeric: normal; font-variant-east-asian: normal; vertical-align: baseline;\">Dear Recipients,</span></p><p><br></p><p dir=\"ltr\" style=\"line-height:1.38;margin-top:0pt;margin-bottom:0pt;\"><span style=\"font-variant-numeric: normal; font-variant-east-asian: normal; vertical-align: baseline;\">This is to confirm that the Recruitment Management will hereafter be the source of manpower supply to the </span><span style=\"font-variant-numeric: normal; font-variant-east-asian: normal; vertical-align: baseline;\">Out-patient Department</span><span style=\"font-variant-numeric: normal; font-variant-east-asian: normal; vertical-align: baseline;\"> for the requested duration. This agreement will start as this paper will be approved by the hiring manager and will terminate as the request is fulfilled. The functions to be performed by the hired company are to supply sufficient manpower to Homies until the agreement is terminated.</span></p><p><br></p><p dir=\"ltr\" style=\"line-height:1.38;margin-top:0pt;margin-bottom:0pt;\"><span style=\"font-variant-numeric: normal; font-variant-east-asian: normal; vertical-align: baseline;\">The hired company will also assist the company in the selection of staff or workers in every way.&nbsp;</span></p><p><br></p><p dir=\"ltr\" style=\"line-height:1.38;margin-top:0pt;margin-bottom:0pt;\"><span style=\"font-variant-numeric: normal; font-variant-east-asian: normal; vertical-align: baseline;\">The&nbsp; Recruitment Management will also be given the required powers to make final selections of candidates as they deem appropriate.</span></p><p><br></p><p dir=\"ltr\" style=\"line-height:1.38;margin-top:0pt;margin-bottom:0pt;\"><span style=\"font-variant-numeric: normal; font-variant-east-asian: normal; vertical-align: baseline;\">Sincerely,</span></p><p dir=\"ltr\" style=\"line-height:1.38;margin-top:0pt;margin-bottom:0pt;\"><span style=\"font-variant-numeric: normal; font-variant-east-asian: normal; vertical-align: baseline;\">Caleb Ray,</span></p><p dir=\"ltr\" style=\"line-height:1.38;margin-top:0pt;margin-bottom:0pt;\"><span style=\"font-variant-numeric: normal; font-variant-east-asian: normal; vertical-align: baseline;\">Department Manager</span></p><p></p><p dir=\"ltr\" style=\"line-height:1.38;margin-top:0pt;margin-bottom:0pt;\"><span style=\"font-variant-numeric: normal; font-variant-east-asian: normal; vertical-align: baseline;\">Outpatient Department</span></p><div><span style=\"font-size:12pt;font-family:\'Times New Roman\';color:#000000;background-color:transparent;font-weight:700;font-style:normal;font-variant:normal;text-decoration:none;vertical-align:baseline;white-space:pre;white-space:pre-wrap;\"><br></span></div>', 'Completed', NULL, 'c80dbb20-8d4a-11ec-a6db-6c626d3a5d34', '2022-03-05 16:02:23', 'a89cdb12-8d52-11ec-a6db-6c626d3a5d34', '2022-03-05 16:05:23', '2022-03-05 16:27:32', NULL, NULL, NULL, '2022-03-05 15:58:16', '2022-03-05 16:27:32'),
('089df365-a914-11ec-b584-6c626d3a5d34', 'REQ-L10P3R4L-OBK7LB', '974523b2-8d49-11ec-a6db-6c626d3a5d34', '51d613bf-8d49-11ec-a6db-6c626d3a5d34', 'ad44c6cd-8be9-11ec-88c9-6c626d3a5d34', 'New/Addition', 2, NULL, NULL, '<p>ghfd</p>', 'Approved', NULL, 'c80dbb20-8d4a-11ec-a6db-6c626d3a5d34', '2022-03-21 20:49:20', 'a89cdb12-8d52-11ec-a6db-6c626d3a5d34', '2022-03-22 09:17:01', NULL, NULL, NULL, NULL, '2022-03-21 20:40:05', '2022-03-22 09:17:01'),
('0c4ed48d-9bca-11ec-9bb5-6c626d3a5d34', 'REQ-L0CJ4ZQM-DI0QG2', '5eb7dfd8-9bc8-11ec-9bb5-6c626d3a5d34', '4d538cea-9bc5-11ec-9bb5-6c626d3a5d34', 'c8913b14-8be9-11ec-88c9-6c626d3a5d34', 'New/Addition', 3, NULL, NULL, '<p dir=\"ltr\" style=\"line-height:1.38;margin-top:0pt;margin-bottom:0pt;\"><span style=\"font-variant-numeric: normal; font-variant-east-asian: normal; vertical-align: baseline;\">Dear Recipients,</span></p><p><br></p><p dir=\"ltr\" style=\"line-height:1.38;margin-top:0pt;margin-bottom:0pt;\"><span style=\"font-variant-numeric: normal; font-variant-east-asian: normal; vertical-align: baseline;\">This is to confirm that the Recruitment Management will hereafter be the source of manpower supply to the <b>Pathology Department</b> for the requested duration. This agreement will start as this paper will be approved by the hiring manager and will terminate as the request is fulfilled. The functions to be performed by the hired company are to supply sufficient manpower to Homies until the agreement is terminated.</span></p><p><br></p><p dir=\"ltr\" style=\"line-height:1.38;margin-top:0pt;margin-bottom:0pt;\"><span style=\"font-variant-numeric: normal; font-variant-east-asian: normal; vertical-align: baseline;\">The hired company will also assist the company in the selection of staff or workers in every way.&nbsp;</span></p><p><br></p><p dir=\"ltr\" style=\"line-height:1.38;margin-top:0pt;margin-bottom:0pt;\"><span style=\"font-variant-numeric: normal; font-variant-east-asian: normal; vertical-align: baseline;\">The&nbsp; Recruitment Management will also be given the required powers to make final selections of candidates as they deem appropriate.</span></p><p><br></p><p dir=\"ltr\" style=\"line-height:1.38;margin-top:0pt;margin-bottom:0pt;\"><span style=\"font-variant-numeric: normal; font-variant-east-asian: normal; vertical-align: baseline;\">Sincerely,</span></p><p dir=\"ltr\" style=\"line-height:1.38;margin-top:0pt;margin-bottom:0pt;\"><span style=\"font-variant-numeric: normal; font-variant-east-asian: normal; vertical-align: baseline;\"><b>Albert Sutton,</b></span></p><p dir=\"ltr\" style=\"line-height:1.38;margin-top:0pt;margin-bottom:0pt;\"><span style=\"font-variant-numeric: normal; font-variant-east-asian: normal; vertical-align: baseline;\"><b>Department Manager</b></span></p><p dir=\"ltr\" style=\"line-height:1.38;margin-top:0pt;margin-bottom:0pt;\"><span style=\"font-size: 1rem;\"><b>Pathology Department</b></span></p><div><span style=\"font-size:12pt;font-family:\'Times New Roman\';color:#000000;background-color:transparent;font-weight:400;font-style:normal;font-variant:normal;text-decoration:none;vertical-align:baseline;white-space:pre;white-space:pre-wrap;\"><br></span></div>', 'Approved', NULL, 'c80dbb20-8d4a-11ec-a6db-6c626d3a5d34', '2022-03-04 22:51:19', 'a89cdb12-8d52-11ec-a6db-6c626d3a5d34', '2022-03-04 22:54:53', NULL, NULL, NULL, NULL, '2022-03-04 22:47:41', '2022-03-04 22:54:53'),
('0f372972-8d4a-11ec-a6db-6c626d3a5d34', 'REQ-KZM5WKCL-UFBS7T', '974523b2-8d49-11ec-a6db-6c626d3a5d34', '0709ba31-8d49-11ec-a6db-6c626d3a5d34', 'b2ce077a-8be9-11ec-88c9-6c626d3a5d34', 'New/Addition', 4, 28650, 45800, '<p style=\"box-sizing: inherit; overflow-wrap: break-word; margin-right: 0px; margin-bottom: 1.6em; margin-left: 0px; padding: 0px; border: 0px;\">Dear Recipients,</p><p style=\"box-sizing: inherit; overflow-wrap: break-word; margin-right: 0px; margin-bottom: 1.6em; margin-left: 0px; padding: 0px; border: 0px;\">This is to confirm that the&nbsp;<b>Recruitment Management</b> will hereafter be the source of manpower supply to the&nbsp;<b>Intensive Care Unit (ICU) Department</b> for the requested duration. This agreement will start as this paper will be approved by the hiring manager and will terminate as the request is fulfilled. The functions to be performed by the hired company are to supply sufficient manpower to Homies until the agreement is terminated.</p><div class=\"code-block code-block-7\" style=\"box-sizing: inherit; margin: 8px auto; text-align: center; clear: both;\"><span id=\"ezoic-pub-ad-placeholder-127\" style=\"box-sizing: inherit;\"></span></div><p style=\"box-sizing: inherit; overflow-wrap: break-word; margin-right: 0px; margin-bottom: 1.6em; margin-left: 0px; padding: 0px; border: 0px;\">The hired company will also assist the company in the selection of staff or workers in every way. The&nbsp; <b>Recruitment Management</b> will also be given the required powers to make final selections of candidates as they deem appropriate.</p><p style=\"box-sizing: inherit; overflow-wrap: break-word; margin-right: 0px; margin-bottom: 1.6em; margin-left: 0px; padding: 0px; border: 0px;\"></p><div style=\"text-align: left;\"><span style=\"font-size: 1rem;\">Sincerely,</span></div><div style=\"text-align: left;\"><span style=\"font-size: 1rem;\"><b>Soham Miles,</b></span></div><div style=\"text-align: left;\"><span style=\"font-size: 1rem;\"><b>Department Manager</b></span></div><div style=\"text-align: left;\"><span style=\"font-size: 1rem;\"><b>Intensive Care Unit (ICU) Department</b></span></div><p></p>', 'Approved', NULL, 'c80dbb20-8d4a-11ec-a6db-6c626d3a5d34', '2022-02-14 12:42:49', 'a89cdb12-8d52-11ec-a6db-6c626d3a5d34', '2022-02-14 13:25:07', NULL, NULL, NULL, NULL, '2022-02-14 11:56:16', '2022-02-14 13:25:07'),
('2d86cf8a-8ef1-11ec-8742-6c626d3a5d34', 'REQ-KZP669NF-Y7PS3A', '7aaa5807-8d48-11ec-a6db-6c626d3a5d34', '995f4383-8be7-11ec-88c9-6c626d3a5d34', 'ad44c6cd-8be9-11ec-88c9-6c626d3a5d34', 'New/Addition', 2, NULL, NULL, '<p style=\"box-sizing: inherit; overflow-wrap: break-word; margin-right: 0px; margin-bottom: 1.6em; margin-left: 0px; padding: 0px; border: 0px;\">Dear Recipients,</p><p style=\"box-sizing: inherit; overflow-wrap: break-word; margin-right: 0px; margin-bottom: 1.6em; margin-left: 0px; padding: 0px; border: 0px;\">This is to confirm that the&nbsp;<b>Recruitment Management</b> will hereafter be the source of manpower supply to the&nbsp;<b>Out-Patient Department</b> for the requested duration. This agreement will start as this paper will be approved by the hiring manager and will terminate as the request is fulfilled. The functions to be performed by the hired company are to supply sufficient manpower to Homies until the agreement is terminated.</p><div class=\"code-block code-block-7\" style=\"box-sizing: inherit; margin: 8px auto; text-align: center; clear: both;\"><span id=\"ezoic-pub-ad-placeholder-127\" style=\"box-sizing: inherit;\"></span></div><p style=\"box-sizing: inherit; overflow-wrap: break-word; margin-right: 0px; margin-bottom: 1.6em; margin-left: 0px; padding: 0px; border: 0px;\">The hired company will also assist the company in the selection of staff or workers in every way. The&nbsp; <b>Recruitment Management</b> will also be given the required powers to make final selections of candidates as they deem appropriate.</p><p style=\"box-sizing: inherit; overflow-wrap: break-word; margin-right: 0px; margin-bottom: 1.6em; margin-left: 0px; padding: 0px; border: 0px;\"></p><div style=\"text-align: left;\"><span style=\"font-size: 1rem;\">Sincerely,</span></div><div style=\"text-align: left;\"><span style=\"font-size: 1rem;\"><b>Caleb Ray,</b></span></div><div style=\"text-align: left;\"><span style=\"font-size: 1rem;\"><b>Department Manager</b></span></div><div style=\"text-align: left;\"><span style=\"font-size: 1rem;\"><b>Out-Patient Department</b></span></div><p></p>', 'Approved', NULL, '92239c6c-8bed-11ec-88c9-6c626d3a5d34', '2022-02-19 12:49:18', 'a89cdb12-8d52-11ec-a6db-6c626d3a5d34', '2022-02-19 12:50:00', NULL, NULL, NULL, NULL, '2022-02-16 14:25:04', '2022-02-19 12:50:00'),
('2f54740f-8d4a-11ec-a6db-6c626d3a5d34', 'REQ-KZM5ZM12-NLJZT2', '974523b2-8d49-11ec-a6db-6c626d3a5d34', '51d613bf-8d49-11ec-a6db-6c626d3a5d34', 'ad44c6cd-8be9-11ec-88c9-6c626d3a5d34', 'New/Addition', 4, NULL, NULL, '<p style=\"box-sizing: inherit; overflow-wrap: break-word; margin-right: 0px; margin-bottom: 1.6em; margin-left: 0px; padding: 0px; border: 0px;\">Dear Recipients,</p><p style=\"box-sizing: inherit; overflow-wrap: break-word; margin-right: 0px; margin-bottom: 1.6em; margin-left: 0px; padding: 0px; border: 0px;\">This is to confirm that the&nbsp;<b>Recruitment Management</b> will hereafter be the source of manpower supply to the&nbsp;<b>Intensive Care Unit (ICU) Department</b> for the requested duration. This agreement will start as this paper will be approved by the hiring manager and will terminate as the request is fulfilled. The functions to be performed by the hired company are to supply sufficient manpower to Homies until the agreement is terminated.</p><div class=\"code-block code-block-7\" style=\"box-sizing: inherit; margin: 8px auto; text-align: center; clear: both;\"><span id=\"ezoic-pub-ad-placeholder-127\" style=\"box-sizing: inherit;\"></span></div><p style=\"box-sizing: inherit; overflow-wrap: break-word; margin-right: 0px; margin-bottom: 1.6em; margin-left: 0px; padding: 0px; border: 0px;\">The hired company will also assist the company in the selection of staff or workers in every way. The&nbsp; <b>Recruitment Management</b> will also be given the required powers to make final selections of candidates as they deem appropriate.</p><p style=\"box-sizing: inherit; overflow-wrap: break-word; margin-right: 0px; margin-bottom: 1.6em; margin-left: 0px; padding: 0px; border: 0px;\"></p><div style=\"text-align: left;\"><span style=\"font-size: 1rem;\">Sincerely,</span></div><div style=\"text-align: left;\"><span style=\"font-size: 1rem;\"><b>Soham Miles,</b></span></div><div style=\"text-align: left;\"><span style=\"font-size: 1rem;\"><b>Department Manager</b></span></div><div style=\"text-align: left;\"><span style=\"font-size: 1rem;\"><b>Intensive Care Unit (ICU) Department</b></span></div><p></p>', 'Approved', NULL, 'c80dbb20-8d4a-11ec-a6db-6c626d3a5d34', '2022-02-14 12:42:44', 'a89cdb12-8d52-11ec-a6db-6c626d3a5d34', '2022-02-14 13:24:47', NULL, NULL, NULL, NULL, '2022-02-14 11:57:10', '2022-02-14 13:24:47'),
('30f2b2b9-8d46-11ec-a6db-6c626d3a5d34', 'REQ-KZM4ZCFT-KM22ZD', 'a61b1699-8cd5-11ec-8d3b-6c626d3a5d34', '8817f963-8be0-11ec-88c9-6c626d3a5d34', 'ad44c6cd-8be9-11ec-88c9-6c626d3a5d34', 'New/Addition', 1, 25000, 58000, '<p style=\"box-sizing: inherit; overflow-wrap: break-word; margin-right: 0px; margin-bottom: 1.6em; margin-left: 0px; padding: 0px; border: 0px;\">Dear Recipients,</p><p style=\"box-sizing: inherit; overflow-wrap: break-word; margin-right: 0px; margin-bottom: 1.6em; margin-left: 0px; padding: 0px; border: 0px;\">This is to confirm that the&nbsp;<b>Recruitment Management</b> will hereafter be the source of manpower supply to the&nbsp;<b>IT Management and Administration Department</b> for the requested duration. This agreement will start as this paper will be approved by the hiring manager and will terminate as the request is fulfilled. The functions to be performed by the hired company are to supply sufficient manpower to Homies until the agreement is terminated.</p><div class=\"code-block code-block-7\" style=\"box-sizing: inherit; margin: 8px auto; text-align: center; clear: both;\"><span id=\"ezoic-pub-ad-placeholder-127\" style=\"box-sizing: inherit;\"></span></div><p style=\"box-sizing: inherit; overflow-wrap: break-word; margin-right: 0px; margin-bottom: 1.6em; margin-left: 0px; padding: 0px; border: 0px;\">The hired company will also assist the company in the selection of staff or workers in every way. The&nbsp; <b>Recruitment Management</b> will also be given the required powers to make final selections of candidates as they deem appropriate.</p><p style=\"box-sizing: inherit; overflow-wrap: break-word; margin-right: 0px; margin-bottom: 1.6em; margin-left: 0px; padding: 0px; border: 0px;\"></p><div style=\"text-align: left;\"><span style=\"font-size: 1rem;\">Sincerely,</span></div><div style=\"text-align: left;\"><span style=\"font-size: 1rem;\"><b>Nicole Austine,</b></span></div><div style=\"text-align: left;\"><span style=\"font-size: 1rem;\"><b>Department Manager</b></span></div><div style=\"text-align: left;\"><span style=\"font-size: 1rem;\"><b>IT Management and Administration Department</b></span></div><p></p>', 'Approved', NULL, 'fade7092-8cd2-11ec-8d3b-6c626d3a5d34', '2022-02-14 13:14:49', 'a89cdb12-8d52-11ec-a6db-6c626d3a5d34', '2022-02-14 13:26:45', NULL, NULL, NULL, NULL, '2022-02-14 11:28:35', '2022-02-14 13:26:45'),
('382795a1-8d4a-11ec-a6db-6c626d3a5d34', 'REQ-KZM60RZP-28EJ9L', '974523b2-8d49-11ec-a6db-6c626d3a5d34', '63f8a921-8d49-11ec-a6db-6c626d3a5d34', 'ad44c6cd-8be9-11ec-88c9-6c626d3a5d34', 'Replacement', 1, NULL, NULL, '<p style=\"box-sizing: inherit; overflow-wrap: break-word; margin-right: 0px; margin-bottom: 1.6em; margin-left: 0px; padding: 0px; border: 0px;\">Dear Recipients,</p><p style=\"box-sizing: inherit; overflow-wrap: break-word; margin-right: 0px; margin-bottom: 1.6em; margin-left: 0px; padding: 0px; border: 0px;\">This is to confirm that the&nbsp;<b>Recruitment Management</b> will hereafter be the source of manpower supply to the&nbsp;<b>Intensive Care Unit (ICU) Department</b> for the requested duration. This agreement will start as this paper will be approved by the hiring manager and will terminate as the request is fulfilled. The functions to be performed by the hired company are to supply sufficient manpower to Homies until the agreement is terminated.</p><div class=\"code-block code-block-7\" style=\"box-sizing: inherit; margin: 8px auto; text-align: center; clear: both;\"><span id=\"ezoic-pub-ad-placeholder-127\" style=\"box-sizing: inherit;\"></span></div><p style=\"box-sizing: inherit; overflow-wrap: break-word; margin-right: 0px; margin-bottom: 1.6em; margin-left: 0px; padding: 0px; border: 0px;\">The hired company will also assist the company in the selection of staff or workers in every way. The&nbsp; <b>Recruitment Management</b> will also be given the required powers to make final selections of candidates as they deem appropriate.</p><p style=\"box-sizing: inherit; overflow-wrap: break-word; margin-right: 0px; margin-bottom: 1.6em; margin-left: 0px; padding: 0px; border: 0px;\"></p><div style=\"text-align: left;\"><span style=\"font-size: 1rem;\">Sincerely,</span></div><div style=\"text-align: left;\"><span style=\"font-size: 1rem;\"><b>Soham Miles,</b></span></div><div style=\"text-align: left;\"><span style=\"font-size: 1rem;\"><b>Department Manager</b></span></div><div style=\"text-align: left;\"><span style=\"font-size: 1rem;\"><b>Intensive Care Unit (ICU) Department</b></span></div><p></p>', 'Approved', NULL, '92239c6c-8bed-11ec-88c9-6c626d3a5d34', '2022-02-19 12:49:01', 'a89cdb12-8d52-11ec-a6db-6c626d3a5d34', '2022-02-19 12:50:05', NULL, NULL, NULL, NULL, '2022-02-14 11:57:25', '2022-02-19 12:50:05'),
('3ee39f93-9bca-11ec-9bb5-6c626d3a5d34', 'REQ-L0CJ6SMS-7EZDXO', '5eb7dfd8-9bc8-11ec-9bb5-6c626d3a5d34', '69f135c2-9bc5-11ec-9bb5-6c626d3a5d34', 'c8913b14-8be9-11ec-88c9-6c626d3a5d34', 'New/Addition', 1, NULL, NULL, '<p dir=\"ltr\" style=\"line-height:1.38;margin-top:0pt;margin-bottom:0pt;\"><span style=\"font-variant-numeric: normal; font-variant-east-asian: normal; vertical-align: baseline;\">Dear Recipients,</span></p><p><br></p><p dir=\"ltr\" style=\"line-height:1.38;margin-top:0pt;margin-bottom:0pt;\"><span style=\"font-variant-numeric: normal; font-variant-east-asian: normal; vertical-align: baseline;\">This is to confirm that the Recruitment Management will hereafter be the source of manpower supply to the <b>Pathology Department</b> for the requested duration. This agreement will start as this paper will be approved by the hiring manager and will terminate as the request is fulfilled. The functions to be performed by the hired company are to supply sufficient manpower to Homies until the agreement is terminated.</span></p><p><br></p><p dir=\"ltr\" style=\"line-height:1.38;margin-top:0pt;margin-bottom:0pt;\"><span style=\"font-variant-numeric: normal; font-variant-east-asian: normal; vertical-align: baseline;\">The hired company will also assist the company in the selection of staff or workers in every way.&nbsp;</span></p><p><br></p><p dir=\"ltr\" style=\"line-height:1.38;margin-top:0pt;margin-bottom:0pt;\"><span style=\"font-variant-numeric: normal; font-variant-east-asian: normal; vertical-align: baseline;\">The&nbsp; Recruitment Management will also be given the required powers to make final selections of candidates as they deem appropriate.</span></p><p><br></p><p dir=\"ltr\" style=\"line-height:1.38;margin-top:0pt;margin-bottom:0pt;\"><span style=\"font-variant-numeric: normal; font-variant-east-asian: normal; vertical-align: baseline;\">Sincerely,</span></p><p dir=\"ltr\" style=\"line-height:1.38;margin-top:0pt;margin-bottom:0pt;\"><span style=\"font-variant-numeric: normal; font-variant-east-asian: normal; vertical-align: baseline;\"><b>Albert Sutton,</b></span></p><p dir=\"ltr\" style=\"line-height:1.38;margin-top:0pt;margin-bottom:0pt;\"><span style=\"font-variant-numeric: normal; font-variant-east-asian: normal; vertical-align: baseline;\"><b>Department Manager</b></span></p><p dir=\"ltr\" style=\"line-height:1.38;margin-top:0pt;margin-bottom:0pt;\"><span style=\"font-variant-numeric: normal; font-variant-east-asian: normal; vertical-align: baseline;\"><b>Pathology Department</b></span></p><div><span style=\"font-size:12pt;font-family:\'Times New Roman\';color:#000000;background-color:transparent;font-weight:400;font-style:normal;font-variant:normal;text-decoration:none;vertical-align:baseline;white-space:pre;white-space:pre-wrap;\"><br></span></div>', 'Approved', NULL, 'c80dbb20-8d4a-11ec-a6db-6c626d3a5d34', '2022-03-04 22:51:13', 'a89cdb12-8d52-11ec-a6db-6c626d3a5d34', '2022-03-04 22:54:45', NULL, NULL, NULL, NULL, '2022-03-04 22:49:06', '2022-03-04 22:54:45'),
('429dd76f-8d4a-11ec-a6db-6c626d3a5d34', 'REQ-KZM612PD-8EHOQS', '974523b2-8d49-11ec-a6db-6c626d3a5d34', '2c7a275d-8d49-11ec-a6db-6c626d3a5d34', 'ad44c6cd-8be9-11ec-88c9-6c626d3a5d34', 'New/Addition', 5, NULL, NULL, '<p style=\"box-sizing: inherit; overflow-wrap: break-word; margin-right: 0px; margin-bottom: 1.6em; margin-left: 0px; padding: 0px; border: 0px;\">Dear Recipients,</p><p style=\"box-sizing: inherit; overflow-wrap: break-word; margin-right: 0px; margin-bottom: 1.6em; margin-left: 0px; padding: 0px; border: 0px;\">This is to confirm that the&nbsp;<b>Recruitment Management</b> will hereafter be the source of manpower supply to the&nbsp;<b>Intensive Care Unit (ICU) Department</b> for the requested duration. This agreement will start as this paper will be approved by the hiring manager and will terminate as the request is fulfilled. The functions to be performed by the hired company are to supply sufficient manpower to Homies until the agreement is terminated.</p><div class=\"code-block code-block-7\" style=\"box-sizing: inherit; margin: 8px auto; text-align: center; clear: both;\"><span id=\"ezoic-pub-ad-placeholder-127\" style=\"box-sizing: inherit;\"></span></div><p style=\"box-sizing: inherit; overflow-wrap: break-word; margin-right: 0px; margin-bottom: 1.6em; margin-left: 0px; padding: 0px; border: 0px;\">The hired company will also assist the company in the selection of staff or workers in every way. The&nbsp; <b>Recruitment Management</b> will also be given the required powers to make final selections of candidates as they deem appropriate.</p><p style=\"box-sizing: inherit; overflow-wrap: break-word; margin-right: 0px; margin-bottom: 1.6em; margin-left: 0px; padding: 0px; border: 0px;\"></p><div style=\"text-align: left;\"><span style=\"font-size: 1rem;\">Sincerely,</span></div><div style=\"text-align: left;\"><span style=\"font-size: 1rem;\"><b>Soham Miles,</b></span></div><div style=\"text-align: left;\"><span style=\"font-size: 1rem;\"><b>Department Manager</b></span></div><div style=\"text-align: left;\"><span style=\"font-size: 1rem;\"><b>Intensive Care Unit (ICU) Department</b></span></div><p></p>', 'Approved', NULL, 'c80dbb20-8d4a-11ec-a6db-6c626d3a5d34', '2022-02-14 12:29:40', 'a89cdb12-8d52-11ec-a6db-6c626d3a5d34', '2022-02-14 13:25:01', NULL, NULL, NULL, NULL, '2022-02-14 11:57:42', '2022-02-14 13:25:01'),
('46922767-9c2f-11ec-bdeb-6c626d3a5d34', 'REQ-L0D91CG2-JLV6M6', '7aaa5807-8d48-11ec-a6db-6c626d3a5d34', 'e11c88f4-9c2b-11ec-bdeb-6c626d3a5d34', 'b2ce077a-8be9-11ec-88c9-6c626d3a5d34', 'Replacement', 2, 23670, 56450, '<p dir=\"ltr\" style=\"line-height:1.38;margin-top:0pt;margin-bottom:0pt;\"><span style=\"font-variant-numeric: normal; font-variant-east-asian: normal; vertical-align: baseline;\">Dear Recipients,</span></p><p dir=\"ltr\" style=\"line-height:1.38;margin-top:0pt;margin-bottom:0pt;\"><br></p><p dir=\"ltr\" style=\"line-height:1.38;margin-top:0pt;margin-bottom:0pt;\"><span style=\"font-variant-numeric: normal; font-variant-east-asian: normal; vertical-align: baseline;\">This is to confirm that the <b>Recruitment Management</b> will hereafter be the source of manpower supply to the </span><span style=\"font-variant-numeric: normal; font-variant-east-asian: normal; vertical-align: baseline;\">Out-patient Department</span><span style=\"font-variant-numeric: normal; font-variant-east-asian: normal; vertical-align: baseline;\"> for the requested duration. This agreement will start as this paper will be approved by the hiring manager and will terminate as the request is fulfilled. The functions to be performed by the hired company are to supply sufficient manpower to Homies until the agreement is terminated.</span></p><p dir=\"ltr\" style=\"line-height:1.38;margin-top:0pt;margin-bottom:0pt;\"><br></p><p dir=\"ltr\" style=\"line-height:1.38;margin-top:0pt;margin-bottom:0pt;\"><span style=\"font-variant-numeric: normal; font-variant-east-asian: normal; vertical-align: baseline;\">The hired company will also assist the company in the selection of staff or workers in every way.&nbsp;</span></p><p dir=\"ltr\" style=\"line-height:1.38;margin-top:0pt;margin-bottom:0pt;\"><br></p><p dir=\"ltr\" style=\"line-height:1.38;margin-top:0pt;margin-bottom:0pt;\"><span style=\"font-variant-numeric: normal; font-variant-east-asian: normal; vertical-align: baseline;\">The&nbsp; Recruitment Management will also be given the required powers to make final selections of candidates as they deem appropriate.</span></p><p dir=\"ltr\" style=\"line-height:1.38;margin-top:0pt;margin-bottom:0pt;\"><br></p><p dir=\"ltr\" style=\"line-height:1.38;margin-top:0pt;margin-bottom:0pt;\"><span style=\"font-variant-numeric: normal; font-variant-east-asian: normal; vertical-align: baseline;\">Sincerely,</span></p><p dir=\"ltr\" style=\"line-height:1.38;margin-top:0pt;margin-bottom:0pt;\"><span style=\"font-variant-numeric: normal; font-variant-east-asian: normal; vertical-align: baseline;\"><b>Caleb Ray,</b></span></p><p dir=\"ltr\" style=\"line-height:1.38;margin-top:0pt;margin-bottom:0pt;\"><span style=\"font-variant-numeric: normal; font-variant-east-asian: normal; vertical-align: baseline;\"><b>Department Manager</b></span></p><p dir=\"ltr\" style=\"line-height:1.38;margin-top:0pt;margin-bottom:0pt;\"></p><p dir=\"ltr\" style=\"line-height:1.38;margin-top:0pt;margin-bottom:0pt;\"><span style=\"font-variant-numeric: normal; font-variant-east-asian: normal; vertical-align: baseline;\"><b>Outpatient Department</b></span></p><div><span style=\"font-size:12pt;font-family:\'Times New Roman\';color:#000000;background-color:transparent;font-weight:700;font-style:normal;font-variant:normal;text-decoration:none;vertical-align:baseline;white-space:pre;white-space:pre-wrap;\"><br></span></div>', 'Rejected for signing', NULL, NULL, NULL, NULL, NULL, NULL, 'c80dbb20-8d4a-11ec-a6db-6c626d3a5d34', '2022-03-05 16:02:45', 'Invalid request', '2022-03-05 10:52:20', '2022-03-05 16:02:45'),
('50f0318f-8d46-11ec-a6db-6c626d3a5d34', 'REQ-KZM500NF-DY6M09', 'a61b1699-8cd5-11ec-8d3b-6c626d3a5d34', '3c8e1a7b-8be0-11ec-88c9-6c626d3a5d34', 'ad44c6cd-8be9-11ec-88c9-6c626d3a5d34', 'New/Addition', 1, 26000, 85000, '<p style=\"box-sizing: inherit; overflow-wrap: break-word; margin-right: 0px; margin-bottom: 1.6em; margin-left: 0px; padding: 0px; border: 0px;\">Dear Recipients,</p><p style=\"box-sizing: inherit; overflow-wrap: break-word; margin-right: 0px; margin-bottom: 1.6em; margin-left: 0px; padding: 0px; border: 0px;\">This is to confirm that the&nbsp;<b>Recruitment Management</b> will hereafter be the source of manpower supply to the&nbsp;<b>IT Management and Administration Department</b> for the requested duration. This agreement will start as this paper will be approved by the hiring manager and will terminate as the request is fulfilled. The functions to be performed by the hired company are to supply sufficient manpower to Homies until the agreement is terminated.</p><div class=\"code-block code-block-7\" style=\"box-sizing: inherit; margin: 8px auto; text-align: center; clear: both;\"><span id=\"ezoic-pub-ad-placeholder-127\" style=\"box-sizing: inherit;\"></span></div><p style=\"box-sizing: inherit; overflow-wrap: break-word; margin-right: 0px; margin-bottom: 1.6em; margin-left: 0px; padding: 0px; border: 0px;\">The hired company will also assist the company in the selection of staff or workers in every way. The&nbsp; <b>Recruitment Management</b> will also be given the required powers to make final selections of candidates as they deem appropriate.</p><p style=\"box-sizing: inherit; overflow-wrap: break-word; margin-right: 0px; margin-bottom: 1.6em; margin-left: 0px; padding: 0px; border: 0px;\"></p><div style=\"text-align: left;\"><span style=\"font-size: 1rem;\">Sincerely,</span></div><div style=\"text-align: left;\"><span style=\"font-size: 1rem;\"><b>Nicole Austine,</b></span></div><div style=\"text-align: left;\"><span style=\"font-size: 1rem;\"><b>Department Manager</b></span></div><div style=\"text-align: left;\"><span style=\"font-size: 1rem;\"><b>IT Management and Administration Department</b></span></div><p></p>', 'Approved', '2022-05-31 12:30:00', 'fade7092-8cd2-11ec-8d3b-6c626d3a5d34', '2022-02-14 13:14:44', 'a89cdb12-8d52-11ec-a6db-6c626d3a5d34', '2022-02-14 13:26:40', NULL, NULL, NULL, NULL, '2022-02-14 11:29:28', '2022-02-14 13:26:40'),
('67d8579e-9bca-11ec-9bb5-6c626d3a5d34', 'REQ-L0CJ8ISX-UJPUM6', '5eb7dfd8-9bc8-11ec-9bb5-6c626d3a5d34', '8e304180-9bc5-11ec-9bb5-6c626d3a5d34', 'b2ce077a-8be9-11ec-88c9-6c626d3a5d34', 'New/Addition', 2, NULL, NULL, '<p dir=\"ltr\" style=\"line-height:1.38;margin-top:0pt;margin-bottom:0pt;\"><span style=\"font-variant-numeric: normal; font-variant-east-asian: normal; vertical-align: baseline;\">Dear Recipients,</span></p><p><br></p><p dir=\"ltr\" style=\"line-height:1.38;margin-top:0pt;margin-bottom:0pt;\"><span style=\"font-variant-numeric: normal; font-variant-east-asian: normal; vertical-align: baseline;\">This is to confirm that the Recruitment Management will hereafter be the source of manpower supply to the <b>Pathology Department</b> for the requested duration. This agreement will start as this paper will be approved by the hiring manager and will terminate as the request is fulfilled. The functions to be performed by the hired company are to supply sufficient manpower to Homies until the agreement is terminated.</span></p><p><br></p><p dir=\"ltr\" style=\"line-height:1.38;margin-top:0pt;margin-bottom:0pt;\"><span style=\"font-variant-numeric: normal; font-variant-east-asian: normal; vertical-align: baseline;\">The hired company will also assist the company in the selection of staff or workers in every way.&nbsp;</span></p><p><br></p><p dir=\"ltr\" style=\"line-height:1.38;margin-top:0pt;margin-bottom:0pt;\"><span style=\"font-variant-numeric: normal; font-variant-east-asian: normal; vertical-align: baseline;\">The&nbsp; Recruitment Management will also be given the required powers to make final selections of candidates as they deem appropriate.</span></p><p><br></p><p dir=\"ltr\" style=\"line-height:1.38;margin-top:0pt;margin-bottom:0pt;\"><span style=\"font-variant-numeric: normal; font-variant-east-asian: normal; vertical-align: baseline;\">Sincerely,</span></p><p dir=\"ltr\" style=\"line-height:1.38;margin-top:0pt;margin-bottom:0pt;\"><span style=\"font-variant-numeric: normal; font-variant-east-asian: normal; vertical-align: baseline;\"><b>Albert Sutton,</b></span></p><p dir=\"ltr\" style=\"line-height:1.38;margin-top:0pt;margin-bottom:0pt;\"><span style=\"font-variant-numeric: normal; font-variant-east-asian: normal; vertical-align: baseline;\"><b>Department Manager</b></span></p><p dir=\"ltr\" style=\"line-height:1.38;margin-top:0pt;margin-bottom:0pt;\"><b>Pathology Department</b></p><div><span style=\"font-size:12pt;font-family:\'Times New Roman\';color:#000000;background-color:transparent;font-weight:400;font-style:normal;font-variant:normal;text-decoration:none;vertical-align:baseline;white-space:pre;white-space:pre-wrap;\"><br></span></div>', 'Approved', NULL, 'c80dbb20-8d4a-11ec-a6db-6c626d3a5d34', '2022-03-04 22:51:07', 'a89cdb12-8d52-11ec-a6db-6c626d3a5d34', '2022-03-04 22:54:39', NULL, NULL, NULL, NULL, '2022-03-04 22:50:15', '2022-03-04 22:54:39'),
('6a2a8d33-8d46-11ec-a6db-6c626d3a5d34', 'REQ-KZM51EPN-CUP8EN', 'a61b1699-8cd5-11ec-8d3b-6c626d3a5d34', '54f2385c-8be0-11ec-88c9-6c626d3a5d34', 'c8913b14-8be9-11ec-88c9-6c626d3a5d34', 'Replacement', 2, 12500, 20600, '<p style=\"box-sizing: inherit; overflow-wrap: break-word; margin-right: 0px; margin-bottom: 1.6em; margin-left: 0px; padding: 0px; border: 0px;\">Dear Recipients,</p><p style=\"box-sizing: inherit; overflow-wrap: break-word; margin-right: 0px; margin-bottom: 1.6em; margin-left: 0px; padding: 0px; border: 0px;\">This is to confirm that the&nbsp;<b>Recruitment Management</b> will hereafter be the source of manpower supply to the&nbsp;<b>IT Management and Administration Department</b> for the requested duration. This agreement will start as this paper will be approved by the hiring manager and will terminate as the request is fulfilled. The functions to be performed by the hired company are to supply sufficient manpower to Homies until the agreement is terminated.</p><div class=\"code-block code-block-7\" style=\"box-sizing: inherit; margin: 8px auto; text-align: center; clear: both;\"><span id=\"ezoic-pub-ad-placeholder-127\" style=\"box-sizing: inherit;\"></span></div><p style=\"box-sizing: inherit; overflow-wrap: break-word; margin-right: 0px; margin-bottom: 1.6em; margin-left: 0px; padding: 0px; border: 0px;\">The hired company will also assist the company in the selection of staff or workers in every way. The&nbsp; <b>Recruitment Management</b> will also be given the required powers to make final selections of candidates as they deem appropriate.</p><p style=\"box-sizing: inherit; overflow-wrap: break-word; margin-right: 0px; margin-bottom: 1.6em; margin-left: 0px; padding: 0px; border: 0px;\"></p><div style=\"text-align: left;\"><span style=\"font-size: 1rem;\">Sincerely,</span></div><div style=\"text-align: left;\"><span style=\"font-size: 1rem;\"><b>Nicole Austine,</b></span></div><div style=\"text-align: left;\"><span style=\"font-size: 1rem;\"><b>Department Manager</b></span></div><div style=\"text-align: left;\"><span style=\"font-size: 1rem;\"><b>IT Management and Administration Department</b></span></div><p></p>', 'Approved', NULL, 'fade7092-8cd2-11ec-8d3b-6c626d3a5d34', '2022-02-14 13:14:40', 'a89cdb12-8d52-11ec-a6db-6c626d3a5d34', '2022-02-14 13:26:36', NULL, NULL, NULL, NULL, '2022-02-14 11:30:11', '2022-02-14 13:26:36'),
('8e18f5bb-9bde-11ec-9bb5-6c626d3a5d34', 'REQ-L0CO8E1Q-W8LGCD', '898ec933-9bdd-11ec-9bb5-6c626d3a5d34', '2596cf81-9bdd-11ec-9bb5-6c626d3a5d34', 'ce23d0b2-8be9-11ec-88c9-6c626d3a5d34', 'New/Addition', 10, NULL, NULL, '<p dir=\"ltr\" style=\"line-height:1.38;margin-top:0pt;margin-bottom:0pt;\"><span style=\"font-variant-numeric: normal; font-variant-east-asian: normal; vertical-align: baseline;\">Dear Recipients,</span></p><p><br></p><p dir=\"ltr\" style=\"line-height:1.38;margin-top:0pt;margin-bottom:0pt;\"><span style=\"font-variant-numeric: normal; font-variant-east-asian: normal; vertical-align: baseline;\">This is to confirm that the Recruitment Management will hereafter be the source of manpower supply to the <b>Warehousing Department</b> for the requested duration. This agreement will start as this paper will be approved by the hiring manager and will terminate as the request is fulfilled. The functions to be performed by the hired company are to supply sufficient manpower to Homies until the agreement is terminated.</span></p><p><br></p><p dir=\"ltr\" style=\"line-height:1.38;margin-top:0pt;margin-bottom:0pt;\"><span style=\"font-variant-numeric: normal; font-variant-east-asian: normal; vertical-align: baseline;\">The hired company will also assist the company in the selection of staff or workers in every way.&nbsp;</span></p><p><br></p><p dir=\"ltr\" style=\"line-height:1.38;margin-top:0pt;margin-bottom:0pt;\"><span style=\"font-variant-numeric: normal; font-variant-east-asian: normal; vertical-align: baseline;\">The&nbsp; Recruitment Management will also be given the required powers to make final selections of candidates as they deem appropriate.</span></p><p><br></p><p dir=\"ltr\" style=\"line-height:1.38;margin-top:0pt;margin-bottom:0pt;\"><span style=\"font-variant-numeric: normal; font-variant-east-asian: normal; vertical-align: baseline;\">Sincerely,</span></p><p dir=\"ltr\" style=\"line-height:1.38;margin-top:0pt;margin-bottom:0pt;\"><span style=\"font-variant-numeric: normal; font-variant-east-asian: normal; vertical-align: baseline;\"><b>Sophia Palmer</b>,</span></p><p dir=\"ltr\" style=\"line-height:1.38;margin-top:0pt;margin-bottom:0pt;\"><span style=\"font-variant-numeric: normal; font-variant-east-asian: normal; vertical-align: baseline;\"><b>Department Manager</b></span></p><p dir=\"ltr\" style=\"line-height:1.38;margin-top:0pt;margin-bottom:0pt;\"><span style=\"font-variant-numeric: normal; font-variant-east-asian: normal; vertical-align: baseline;\"><span style=\"font-weight: bolder;\">Warehousing Department</span><br></span></p><p dir=\"ltr\" style=\"line-height:1.38;margin-top:0pt;margin-bottom:0pt;\"></p><div><span style=\"font-size:12pt;font-family:\'Times New Roman\';color:#000000;background-color:transparent;font-weight:400;font-style:normal;font-variant:normal;text-decoration:none;vertical-align:baseline;white-space:pre;white-space:pre-wrap;\"><br></span></div>', 'Approved', NULL, '52d50bb8-9bde-11ec-9bb5-6c626d3a5d34', '2022-03-05 01:15:34', 'a89cdb12-8d52-11ec-a6db-6c626d3a5d34', '2022-03-05 01:16:17', NULL, NULL, NULL, NULL, '2022-03-05 01:14:29', '2022-03-05 01:16:17'),
('9ec27a62-9bde-11ec-9bb5-6c626d3a5d34', 'REQ-L0COFQ1O-2K0U6A', '898ec933-9bdd-11ec-9bb5-6c626d3a5d34', '33fbca50-9bdd-11ec-9bb5-6c626d3a5d34', 'ad44c6cd-8be9-11ec-88c9-6c626d3a5d34', 'New/Addition', 1, NULL, NULL, '<p dir=\"ltr\" style=\"margin-top: 0pt; margin-bottom: 0pt; line-height: 1.38;\"><span style=\"font-variant-numeric: normal; font-variant-east-asian: normal; vertical-align: baseline;\">Dear Recipients,</span></p><p><br></p><p dir=\"ltr\" style=\"margin-top: 0pt; margin-bottom: 0pt; line-height: 1.38;\"><span style=\"font-variant-numeric: normal; font-variant-east-asian: normal; vertical-align: baseline;\">This is to confirm that the Recruitment Management will hereafter be the source of manpower supply to the&nbsp;<span style=\"font-weight: bolder;\">Warehousing Department</span>&nbsp;for the requested duration. This agreement will start as this paper will be approved by the hiring manager and will terminate as the request is fulfilled. The functions to be performed by the hired company are to supply sufficient manpower to Homies until the agreement is terminated.</span></p><p><br></p><p dir=\"ltr\" style=\"margin-top: 0pt; margin-bottom: 0pt; line-height: 1.38;\"><span style=\"font-variant-numeric: normal; font-variant-east-asian: normal; vertical-align: baseline;\">The hired company will also assist the company in the selection of staff or workers in every way.&nbsp;</span></p><p><br></p><p dir=\"ltr\" style=\"margin-top: 0pt; margin-bottom: 0pt; line-height: 1.38;\"><span style=\"font-variant-numeric: normal; font-variant-east-asian: normal; vertical-align: baseline;\">The&nbsp; Recruitment Management will also be given the required powers to make final selections of candidates as they deem appropriate.</span></p><p><br></p><p dir=\"ltr\" style=\"margin-top: 0pt; margin-bottom: 0pt; line-height: 1.38;\"><span style=\"font-variant-numeric: normal; font-variant-east-asian: normal; vertical-align: baseline;\">Sincerely,</span></p><p dir=\"ltr\" style=\"margin-top: 0pt; margin-bottom: 0pt; line-height: 1.38;\"><span style=\"font-variant-numeric: normal; font-variant-east-asian: normal; vertical-align: baseline;\"><span style=\"font-weight: bolder;\">Sophia Palmer</span>,</span></p><p dir=\"ltr\" style=\"margin-top: 0pt; margin-bottom: 0pt; line-height: 1.38;\"><span style=\"font-variant-numeric: normal; font-variant-east-asian: normal; vertical-align: baseline;\"><span style=\"font-weight: bolder;\">Department Manager</span></span></p><p><p dir=\"ltr\" style=\"margin-top: 0pt; margin-bottom: 0pt; line-height: 1.38;\"></p></p><p dir=\"ltr\" style=\"box-sizing: border-box; margin-top: 0pt; margin-bottom: 0pt; color: rgb(33, 37, 41); font-family: &quot;Source Sans Pro&quot;, -apple-system, BlinkMacSystemFont, &quot;Segoe UI&quot;, Roboto, &quot;Helvetica Neue&quot;, Arial, sans-serif, &quot;Apple Color Emoji&quot;, &quot;Segoe UI Emoji&quot;, &quot;Segoe UI Symbol&quot;; font-size: 16px; font-style: normal; font-variant-ligatures: normal; font-variant-caps: normal; font-weight: 400; letter-spacing: normal; orphans: 2; text-align: left; text-indent: 0px; text-transform: none; white-space: normal; widows: 2; word-spacing: 0px; -webkit-text-stroke-width: 0px; background-color: rgb(255, 255, 255); text-decoration-thickness: initial; text-decoration-style: initial; text-decoration-color: initial; line-height: 1.38;\"><span style=\"box-sizing: border-box; font-variant-numeric: normal; font-variant-east-asian: normal; vertical-align: baseline;\"><span style=\"box-sizing: border-box; font-weight: bolder;\">Warehousing Department</span><br style=\"box-sizing: border-box;\"></span></p>', 'Approved', NULL, '52d50bb8-9bde-11ec-9bb5-6c626d3a5d34', '2022-03-05 01:15:29', 'a89cdb12-8d52-11ec-a6db-6c626d3a5d34', '2022-03-05 01:16:13', NULL, NULL, NULL, NULL, '2022-03-05 01:14:57', '2022-03-05 01:16:13'),
('a0810804-8d47-11ec-a6db-6c626d3a5d34', 'REQ-KZM5CV90-HIPST8', 'a61b1699-8cd5-11ec-8d3b-6c626d3a5d34', '93d489e2-8be0-11ec-88c9-6c626d3a5d34', 'ad44c6cd-8be9-11ec-88c9-6c626d3a5d34', 'Replacement', 1, NULL, NULL, '<p style=\"box-sizing: inherit; overflow-wrap: break-word; margin-right: 0px; margin-bottom: 1.6em; margin-left: 0px; padding: 0px; border: 0px;\">Dear Recipients,</p><p style=\"box-sizing: inherit; overflow-wrap: break-word; margin-right: 0px; margin-bottom: 1.6em; margin-left: 0px; padding: 0px; border: 0px;\">This is to confirm that the&nbsp;<b>Recruitment Management</b> will hereafter be the source of manpower supply to the&nbsp;<b>IT Management and Administration Department</b> for the requested duration. This agreement will start as this paper will be approved by the hiring manager and will terminate as the request is fulfilled. The functions to be performed by the hired company are to supply sufficient manpower to Homies until the agreement is terminated.</p><div class=\"code-block code-block-7\" style=\"box-sizing: inherit; margin: 8px auto; text-align: center; clear: both;\"><span id=\"ezoic-pub-ad-placeholder-127\" style=\"box-sizing: inherit;\"></span></div><p style=\"box-sizing: inherit; overflow-wrap: break-word; margin-right: 0px; margin-bottom: 1.6em; margin-left: 0px; padding: 0px; border: 0px;\">The hired company will also assist the company in the selection of staff or workers in every way. The&nbsp; <b>Recruitment Management</b> will also be given the required powers to make final selections of candidates as they deem appropriate.</p><p style=\"box-sizing: inherit; overflow-wrap: break-word; margin-right: 0px; margin-bottom: 1.6em; margin-left: 0px; padding: 0px; border: 0px;\"></p><div style=\"text-align: left;\"><span style=\"font-size: 1rem;\">Sincerely,</span></div><div style=\"text-align: left;\"><span style=\"font-size: 1rem;\"><b>Nicole Austine,</b></span></div><div style=\"text-align: left;\"><span style=\"font-size: 1rem;\"><b>Department Manager</b></span></div><div style=\"text-align: left;\"><span style=\"font-size: 1rem;\"><b>IT Management and Administration Department</b></span></div><p></p>', 'Rejected for approval', NULL, 'fade7092-8cd2-11ec-8d3b-6c626d3a5d34', '2022-02-14 13:14:35', NULL, NULL, NULL, 'a89cdb12-8d52-11ec-a6db-6c626d3a5d34', '2022-02-14 13:26:30', 'Department Manager cannot be requested', '2022-02-14 11:38:51', '2022-02-14 13:26:30'),
('bbb9a4bf-8d48-11ec-a6db-6c626d3a5d34', 'REQ-KZM5MF3M-JY07EP', '7aaa5807-8d48-11ec-a6db-6c626d3a5d34', '229c244f-8be7-11ec-88c9-6c626d3a5d34', 'ad44c6cd-8be9-11ec-88c9-6c626d3a5d34', 'New/Addition', 5, 23600, 48560, '<p style=\"box-sizing: inherit; overflow-wrap: break-word; margin-right: 0px; margin-bottom: 1.6em; margin-left: 0px; padding: 0px; border: 0px;\">Dear Recipients,</p><p style=\"box-sizing: inherit; overflow-wrap: break-word; margin-right: 0px; margin-bottom: 1.6em; margin-left: 0px; padding: 0px; border: 0px;\">This is to confirm that the&nbsp;<b>Recruitment Management</b> will hereafter be the source of manpower supply to the&nbsp;<b>Out-Patient Department</b> for the requested duration. This agreement will start as this paper will be approved by the hiring manager and will terminate as the request is fulfilled. The functions to be performed by the hired company are to supply sufficient manpower to Homies until the agreement is terminated.</p><div class=\"code-block code-block-7\" style=\"box-sizing: inherit; margin: 8px auto; text-align: center; clear: both;\"><span id=\"ezoic-pub-ad-placeholder-127\" style=\"box-sizing: inherit;\"></span></div><p style=\"box-sizing: inherit; overflow-wrap: break-word; margin-right: 0px; margin-bottom: 1.6em; margin-left: 0px; padding: 0px; border: 0px;\">The hired company will also assist the company in the selection of staff or workers in every way. The&nbsp; <b>Recruitment Management</b> will also be given the required powers to make final selections of candidates as they deem appropriate.</p><p style=\"box-sizing: inherit; overflow-wrap: break-word; margin-right: 0px; margin-bottom: 1.6em; margin-left: 0px; padding: 0px; border: 0px;\"></p><div style=\"text-align: left;\"><span style=\"font-size: 1rem;\">Sincerely,</span></div><div style=\"text-align: left;\"><span style=\"font-size: 1rem;\"><b>Caleb Ray,</b></span></div><div style=\"text-align: left;\"><span style=\"font-size: 1rem;\"><b>Department Manager</b></span></div><div style=\"text-align: left;\"><span style=\"font-size: 1rem;\"><b>Out-Patient Department</b></span></div><p></p>', 'Approved', '2022-03-31 00:00:00', 'c80dbb20-8d4a-11ec-a6db-6c626d3a5d34', '2022-02-14 12:42:58', 'a89cdb12-8d52-11ec-a6db-6c626d3a5d34', '2022-02-14 13:26:11', NULL, NULL, NULL, NULL, '2022-02-14 11:46:46', '2022-02-14 13:26:11'),
('c57904d9-912b-11ec-aea7-6c626d3a5d34', 'REQ-KZT82REG-BCWTRH', '7aaa5807-8d48-11ec-a6db-6c626d3a5d34', '1231b264-8be7-11ec-88c9-6c626d3a5d34', 'ad44c6cd-8be9-11ec-88c9-6c626d3a5d34', 'New/Addition', 3, 15200, 35418, '<p style=\"box-sizing: inherit; overflow-wrap: break-word; margin-right: 0px; margin-bottom: 1.6em; margin-left: 0px; padding: 0px; border: 0px;\">Dear Recipients,</p><p style=\"box-sizing: inherit; overflow-wrap: break-word; margin-right: 0px; margin-bottom: 1.6em; margin-left: 0px; padding: 0px; border: 0px;\">This is to confirm that the&nbsp;<b>Recruitment Management</b> will hereafter be the source of manpower supply to the&nbsp;<b>Out-Patient Department</b> for the requested duration. This agreement will start as this paper will be approved by the hiring manager and will terminate as the request is fulfilled. The functions to be performed by the hired company are to supply sufficient manpower to Homies until the agreement is terminated.</p><div class=\"code-block code-block-7\" style=\"box-sizing: inherit; margin: 8px auto; text-align: center; clear: both;\"><span id=\"ezoic-pub-ad-placeholder-127\" style=\"box-sizing: inherit;\"></span></div><p style=\"box-sizing: inherit; overflow-wrap: break-word; margin-right: 0px; margin-bottom: 1.6em; margin-left: 0px; padding: 0px; border: 0px;\">The hired company will also assist the company in the selection of staff or workers in every way. The&nbsp; <b>Recruitment Management</b> will also be given the required powers to make final selections of candidates as they deem appropriate.</p><p style=\"box-sizing: inherit; overflow-wrap: break-word; margin-right: 0px; margin-bottom: 1.6em; margin-left: 0px; padding: 0px; border: 0px;\"></p><div style=\"text-align: left;\"><span style=\"font-size: 1rem;\">Sincerely,</span></div><div style=\"text-align: left;\"><span style=\"font-size: 1rem;\"><b>Caleb Ray,</b></span></div><div style=\"text-align: left;\"><span style=\"font-size: 1rem;\"><b>Department Manager</b></span></div><div style=\"text-align: left;\"><span style=\"font-size: 1rem;\"><b>Out-Patient Department</b></span></div><p></p>', 'Approved', NULL, 'c80dbb20-8d4a-11ec-a6db-6c626d3a5d34', '2022-03-04 21:41:02', 'a89cdb12-8d52-11ec-a6db-6c626d3a5d34', '2022-03-04 22:54:49', NULL, NULL, NULL, NULL, '2022-02-19 10:29:32', '2022-03-04 22:54:49');
INSERT INTO `manpower_requests` (`manpower_request_id`, `requisition_no`, `requested_by`, `position_id`, `employment_type_id`, `request_nature`, `staffs_needed`, `min_monthly_salary`, `max_monthly_salary`, `content`, `request_status`, `deadline`, `signed_by`, `signed_at`, `reviewed_by`, `reviewed_at`, `completed_at`, `rejected_by`, `rejected_at`, `remarks`, `created_at`, `updated_at`) VALUES
('d03f1dd7-912b-11ec-aea7-6c626d3a5d34', 'REQ-KZT83D2Q-JC0IYW', '7aaa5807-8d48-11ec-a6db-6c626d3a5d34', '7837cc9e-8be7-11ec-88c9-6c626d3a5d34', 'ad44c6cd-8be9-11ec-88c9-6c626d3a5d34', 'New/Addition', 2, NULL, NULL, '<p style=\"box-sizing: inherit; overflow-wrap: break-word; margin-right: 0px; margin-bottom: 1.6em; margin-left: 0px; padding: 0px; border: 0px;\">Dear Recipients,</p><p style=\"box-sizing: inherit; overflow-wrap: break-word; margin-right: 0px; margin-bottom: 1.6em; margin-left: 0px; padding: 0px; border: 0px;\">This is to confirm that the&nbsp;<b>Recruitment Management</b> will hereafter be the source of manpower supply to the&nbsp;<b>Out-Patient Department</b> for the requested duration. This agreement will start as this paper will be approved by the hiring manager and will terminate as the request is fulfilled. The functions to be performed by the hired company are to supply sufficient manpower to Homies until the agreement is terminated.</p><div class=\"code-block code-block-7\" style=\"box-sizing: inherit; margin: 8px auto; text-align: center; clear: both;\"><span id=\"ezoic-pub-ad-placeholder-127\" style=\"box-sizing: inherit;\"></span></div><p style=\"box-sizing: inherit; overflow-wrap: break-word; margin-right: 0px; margin-bottom: 1.6em; margin-left: 0px; padding: 0px; border: 0px;\">The hired company will also assist the company in the selection of staff or workers in every way. The&nbsp; <b>Recruitment Management</b> will also be given the required powers to make final selections of candidates as they deem appropriate.</p><p style=\"box-sizing: inherit; overflow-wrap: break-word; margin-right: 0px; margin-bottom: 1.6em; margin-left: 0px; padding: 0px; border: 0px;\"></p><div style=\"text-align: left;\"><span style=\"font-size: 1rem;\">Sincerely,</span></div><div style=\"text-align: left;\"><span style=\"font-size: 1rem;\"><b>Caleb Ray,</b></span></div><div style=\"text-align: left;\"><span style=\"font-size: 1rem;\"><b>Department Manager</b></span></div><div style=\"text-align: left;\"><span style=\"font-size: 1rem;\"><b>Out-Patient Department</b></span></div><p></p>', 'Completed', NULL, '92239c6c-8bed-11ec-88c9-6c626d3a5d34', '2022-02-19 12:49:05', 'a89cdb12-8d52-11ec-a6db-6c626d3a5d34', '2022-02-19 12:49:55', '2022-02-23 14:50:27', NULL, NULL, NULL, '2022-02-19 10:29:50', '2022-02-23 14:50:27'),
('d04b9bbd-8d48-11ec-a6db-6c626d3a5d34', 'REQ-KZM5NGX3-U25RPW', '7aaa5807-8d48-11ec-a6db-6c626d3a5d34', '710b702c-8be7-11ec-88c9-6c626d3a5d34', 'ad44c6cd-8be9-11ec-88c9-6c626d3a5d34', 'New/Addition', 1, 26000, 36500, '<p style=\"box-sizing: inherit; overflow-wrap: break-word; margin-right: 0px; margin-bottom: 1.6em; margin-left: 0px; padding: 0px; border: 0px;\">Dear Recipients,</p><p style=\"box-sizing: inherit; overflow-wrap: break-word; margin-right: 0px; margin-bottom: 1.6em; margin-left: 0px; padding: 0px; border: 0px;\">This is to confirm that the&nbsp;<b>Recruitment Management</b> will hereafter be the source of manpower supply to the&nbsp;<b>Out-Patient Department</b> for the requested duration. This agreement will start as this paper will be approved by the hiring manager and will terminate as the request is fulfilled. The functions to be performed by the hired company are to supply sufficient manpower to Homies until the agreement is terminated.</p><div class=\"code-block code-block-7\" style=\"box-sizing: inherit; margin: 8px auto; text-align: center; clear: both;\"><span id=\"ezoic-pub-ad-placeholder-127\" style=\"box-sizing: inherit;\"></span></div><p style=\"box-sizing: inherit; overflow-wrap: break-word; margin-right: 0px; margin-bottom: 1.6em; margin-left: 0px; padding: 0px; border: 0px;\">The hired company will also assist the company in the selection of staff or workers in every way. The&nbsp; <b>Recruitment Management</b> will also be given the required powers to make final selections of candidates as they deem appropriate.</p><p style=\"box-sizing: inherit; overflow-wrap: break-word; margin-right: 0px; margin-bottom: 1.6em; margin-left: 0px; padding: 0px; border: 0px;\"></p><div style=\"text-align: left;\"><span style=\"font-size: 1rem;\">Sincerely,</span></div><div style=\"text-align: left;\"><span style=\"font-size: 1rem;\"><b>Caleb Ray,</b></span></div><div style=\"text-align: left;\"><span style=\"font-size: 1rem;\"><b>Department Manager</b></span></div><div style=\"text-align: left;\"><span style=\"font-size: 1rem;\"><b>Out-Patient Department</b></span></div><p></p>', 'Completed', NULL, 'c80dbb20-8d4a-11ec-a6db-6c626d3a5d34', '2022-02-14 12:42:54', 'a89cdb12-8d52-11ec-a6db-6c626d3a5d34', '2022-02-14 13:25:14', '2022-03-04 21:47:45', NULL, NULL, NULL, '2022-02-14 11:47:21', '2022-03-04 21:47:45'),
('d0bb4e42-a971-11ec-bc82-6c626d3a5d34', 'REQ-L11D335M-ZKU7BT', '974523b2-8d49-11ec-a6db-6c626d3a5d34', '51d613bf-8d49-11ec-a6db-6c626d3a5d34', 'ad44c6cd-8be9-11ec-88c9-6c626d3a5d34', 'New/Addition', 12, NULL, NULL, '<p>sdf</p>', 'For approval', NULL, 'c80dbb20-8d4a-11ec-a6db-6c626d3a5d34', '2022-03-22 07:52:16', NULL, NULL, NULL, NULL, NULL, NULL, '2022-03-22 07:51:23', '2022-03-22 07:52:16'),
('d1f8033d-a974-11ec-bc82-6c626d3a5d34', 'REQ-L11DUPTV-BG3L6W', '974523b2-8d49-11ec-a6db-6c626d3a5d34', '0709ba31-8d49-11ec-a6db-6c626d3a5d34', 'ad44c6cd-8be9-11ec-88c9-6c626d3a5d34', 'New/Addition', 1, NULL, NULL, '<p>asdsdv</p>', 'For signature', NULL, NULL, NULL, NULL, NULL, NULL, NULL, NULL, NULL, '2022-03-22 08:12:54', '2022-03-22 08:29:31'),
('d5bff2bf-8d4e-11ec-a6db-6c626d3a5d34', 'REQ-KZM77AOS-3RCRTE', '974523b2-8d49-11ec-a6db-6c626d3a5d34', 'e43b841d-8d48-11ec-a6db-6c626d3a5d34', 'ad44c6cd-8be9-11ec-88c9-6c626d3a5d34', 'New/Addition', 1, NULL, NULL, '<p style=\"box-sizing: inherit; overflow-wrap: break-word; margin-right: 0px; margin-bottom: 1.6em; margin-left: 0px; padding: 0px; border: 0px;\">Dear Recipients,</p><p style=\"box-sizing: inherit; overflow-wrap: break-word; margin-right: 0px; margin-bottom: 1.6em; margin-left: 0px; padding: 0px; border: 0px;\">This is to confirm that the&nbsp;<b>Recruitment Management</b> will hereafter be the source of manpower supply to the&nbsp;<b>Intensive Care Unit (ICU) Department</b> for the requested duration. This agreement will start as this paper will be approved by the hiring manager and will terminate as the request is fulfilled. The functions to be performed by the hired company are to supply sufficient manpower to Homies until the agreement is terminated.</p><div class=\"code-block code-block-7\" style=\"box-sizing: inherit; margin: 8px auto; text-align: center; clear: both;\"><span id=\"ezoic-pub-ad-placeholder-127\" style=\"box-sizing: inherit;\"></span></div><p style=\"box-sizing: inherit; overflow-wrap: break-word; margin-right: 0px; margin-bottom: 1.6em; margin-left: 0px; padding: 0px; border: 0px;\">The hired company will also assist the company in the selection of staff or workers in every way. The&nbsp; <b>Recruitment Management</b> will also be given the required powers to make final selections of candidates as they deem appropriate.</p><p style=\"box-sizing: inherit; overflow-wrap: break-word; margin-right: 0px; margin-bottom: 1.6em; margin-left: 0px; padding: 0px; border: 0px;\"></p><div style=\"text-align: left;\"><span style=\"font-size: 1rem;\">Sincerely,</span></div><div style=\"text-align: left;\"><span style=\"font-size: 1rem;\"><b>Soham Miles,</b></span></div><div style=\"text-align: left;\"><span style=\"font-size: 1rem;\"><b>Department Manager</b></span></div><div style=\"text-align: left;\"><span style=\"font-size: 1rem;\"><b>Intensive Care Unit (ICU) Department</b></span></div><p></p>', 'Rejected for signing', NULL, NULL, NULL, NULL, NULL, NULL, 'c80dbb20-8d4a-11ec-a6db-6c626d3a5d34', '2022-02-14 12:31:20', 'Department Manager cannot be replaced', '2022-02-14 12:30:27', '2022-02-14 12:31:20'),
('d845b74a-8d51-11ec-a6db-6c626d3a5d34', 'REQ-KZM7YO06-WU9600', 'f5fbb7ed-8cd4-11ec-8d3b-6c626d3a5d34', 'bb021c23-8be7-11ec-88c9-6c626d3a5d34', 'ad44c6cd-8be9-11ec-88c9-6c626d3a5d34', 'New/Addition', 5, NULL, NULL, '<p>Test</p>', 'Approved', NULL, '3ffd2f46-8d52-11ec-a6db-6c626d3a5d34', '2022-02-14 12:56:40', 'a89cdb12-8d52-11ec-a6db-6c626d3a5d34', '2022-02-14 13:24:57', NULL, NULL, NULL, NULL, '2022-02-14 12:52:00', '2022-02-14 13:24:57');

-- --------------------------------------------------------

--
-- Table structure for table `onboarding_employees`
--

CREATE TABLE `onboarding_employees` (
  `onboarding_employee_id` varchar(36) NOT NULL,
  `first_name` varchar(255) NOT NULL,
  `middle_name` varchar(255) DEFAULT NULL,
  `last_name` varchar(255) NOT NULL,
  `suffix_name` varchar(255) DEFAULT NULL,
  `contact_number` varchar(255) NOT NULL,
  `email` varchar(255) NOT NULL,
  `position_id` varchar(36) NOT NULL,
  `employment_start_date` date DEFAULT NULL,
  `employment_contract` varchar(255) NOT NULL,
  `status` varchar(255) NOT NULL,
  `signed_by` varchar(36) NOT NULL,
  `updated_by` varchar(36) DEFAULT NULL,
  `created_at` datetime NOT NULL,
  `updated_at` datetime DEFAULT NULL
) ENGINE=InnoDB DEFAULT CHARSET=utf8mb4;

--
-- Dumping data for table `onboarding_employees`
--

INSERT INTO `onboarding_employees` (`onboarding_employee_id`, `first_name`, `middle_name`, `last_name`, `suffix_name`, `contact_number`, `email`, `position_id`, `employment_start_date`, `employment_contract`, `status`, `signed_by`, `updated_by`, `created_at`, `updated_at`) VALUES
('44128261-9bba-11ec-9bb5-6c626d3a5d34', 'Aubrey ', '', 'Reid', '', '(801)-456-5865', 'aubrey.reid@example.com', '0709ba31-8d49-11ec-a6db-6c626d3a5d34', '2022-03-04', 'e83a8c0fbd874bc886408ba142760d66.pdf', 'Onboarding', 'c80dbb20-8d4a-11ec-a6db-6c626d3a5d34', NULL, '2022-03-04 20:54:43', '2022-03-04 21:04:51'),
('5f13803f-9c23-11ec-bdeb-6c626d3a5d34', 'Jacqueline ', '', 'Rhodes', '', '(830)-494-2308', 'jacqueline.rhodes@example.com', '229c244f-8be7-11ec-88c9-6c626d3a5d34', NULL, '2eeca4d7c3094a5a85bafb2d97322791.pdf', 'Pending', 'c80dbb20-8d4a-11ec-a6db-6c626d3a5d34', NULL, '2022-03-05 09:27:07', '2022-03-05 09:27:07'),
('646bb045-9c23-11ec-bdeb-6c626d3a5d34', 'Calvin ', '', 'Ruiz', '', '(986)-474-5214', 'calvin.ruiz@example.com', '229c244f-8be7-11ec-88c9-6c626d3a5d34', '2022-03-05', '9995771e5725455da5dbe50c072b5953.pdf', 'Onboarding', 'c80dbb20-8d4a-11ec-a6db-6c626d3a5d34', NULL, '2022-03-05 09:27:16', '2022-03-05 09:37:31'),
('673eabdf-948b-11ec-a5cb-6c626d3a5d34', 'Jessie ', '', 'Hale', '', '(466)-855-4215', 'jessie.hale@example.com', '54f2385c-8be0-11ec-88c9-6c626d3a5d34', '2022-02-24', '021080d73ee44a93af74336af2d514c2.pdf', 'Pending', 'fade7092-8cd2-11ec-8d3b-6c626d3a5d34', NULL, '2022-02-23 17:31:39', '2022-02-23 18:58:17'),
('6a56c2b7-9c23-11ec-bdeb-6c626d3a5d34', 'Emma ', '', 'Stevens', '', '(878)-830-2240', 'emma.stevens@example.com', '229c244f-8be7-11ec-88c9-6c626d3a5d34', '2022-03-10', '2f4d0ebf05d3436ea7542085853d597e.pdf', 'Onboarding', 'c80dbb20-8d4a-11ec-a6db-6c626d3a5d34', NULL, '2022-03-05 09:27:26', '2022-03-05 09:36:29'),
('6af89995-948b-11ec-a5cb-6c626d3a5d34', 'Ana ', '', 'Ross', '', '(713)-536-5675', 'ana.ross@example.com', '54f2385c-8be0-11ec-88c9-6c626d3a5d34', '2022-02-23', '333b1b2c7a7b4d1dac56c040cd373452.pdf', 'Onboarding', 'fade7092-8cd2-11ec-8d3b-6c626d3a5d34', NULL, '2022-02-23 17:31:45', '2022-02-23 17:33:21'),
('7e0af08a-949d-11ec-a5cb-6c626d3a5d34', 'Flenn ', '', 'Spencer', '', '(148)-729-0014', 'flenn.spencer@example.com', '3c8e1a7b-8be0-11ec-88c9-6c626d3a5d34', NULL, '987a1cd819ac4f40832364a00a817f2b.pdf', 'Pending', 'fade7092-8cd2-11ec-8d3b-6c626d3a5d34', NULL, '2022-02-23 19:41:08', '2022-02-23 19:41:08'),
('811683e1-949d-11ec-a5cb-6c626d3a5d34', 'Alicia ', '', 'Sanchez', '', '(361)-239-4848', 'alicia.sanchez@example.com', '3c8e1a7b-8be0-11ec-88c9-6c626d3a5d34', NULL, '58bb8eea9a4640bb878a72e7634a5c5b.pdf', 'Pending', 'fade7092-8cd2-11ec-8d3b-6c626d3a5d34', NULL, '2022-02-23 19:41:13', '2022-02-23 19:41:13'),
('8e30ebd6-8ee8-11ec-8742-6c626d3a5d34', 'Jam', '', 'Torres', '', '1234568790', 'jamtorres@email.com', '710b702c-8be7-11ec-88c9-6c626d3a5d34', '2022-02-16', '7319e33c8e3941a5a02ab51c7dc2c609.pdf', 'Onboarding', '92239c6c-8bed-11ec-88c9-6c626d3a5d34', NULL, '2022-02-16 13:23:21', '2022-02-16 13:46:58'),
('8ec298be-9c5d-11ec-bdeb-6c626d3a5d34', 'Caleb ', '', 'Hansen', '', '(367)-150-1010', 'caleb.hansen@google.com', 'c60d788a-9c2b-11ec-bdeb-6c626d3a5d34', NULL, 'ba5fdfc3431841b3a6409f1272eca410.pdf', 'Pending', 'c80dbb20-8d4a-11ec-a6db-6c626d3a5d34', NULL, '2022-03-05 16:23:37', '2022-03-05 16:23:37'),
('93173b31-9c5d-11ec-bdeb-6c626d3a5d34', 'Alexa ', '', 'Hoffman', '', '(361)-488-5324', 'alexa.hoffman@google.com', 'c60d788a-9c2b-11ec-bdeb-6c626d3a5d34', NULL, '83743479440f4878b4d9723f44ba80a6.pdf', 'Pending', 'c80dbb20-8d4a-11ec-a6db-6c626d3a5d34', NULL, '2022-03-05 16:23:44', '2022-03-05 16:23:44');

-- --------------------------------------------------------

--
-- Table structure for table `onboarding_employee_task`
--

CREATE TABLE `onboarding_employee_task` (
  `onboarding_employee_task_id` varchar(36) NOT NULL,
  `onboarding_employee_id` varchar(36) NOT NULL,
  `onboarding_task_id` varchar(36) NOT NULL,
  `start_at` datetime NOT NULL,
  `end_at` datetime NOT NULL,
  `assigned_by` varchar(36) NOT NULL,
  `status` varchar(255) NOT NULL,
  `completed_at` datetime DEFAULT NULL,
  `completed_by` varchar(36) DEFAULT NULL,
  `created_at` datetime NOT NULL,
  `updated_at` datetime DEFAULT NULL
) ENGINE=InnoDB DEFAULT CHARSET=utf8mb4;

--
-- Dumping data for table `onboarding_employee_task`
--

INSERT INTO `onboarding_employee_task` (`onboarding_employee_task_id`, `onboarding_employee_id`, `onboarding_task_id`, `start_at`, `end_at`, `assigned_by`, `status`, `completed_at`, `completed_by`, `created_at`, `updated_at`) VALUES
('a98b01ef-9498-11ec-a5cb-6c626d3a5d34', '6af89995-948b-11ec-a5cb-6c626d3a5d34', 'a98357af-9498-11ec-a5cb-6c626d3a5d34', '2022-02-24 19:06:00', '2022-02-25 19:06:00', 'a61b1699-8cd5-11ec-8d3b-6c626d3a5d34', 'Completed', '2022-02-23 19:13:29', 'a61b1699-8cd5-11ec-8d3b-6c626d3a5d34', '2022-02-23 19:06:34', '2022-02-23 19:13:29'),
('ae6e2ddf-9c24-11ec-bdeb-6c626d3a5d34', '6a56c2b7-9c23-11ec-bdeb-6c626d3a5d34', '2c03ee83-8ee2-11ec-8742-6c626d3a5d34', '2022-03-10 10:30:00', '2022-03-10 13:30:00', '7aaa5807-8d48-11ec-a6db-6c626d3a5d34', 'On Going', NULL, NULL, '2022-03-05 09:36:30', '2022-03-05 13:33:58'),
('ae6ee9bb-9c24-11ec-bdeb-6c626d3a5d34', '6a56c2b7-9c23-11ec-bdeb-6c626d3a5d34', '901d96f3-8ee2-11ec-8742-6c626d3a5d34', '2022-03-10 10:30:00', '2022-03-10 13:30:00', '7aaa5807-8d48-11ec-a6db-6c626d3a5d34', 'On Going', NULL, NULL, '2022-03-05 09:36:30', '2022-03-05 16:27:05'),
('ae6f1c3a-9c24-11ec-bdeb-6c626d3a5d34', '6a56c2b7-9c23-11ec-bdeb-6c626d3a5d34', '3edaa7cb-8ee2-11ec-8742-6c626d3a5d34', '2022-03-10 10:30:00', '2022-03-10 13:30:00', '7aaa5807-8d48-11ec-a6db-6c626d3a5d34', 'Completed', '2022-03-05 16:27:09', '7aaa5807-8d48-11ec-a6db-6c626d3a5d34', '2022-03-05 09:36:30', '2022-03-05 16:27:09'),
('ae6fc469-9c24-11ec-bdeb-6c626d3a5d34', '6a56c2b7-9c23-11ec-bdeb-6c626d3a5d34', '7d37f543-8ee2-11ec-8742-6c626d3a5d34', '2022-03-10 10:30:00', '2022-03-10 13:30:00', '7aaa5807-8d48-11ec-a6db-6c626d3a5d34', 'Completed', '2022-03-05 10:02:31', '7aaa5807-8d48-11ec-a6db-6c626d3a5d34', '2022-03-05 09:36:30', '2022-03-05 10:02:31'),
('ae6feb4d-9c24-11ec-bdeb-6c626d3a5d34', '6a56c2b7-9c23-11ec-bdeb-6c626d3a5d34', '5fd664e0-8ee2-11ec-8742-6c626d3a5d34', '2022-03-10 10:30:00', '2022-03-10 13:30:00', '7aaa5807-8d48-11ec-a6db-6c626d3a5d34', 'Pending', NULL, NULL, '2022-03-05 09:36:30', '2022-03-05 09:36:30'),
('ae701a30-9c24-11ec-bdeb-6c626d3a5d34', '6a56c2b7-9c23-11ec-bdeb-6c626d3a5d34', '4ebcc5d1-8ee2-11ec-8742-6c626d3a5d34', '2022-03-10 10:30:00', '2022-03-10 13:30:00', '7aaa5807-8d48-11ec-a6db-6c626d3a5d34', 'Pending', NULL, NULL, '2022-03-05 09:36:30', '2022-03-05 09:36:30'),
('aed68e18-9bbb-11ec-9bb5-6c626d3a5d34', '44128261-9bba-11ec-9bb5-6c626d3a5d34', 'aa9a7474-9bba-11ec-9bb5-6c626d3a5d34', '2022-03-16 21:06:00', '2022-03-16 21:07:00', '974523b2-8d49-11ec-a6db-6c626d3a5d34', 'Completed', '2022-03-04 21:07:12', '974523b2-8d49-11ec-a6db-6c626d3a5d34', '2022-03-04 21:04:51', '2022-03-04 21:07:12'),
('aed76971-9bbb-11ec-9bb5-6c626d3a5d34', '44128261-9bba-11ec-9bb5-6c626d3a5d34', 'b77357b1-9bba-11ec-9bb5-6c626d3a5d34', '2022-03-09 21:04:00', '2022-03-17 21:08:00', '974523b2-8d49-11ec-a6db-6c626d3a5d34', 'Completed', '2022-03-04 21:07:28', '974523b2-8d49-11ec-a6db-6c626d3a5d34', '2022-03-04 21:04:51', '2022-03-04 21:07:28'),
('af333ce3-9bbb-11ec-9bb5-6c626d3a5d34', '44128261-9bba-11ec-9bb5-6c626d3a5d34', 'aedb2c88-9bbb-11ec-9bb5-6c626d3a5d34', '2022-03-22 21:08:00', '2022-03-31 21:07:00', '974523b2-8d49-11ec-a6db-6c626d3a5d34', 'Completed', '2022-03-04 21:06:40', '974523b2-8d49-11ec-a6db-6c626d3a5d34', '2022-03-04 21:04:52', '2022-03-04 21:06:40'),
('c4c8feec-9c27-11ec-bdeb-6c626d3a5d34', '646bb045-9c23-11ec-bdeb-6c626d3a5d34', 'c4c3305d-9c27-11ec-bdeb-6c626d3a5d34', '2022-03-30 10:30:00', '2022-03-30 18:00:00', '7aaa5807-8d48-11ec-a6db-6c626d3a5d34', 'Pending', NULL, NULL, '2022-03-05 09:58:36', '2022-03-05 09:58:36'),
('d2f38335-9c24-11ec-bdeb-6c626d3a5d34', '646bb045-9c23-11ec-bdeb-6c626d3a5d34', '2c03ee83-8ee2-11ec-8742-6c626d3a5d34', '2022-03-10 10:30:00', '2022-03-10 13:37:00', '7aaa5807-8d48-11ec-a6db-6c626d3a5d34', 'Completed', '2022-03-05 09:37:47', '7aaa5807-8d48-11ec-a6db-6c626d3a5d34', '2022-03-05 09:37:31', '2022-03-05 09:37:47'),
('d2f4aa64-9c24-11ec-bdeb-6c626d3a5d34', '646bb045-9c23-11ec-bdeb-6c626d3a5d34', '3edaa7cb-8ee2-11ec-8742-6c626d3a5d34', '2022-03-10 09:37:00', '2022-03-11 09:37:00', '7aaa5807-8d48-11ec-a6db-6c626d3a5d34', 'Completed', '2022-03-05 09:37:53', '7aaa5807-8d48-11ec-a6db-6c626d3a5d34', '2022-03-05 09:37:31', '2022-03-05 09:37:53'),
('d2f5537a-9c24-11ec-bdeb-6c626d3a5d34', '646bb045-9c23-11ec-bdeb-6c626d3a5d34', '4ebcc5d1-8ee2-11ec-8742-6c626d3a5d34', '2022-03-10 09:37:00', '2022-03-11 09:37:00', '7aaa5807-8d48-11ec-a6db-6c626d3a5d34', 'Completed', '2022-03-05 09:48:26', '7aaa5807-8d48-11ec-a6db-6c626d3a5d34', '2022-03-05 09:37:31', '2022-03-05 09:48:26'),
('d2f61416-9c24-11ec-bdeb-6c626d3a5d34', '646bb045-9c23-11ec-bdeb-6c626d3a5d34', '901d96f3-8ee2-11ec-8742-6c626d3a5d34', '2022-03-10 09:37:00', '2022-03-11 09:37:00', '7aaa5807-8d48-11ec-a6db-6c626d3a5d34', 'On Going', NULL, NULL, '2022-03-05 09:37:31', '2022-03-05 09:57:45'),
('db15e9e7-8eeb-11ec-8742-6c626d3a5d34', '8e30ebd6-8ee8-11ec-8742-6c626d3a5d34', '2c03ee83-8ee2-11ec-8742-6c626d3a5d34', '2022-02-17 13:46:00', '2022-02-18 13:46:00', '7aaa5807-8d48-11ec-a6db-6c626d3a5d34', 'Completed', '2022-03-03 21:15:51', '7aaa5807-8d48-11ec-a6db-6c626d3a5d34', '2022-02-16 13:46:58', '2022-03-03 21:15:51'),
('db16f79c-8eeb-11ec-8742-6c626d3a5d34', '8e30ebd6-8ee8-11ec-8742-6c626d3a5d34', '3edaa7cb-8ee2-11ec-8742-6c626d3a5d34', '2022-02-17 13:46:00', '2022-02-18 13:46:00', '7aaa5807-8d48-11ec-a6db-6c626d3a5d34', 'On Going', NULL, NULL, '2022-02-16 13:46:58', '2022-02-16 14:17:58'),
('db1866d0-8eeb-11ec-8742-6c626d3a5d34', '8e30ebd6-8ee8-11ec-8742-6c626d3a5d34', '5fd664e0-8ee2-11ec-8742-6c626d3a5d34', '2022-02-17 13:46:00', '2022-02-18 13:46:00', '7aaa5807-8d48-11ec-a6db-6c626d3a5d34', 'Completed', '2022-02-16 14:18:04', '7aaa5807-8d48-11ec-a6db-6c626d3a5d34', '2022-02-16 13:46:58', '2022-02-16 14:18:04'),
('db18e2df-8eeb-11ec-8742-6c626d3a5d34', '8e30ebd6-8ee8-11ec-8742-6c626d3a5d34', '7d37f543-8ee2-11ec-8742-6c626d3a5d34', '2022-02-17 13:46:00', '2022-02-18 13:46:00', '7aaa5807-8d48-11ec-a6db-6c626d3a5d34', 'On Going', NULL, NULL, '2022-02-16 13:46:58', '2022-03-03 12:07:13'),
('db191603-8eeb-11ec-8742-6c626d3a5d34', '8e30ebd6-8ee8-11ec-8742-6c626d3a5d34', '4ebcc5d1-8ee2-11ec-8742-6c626d3a5d34', '2022-02-17 13:46:00', '2022-02-18 13:46:00', '7aaa5807-8d48-11ec-a6db-6c626d3a5d34', 'Pending', NULL, NULL, '2022-02-16 13:46:58', '2022-02-16 13:46:58'),
('db1992df-8eeb-11ec-8742-6c626d3a5d34', '8e30ebd6-8ee8-11ec-8742-6c626d3a5d34', '901d96f3-8ee2-11ec-8742-6c626d3a5d34', '2022-02-17 13:46:00', '2022-02-18 13:46:00', '7aaa5807-8d48-11ec-a6db-6c626d3a5d34', 'Pending', NULL, NULL, '2022-02-16 13:46:58', '2022-02-16 13:46:58');

-- --------------------------------------------------------

--
-- Table structure for table `onboarding_tasks`
--

CREATE TABLE `onboarding_tasks` (
  `onboarding_task_id` varchar(36) NOT NULL,
  `title` varchar(255) NOT NULL,
  `description` text NOT NULL,
  `task_type` varchar(255) NOT NULL,
  `is_general` tinyint(1) NOT NULL,
  `sub_department_id` varchar(36) NOT NULL,
  `added_by` varchar(36) NOT NULL,
  `updated_by` varchar(36) DEFAULT NULL,
  `is_deleted` tinyint(1) NOT NULL,
  `created_at` datetime NOT NULL,
  `updated_at` datetime DEFAULT NULL
) ENGINE=InnoDB DEFAULT CHARSET=utf8mb4;

--
-- Dumping data for table `onboarding_tasks`
--

INSERT INTO `onboarding_tasks` (`onboarding_task_id`, `title`, `description`, `task_type`, `is_general`, `sub_department_id`, `added_by`, `updated_by`, `is_deleted`, `created_at`, `updated_at`) VALUES
('2c03ee83-8ee2-11ec-8742-6c626d3a5d34', 'Meet the employees of the team', 'Meet the employees of the team', 'For new employees', 1, '624fac3b-8bde-11ec-88c9-6c626d3a5d34', '7aaa5807-8d48-11ec-a6db-6c626d3a5d34', '7aaa5807-8d48-11ec-a6db-6c626d3a5d34', 0, '2022-02-16 12:37:39', '2022-02-16 12:37:39'),
('3edaa7cb-8ee2-11ec-8742-6c626d3a5d34', 'Work for the first activities', 'Work for the first activities as a new employee', 'For new employees', 1, '624fac3b-8bde-11ec-88c9-6c626d3a5d34', '7aaa5807-8d48-11ec-a6db-6c626d3a5d34', '7aaa5807-8d48-11ec-a6db-6c626d3a5d34', 0, '2022-02-16 12:38:10', '2022-02-16 12:38:10'),
('4ebcc5d1-8ee2-11ec-8742-6c626d3a5d34', 'Sign the documents and papers for management', 'Sign the documents and papers for management', 'For new employees', 1, '624fac3b-8bde-11ec-88c9-6c626d3a5d34', '7aaa5807-8d48-11ec-a6db-6c626d3a5d34', '7aaa5807-8d48-11ec-a6db-6c626d3a5d34', 0, '2022-02-16 12:38:37', '2022-02-16 12:38:37'),
('5fd664e0-8ee2-11ec-8742-6c626d3a5d34', 'Welcome the new employee', 'Welcome the new employee', 'For the team', 1, '624fac3b-8bde-11ec-88c9-6c626d3a5d34', '7aaa5807-8d48-11ec-a6db-6c626d3a5d34', '7aaa5807-8d48-11ec-a6db-6c626d3a5d34', 0, '2022-02-16 12:39:06', '2022-02-16 12:39:06'),
('7d37f543-8ee2-11ec-8742-6c626d3a5d34', 'Introduce the new employee to the team', 'Introduce the new employee to the team', 'For department manager', 1, '624fac3b-8bde-11ec-88c9-6c626d3a5d34', '7aaa5807-8d48-11ec-a6db-6c626d3a5d34', '7aaa5807-8d48-11ec-a6db-6c626d3a5d34', 0, '2022-02-16 12:39:55', '2022-02-16 12:39:55'),
('901d96f3-8ee2-11ec-8742-6c626d3a5d34', 'Assign the first tasks and activities', 'Assign the first tasks and activities', 'For department manager', 1, '624fac3b-8bde-11ec-88c9-6c626d3a5d34', '7aaa5807-8d48-11ec-a6db-6c626d3a5d34', '7aaa5807-8d48-11ec-a6db-6c626d3a5d34', 1, '2022-02-16 12:40:27', '2022-03-05 10:13:15'),
('9257f8f9-9c28-11ec-bdeb-6c626d3a5d34', 'Introduce the new employee to the team', 'Introduce the new employee to the team', 'For department manager', 1, '4c151c72-8bde-11ec-88c9-6c626d3a5d34', '974523b2-8d49-11ec-a6db-6c626d3a5d34', '974523b2-8d49-11ec-a6db-6c626d3a5d34', 0, '2022-03-05 10:04:20', '2022-03-05 10:04:20'),
('a98357af-9498-11ec-a5cb-6c626d3a5d34', 'Submit initial requirements', 'Fill up and submit initial requirements and documents', 'For new employees', 0, '04dff98e-8bdf-11ec-88c9-6c626d3a5d34', 'a61b1699-8cd5-11ec-8d3b-6c626d3a5d34', 'a61b1699-8cd5-11ec-8d3b-6c626d3a5d34', 0, '2022-02-23 19:06:34', '2022-02-23 19:06:34'),
('aa9a7474-9bba-11ec-9bb5-6c626d3a5d34', 'Fulfill initial requirements', 'Fulfill initial requirements and documents', 'For new employees', 1, '4c151c72-8bde-11ec-88c9-6c626d3a5d34', '974523b2-8d49-11ec-a6db-6c626d3a5d34', '974523b2-8d49-11ec-a6db-6c626d3a5d34', 0, '2022-03-04 20:57:35', '2022-03-04 20:57:35'),
('aedb2c88-9bbb-11ec-9bb5-6c626d3a5d34', 'Give the documents for new employee', 'Give the documents for new employee', 'For department manager', 0, '4c151c72-8bde-11ec-88c9-6c626d3a5d34', '974523b2-8d49-11ec-a6db-6c626d3a5d34', '974523b2-8d49-11ec-a6db-6c626d3a5d34', 0, '2022-03-04 21:04:51', '2022-03-04 21:04:51'),
('b77357b1-9bba-11ec-9bb5-6c626d3a5d34', 'Welcome the new employee', 'Welcome the new employee', 'For the team', 1, '4c151c72-8bde-11ec-88c9-6c626d3a5d34', '974523b2-8d49-11ec-a6db-6c626d3a5d34', '974523b2-8d49-11ec-a6db-6c626d3a5d34', 0, '2022-03-04 20:57:56', '2022-03-04 20:57:56'),
('c15c504f-9c28-11ec-bdeb-6c626d3a5d34', 'Working on the first-week task', 'Working on the first-week task', 'For new employees', 1, '4c151c72-8bde-11ec-88c9-6c626d3a5d34', '974523b2-8d49-11ec-a6db-6c626d3a5d34', '974523b2-8d49-11ec-a6db-6c626d3a5d34', 0, '2022-03-05 10:05:39', '2022-03-05 10:05:39'),
('c4c3305d-9c27-11ec-bdeb-6c626d3a5d34', 'Engagement and Team Building', 'Provide opportunities for new employees to build key relationships.\n', 'For the team', 0, '624fac3b-8bde-11ec-88c9-6c626d3a5d34', '7aaa5807-8d48-11ec-a6db-6c626d3a5d34', '7aaa5807-8d48-11ec-a6db-6c626d3a5d34', 0, '2022-03-05 09:58:36', '2022-03-05 09:58:36');

-- --------------------------------------------------------

--
-- Table structure for table `positions`
--

CREATE TABLE `positions` (
  `position_id` varchar(36) NOT NULL,
  `sub_department_id` varchar(36) NOT NULL,
  `name` varchar(255) NOT NULL,
  `description` varchar(255) NOT NULL,
  `created_at` datetime NOT NULL,
  `updated_at` datetime DEFAULT NULL
) ENGINE=InnoDB DEFAULT CHARSET=utf8mb4;

--
-- Dumping data for table `positions`
--

INSERT INTO `positions` (`position_id`, `sub_department_id`, `name`, `description`, `created_at`, `updated_at`) VALUES
('0709ba31-8d49-11ec-a6db-6c626d3a5d34', '4c151c72-8bde-11ec-88c9-6c626d3a5d34', 'Critical Nurse (ICU)', 'Critical Nurse (ICU)', '2022-02-14 11:48:53', '2022-02-14 11:48:53'),
('0a613126-9bde-11ec-9bb5-6c626d3a5d34', 'ebef9e54-9bdc-11ec-9bb5-6c626d3a5d34', 'Department Head', 'Department Head', '2022-03-05 01:10:48', '2022-03-05 01:10:48'),
('0e6fd186-9bdd-11ec-9bb5-6c626d3a5d34', 'f46cc7dd-9bdc-11ec-9bb5-6c626d3a5d34', 'Department Manager', 'Department Manager', '2022-03-05 01:03:45', '2022-03-05 01:03:45'),
('1231b264-8be7-11ec-88c9-6c626d3a5d34', '624fac3b-8bde-11ec-88c9-6c626d3a5d34', 'Outpatient Coder', 'Outpatient Coder', '2022-02-12 17:35:10', '2022-02-12 17:35:10'),
('1594ddcd-9bdd-11ec-9bb5-6c626d3a5d34', 'f46cc7dd-9bdc-11ec-9bb5-6c626d3a5d34', 'Inventory Analyst', 'Inventory Analyst', '2022-03-05 01:03:57', '2022-03-05 01:03:57'),
('1789d150-8be5-11ec-88c9-6c626d3a5d34', '0cb5bf67-8be5-11ec-88c9-6c626d3a5d34', 'Department Head', 'Department Head', '2022-02-12 17:21:00', '2022-02-12 17:21:00'),
('229c244f-8be7-11ec-88c9-6c626d3a5d34', '624fac3b-8bde-11ec-88c9-6c626d3a5d34', 'Nurse Practitioner', 'Nurse Practitioner', '2022-02-12 17:35:37', '2022-02-12 17:35:37'),
('2596cf81-9bdd-11ec-9bb5-6c626d3a5d34', 'f46cc7dd-9bdc-11ec-9bb5-6c626d3a5d34', 'Warehouse Personnel', 'Warehouse Personnel', '2022-03-05 01:04:24', '2022-03-05 01:04:24'),
('2c7a275d-8d49-11ec-a6db-6c626d3a5d34', '4c151c72-8bde-11ec-88c9-6c626d3a5d34', 'ICU Administrator', 'ICU Administrator', '2022-02-14 11:49:55', '2022-02-14 11:49:55'),
('2f4dabcc-9c2c-11ec-bdeb-6c626d3a5d34', '624fac3b-8bde-11ec-88c9-6c626d3a5d34', 'Medical Assistant', 'Medical Assistant', '2022-03-05 10:30:12', '2022-03-05 10:30:12'),
('33fbca50-9bdd-11ec-9bb5-6c626d3a5d34', 'f46cc7dd-9bdc-11ec-9bb5-6c626d3a5d34', 'Quality Engineer', 'Quality Engineer', '2022-03-05 01:04:48', '2022-03-05 01:04:48'),
('3c8e1a7b-8be0-11ec-88c9-6c626d3a5d34', '04dff98e-8bdf-11ec-88c9-6c626d3a5d34', 'Business Analyst', 'Business Analyst', '2022-02-12 16:46:14', '2022-02-12 16:46:14'),
('3f211488-9bdd-11ec-9bb5-6c626d3a5d34', 'f46cc7dd-9bdc-11ec-9bb5-6c626d3a5d34', 'Warehouse Helper', 'Warehouse Helper', '2022-03-05 01:05:07', '2022-03-05 01:05:07'),
('43d722e7-9bc5-11ec-9bb5-6c626d3a5d34', '32d1402a-9bc5-11ec-9bb5-6c626d3a5d34', 'Department Manager', 'Department Manager', '2022-03-04 22:13:27', '2022-03-04 22:13:27'),
('489d836a-8be8-11ec-88c9-6c626d3a5d34', '95f5c29a-8bde-11ec-88c9-6c626d3a5d34', 'Department Manager', 'Department Manager', '2022-02-12 17:43:50', '2022-02-12 17:43:50'),
('4d538cea-9bc5-11ec-9bb5-6c626d3a5d34', '32d1402a-9bc5-11ec-9bb5-6c626d3a5d34', 'Biochemist', 'Biochemist', '2022-03-04 22:13:43', '2022-03-04 22:13:43'),
('4e64359d-8be7-11ec-88c9-6c626d3a5d34', '624fac3b-8bde-11ec-88c9-6c626d3a5d34', 'Department Manager', 'Department Manager', '2022-02-12 17:36:51', '2022-02-12 17:36:51'),
('51d613bf-8d49-11ec-a6db-6c626d3a5d34', '4c151c72-8bde-11ec-88c9-6c626d3a5d34', 'Pediatric Nurse (ICU)', 'Pediatric Nurse (ICU)', '2022-02-14 11:50:58', '2022-02-14 11:50:58'),
('53724726-8be3-11ec-88c9-6c626d3a5d34', '37c6b2d0-8be3-11ec-88c9-6c626d3a5d34', 'Department Head', 'Department Head', '2022-02-12 17:08:21', '2022-02-12 17:08:21'),
('54f2385c-8be0-11ec-88c9-6c626d3a5d34', '04dff98e-8bdf-11ec-88c9-6c626d3a5d34', 'System Analyst', 'System Analyst', '2022-02-12 16:46:55', '2022-02-12 16:46:55'),
('56966f9d-9bc5-11ec-9bb5-6c626d3a5d34', '32d1402a-9bc5-11ec-9bb5-6c626d3a5d34', 'Haematologist', 'Haematologist', '2022-03-04 22:13:58', '2022-03-04 22:13:58'),
('5c6555e5-9bc5-11ec-9bb5-6c626d3a5d34', '32d1402a-9bc5-11ec-9bb5-6c626d3a5d34', 'Medical Technician', 'Medical Technician', '2022-03-04 22:14:08', '2022-03-04 22:14:08'),
('63f8a921-8d49-11ec-a6db-6c626d3a5d34', '4c151c72-8bde-11ec-88c9-6c626d3a5d34', 'Coronary Care Nurse (ICU)', 'Coronary Care Nurse (ICU)', '2022-02-14 11:51:29', '2022-02-14 11:51:29'),
('69f135c2-9bc5-11ec-9bb5-6c626d3a5d34', '32d1402a-9bc5-11ec-9bb5-6c626d3a5d34', 'Histopathologist', 'Histopathologist', '2022-03-04 22:14:31', '2022-03-04 22:14:31'),
('710b702c-8be7-11ec-88c9-6c626d3a5d34', '624fac3b-8bde-11ec-88c9-6c626d3a5d34', 'Physical Therapist', 'Physical Therapist', '2022-02-12 17:37:49', '2022-02-12 17:37:49'),
('75b20969-9bc5-11ec-9bb5-6c626d3a5d34', '32d1402a-9bc5-11ec-9bb5-6c626d3a5d34', 'Lab Technician', 'Lab Technician', '2022-03-04 22:14:50', '2022-03-04 22:14:50'),
('7837cc9e-8be7-11ec-88c9-6c626d3a5d34', '624fac3b-8bde-11ec-88c9-6c626d3a5d34', 'Physician Assistant', 'Physician Assistant', '2022-02-12 17:38:01', '2022-02-12 17:38:01'),
('8817f963-8be0-11ec-88c9-6c626d3a5d34', '04dff98e-8bdf-11ec-88c9-6c626d3a5d34', 'IT Project Manager', 'IT Project Manager', '2022-02-12 16:48:21', '2022-02-12 16:48:21'),
('8e304180-9bc5-11ec-9bb5-6c626d3a5d34', '32d1402a-9bc5-11ec-9bb5-6c626d3a5d34', 'Serologist', 'Serologist', '2022-03-04 22:15:32', '2022-03-04 22:15:32'),
('93d489e2-8be0-11ec-88c9-6c626d3a5d34', '04dff98e-8bdf-11ec-88c9-6c626d3a5d34', 'Department Manager', 'Department Manager', '2022-02-12 16:48:41', '2022-02-12 16:48:41'),
('995f4383-8be7-11ec-88c9-6c626d3a5d34', '624fac3b-8bde-11ec-88c9-6c626d3a5d34', 'Dietician', 'Dietician', '2022-02-12 17:38:56', '2022-02-12 17:38:56'),
('b2b030fa-8be7-11ec-88c9-6c626d3a5d34', '95f5c29a-8bde-11ec-88c9-6c626d3a5d34', 'Hiring Manager', 'Hiring Manager', '2022-02-12 17:39:39', '2022-02-12 17:39:39'),
('bb021c23-8be7-11ec-88c9-6c626d3a5d34', '95f5c29a-8bde-11ec-88c9-6c626d3a5d34', 'Talent Recruiter', 'Talent Recruiter', '2022-02-12 17:39:53', '2022-02-12 17:39:53'),
('c60d788a-9c2b-11ec-bdeb-6c626d3a5d34', '624fac3b-8bde-11ec-88c9-6c626d3a5d34', 'Healthcare Consultant', 'Healthcare Consultant', '2022-03-05 10:27:16', '2022-03-05 10:27:16'),
('e11c88f4-9c2b-11ec-bdeb-6c626d3a5d34', '624fac3b-8bde-11ec-88c9-6c626d3a5d34', 'Outpatient Therapist', 'Outpatient Therapist', '2022-03-05 10:28:01', '2022-03-05 10:28:01'),
('e43b841d-8d48-11ec-a6db-6c626d3a5d34', '4c151c72-8bde-11ec-88c9-6c626d3a5d34', 'Department Manager', 'Department Manager', '2022-02-14 11:47:54', '2022-02-14 11:47:54'),
('f5d2f0bf-9c2b-11ec-bdeb-6c626d3a5d34', '624fac3b-8bde-11ec-88c9-6c626d3a5d34', 'Outpatient Nurse', 'Outpatient Nurse', '2022-03-05 10:28:36', '2022-03-05 10:28:36'),
('f771dfa5-8d51-11ec-a6db-6c626d3a5d34', 'f2a11638-8be5-11ec-88c9-6c626d3a5d34', 'Department Head', 'Department Head', '2022-02-14 12:52:52', '2022-02-14 12:52:52');

-- --------------------------------------------------------

--
-- Table structure for table `public_profiles`
--

CREATE TABLE `public_profiles` (
  `id` varchar(36) NOT NULL,
  `user_id` varchar(36) DEFAULT NULL,
  `first_name` varchar(255) NOT NULL,
  `middle_name` varchar(255) DEFAULT NULL,
  `last_name` varchar(255) NOT NULL,
  `suffix_name` varchar(255) DEFAULT NULL,
  `birth_date` date NOT NULL,
  `gender` varchar(255) NOT NULL,
  `house_street` varchar(255) NOT NULL,
  `barangay` varchar(255) NOT NULL,
  `municipality` varchar(255) NOT NULL,
  `province` varchar(255) NOT NULL,
  `region` varchar(255) NOT NULL,
  `contact_number` varchar(255) NOT NULL,
  `image` varchar(255) NOT NULL,
  `full_name` varchar(255) NOT NULL,
  `full_address` varchar(255) NOT NULL
) ENGINE=InnoDB DEFAULT CHARSET=utf8mb4;

-- --------------------------------------------------------

--
-- Table structure for table `public_users`
--

CREATE TABLE `public_users` (
  `id` varchar(36) NOT NULL,
  `email` varchar(255) NOT NULL,
  `password` varchar(255) NOT NULL,
  `created_at` datetime DEFAULT NULL,
  `updated_at` datetime DEFAULT NULL,
  `is_blacklist` tinyint(1) DEFAULT NULL
) ENGINE=InnoDB DEFAULT CHARSET=utf8mb4;

-- --------------------------------------------------------

--
-- Table structure for table `recruitment_notifications`
--

CREATE TABLE `recruitment_notifications` (
  `notification_id` varchar(36) NOT NULL,
  `employee_id` varchar(36) NOT NULL,
  `notification_type` varchar(255) NOT NULL,
  `notification_subtype` varchar(255) NOT NULL,
  `link` varchar(255) NOT NULL,
  `author_id` varchar(36) DEFAULT NULL,
  `reference_id` varchar(36) DEFAULT NULL,
  `is_unread` tinyint(1) NOT NULL,
  `is_removed` tinyint(1) NOT NULL,
  `created_at` datetime NOT NULL
) ENGINE=InnoDB DEFAULT CHARSET=utf8mb4;

--
-- Dumping data for table `recruitment_notifications`
--

INSERT INTO `recruitment_notifications` (`notification_id`, `employee_id`, `notification_type`, `notification_subtype`, `link`, `author_id`, `reference_id`, `is_unread`, `is_removed`, `created_at`) VALUES
('08a6d03a-a914-11ec-b584-6c626d3a5d34', '92239c6c-8bed-11ec-88c9-6c626d3a5d34', 'Manpower Request', 'Request for Manpower', 'manpower-requests/089df365-a914-11ec-b584-6c626d3a5d34', '974523b2-8d49-11ec-a6db-6c626d3a5d34', '089df365-a914-11ec-b584-6c626d3a5d34', 1, 0, '2022-03-21 20:40:05'),
('08ab029c-a914-11ec-b584-6c626d3a5d34', 'c80dbb20-8d4a-11ec-a6db-6c626d3a5d34', 'Manpower Request', 'Request for Manpower', 'manpower-requests/089df365-a914-11ec-b584-6c626d3a5d34', '974523b2-8d49-11ec-a6db-6c626d3a5d34', '089df365-a914-11ec-b584-6c626d3a5d34', 0, 0, '2022-03-21 20:40:05'),
('0ed72bdb-a914-11ec-b584-6c626d3a5d34', 'a89cdb12-8d52-11ec-a6db-6c626d3a5d34', 'Manpower Request', 'Signed Request', 'manpower-requests/089df365-a914-11ec-b584-6c626d3a5d34', 'c80dbb20-8d4a-11ec-a6db-6c626d3a5d34', '089df365-a914-11ec-b584-6c626d3a5d34', 0, 0, '2022-03-21 20:40:15'),
('0ed75177-a914-11ec-b584-6c626d3a5d34', '974523b2-8d49-11ec-a6db-6c626d3a5d34', 'Manpower Request', 'Signed Request', 'manpower-requests/089df365-a914-11ec-b584-6c626d3a5d34', 'c80dbb20-8d4a-11ec-a6db-6c626d3a5d34', '089df365-a914-11ec-b584-6c626d3a5d34', 0, 0, '2022-03-21 20:40:15'),
('5397c3e1-a915-11ec-b584-6c626d3a5d34', 'a89cdb12-8d52-11ec-a6db-6c626d3a5d34', 'Manpower Request', 'Signed Request', 'manpower-requests/089df365-a914-11ec-b584-6c626d3a5d34', 'c80dbb20-8d4a-11ec-a6db-6c626d3a5d34', '089df365-a914-11ec-b584-6c626d3a5d34', 0, 0, '2022-03-21 20:49:20'),
('5397f515-a915-11ec-b584-6c626d3a5d34', '974523b2-8d49-11ec-a6db-6c626d3a5d34', 'Manpower Request', 'Signed Request', 'manpower-requests/089df365-a914-11ec-b584-6c626d3a5d34', 'c80dbb20-8d4a-11ec-a6db-6c626d3a5d34', '089df365-a914-11ec-b584-6c626d3a5d34', 0, 0, '2022-03-21 20:49:20'),
('c6ea60db-a97d-11ec-bc82-6c626d3a5d34', '62ca1c7d-8d5d-11ec-a6db-6c626d3a5d34', 'Manpower Request', 'Approved Request', 'manpower-requests/089df365-a914-11ec-b584-6c626d3a5d34', 'a89cdb12-8d52-11ec-a6db-6c626d3a5d34', '089df365-a914-11ec-b584-6c626d3a5d34', 0, 0, '2022-03-22 09:17:01'),
('c6eb9422-a97d-11ec-bc82-6c626d3a5d34', '974523b2-8d49-11ec-a6db-6c626d3a5d34', 'Manpower Request', 'Approved Request', 'manpower-requests/089df365-a914-11ec-b584-6c626d3a5d34', 'a89cdb12-8d52-11ec-a6db-6c626d3a5d34', '089df365-a914-11ec-b584-6c626d3a5d34', 1, 0, '2022-03-22 09:17:01'),
('d0d3bcfc-a971-11ec-bc82-6c626d3a5d34', '92239c6c-8bed-11ec-88c9-6c626d3a5d34', 'Manpower Request', 'Request for Manpower', 'manpower-requests/d0bb4e42-a971-11ec-bc82-6c626d3a5d34', '974523b2-8d49-11ec-a6db-6c626d3a5d34', 'd0bb4e42-a971-11ec-bc82-6c626d3a5d34', 1, 0, '2022-03-22 07:51:24'),
('d0d6d850-a971-11ec-bc82-6c626d3a5d34', 'c80dbb20-8d4a-11ec-a6db-6c626d3a5d34', 'Manpower Request', 'Request for Manpower', 'manpower-requests/d0bb4e42-a971-11ec-bc82-6c626d3a5d34', '974523b2-8d49-11ec-a6db-6c626d3a5d34', 'd0bb4e42-a971-11ec-bc82-6c626d3a5d34', 0, 0, '2022-03-22 07:51:24'),
('d2167745-a974-11ec-bc82-6c626d3a5d34', '92239c6c-8bed-11ec-88c9-6c626d3a5d34', 'Manpower Request', 'Request for Manpower', 'manpower-requests/d1f8033d-a974-11ec-bc82-6c626d3a5d34', '974523b2-8d49-11ec-a6db-6c626d3a5d34', 'd1f8033d-a974-11ec-bc82-6c626d3a5d34', 1, 0, '2022-03-22 08:12:54'),
('d21adc2f-a974-11ec-bc82-6c626d3a5d34', 'c80dbb20-8d4a-11ec-a6db-6c626d3a5d34', 'Manpower Request', 'Request for Manpower', 'manpower-requests/d1f8033d-a974-11ec-bc82-6c626d3a5d34', '974523b2-8d49-11ec-a6db-6c626d3a5d34', 'd1f8033d-a974-11ec-bc82-6c626d3a5d34', 1, 0, '2022-03-22 08:12:54'),
('efd11b8d-a971-11ec-bc82-6c626d3a5d34', 'a89cdb12-8d52-11ec-a6db-6c626d3a5d34', 'Manpower Request', 'Signed Request', 'manpower-requests/d0bb4e42-a971-11ec-bc82-6c626d3a5d34', 'c80dbb20-8d4a-11ec-a6db-6c626d3a5d34', 'd0bb4e42-a971-11ec-bc82-6c626d3a5d34', 1, 0, '2022-03-22 07:52:16'),
('efd14c0e-a971-11ec-bc82-6c626d3a5d34', '974523b2-8d49-11ec-a6db-6c626d3a5d34', 'Manpower Request', 'Signed Request', 'manpower-requests/d0bb4e42-a971-11ec-bc82-6c626d3a5d34', 'c80dbb20-8d4a-11ec-a6db-6c626d3a5d34', 'd0bb4e42-a971-11ec-bc82-6c626d3a5d34', 1, 0, '2022-03-22 07:52:16');

-- --------------------------------------------------------

--
-- Table structure for table `resumes`
--

CREATE TABLE `resumes` (
  `resume_id` varchar(36) NOT NULL,
  `applicant_id` varchar(36) NOT NULL,
  `summary` text NOT NULL,
  `created_at` datetime NOT NULL
) ENGINE=InnoDB DEFAULT CHARSET=utf8mb4;

-- --------------------------------------------------------

--
-- Table structure for table `resume_awards`
--

CREATE TABLE `resume_awards` (
  `award_id` varchar(36) NOT NULL,
  `resume_id` varchar(36) NOT NULL,
  `name` varchar(255) NOT NULL,
  `issuer` varchar(255) DEFAULT NULL,
  `issue_month` int(11) DEFAULT NULL,
  `issue_year` int(11) DEFAULT NULL,
  `description` text NOT NULL,
  `created_at` datetime NOT NULL
) ENGINE=InnoDB DEFAULT CHARSET=utf8mb4;

-- --------------------------------------------------------

--
-- Table structure for table `resume_certifications`
--

CREATE TABLE `resume_certifications` (
  `certification_id` varchar(36) NOT NULL,
  `resume_id` varchar(36) NOT NULL,
  `name` varchar(255) NOT NULL,
  `organization` varchar(255) DEFAULT NULL,
  `credential_id` varchar(255) DEFAULT NULL,
  `issue_month` int(11) DEFAULT NULL,
  `issue_year` int(11) DEFAULT NULL,
  `experience_month` int(11) DEFAULT NULL,
  `experience_year` int(11) DEFAULT NULL,
  `description` text DEFAULT NULL,
  `created_at` datetime NOT NULL
) ENGINE=InnoDB DEFAULT CHARSET=utf8mb4;

-- --------------------------------------------------------

--
-- Table structure for table `resume_education`
--

CREATE TABLE `resume_education` (
  `education_id` varchar(36) NOT NULL,
  `resume_id` varchar(36) NOT NULL,
  `school` varchar(255) NOT NULL,
  `degree` varchar(255) DEFAULT NULL,
  `study_field` varchar(255) DEFAULT NULL,
  `start_year` int(11) DEFAULT NULL,
  `end_year` int(11) DEFAULT NULL,
  `description` text DEFAULT NULL,
  `created_at` datetime NOT NULL
) ENGINE=InnoDB DEFAULT CHARSET=utf8mb4;

-- --------------------------------------------------------

--
-- Table structure for table `resume_experiences`
--

CREATE TABLE `resume_experiences` (
  `experience_id` varchar(36) NOT NULL,
  `resume_id` varchar(36) NOT NULL,
  `job_title` varchar(255) NOT NULL,
  `company` varchar(255) NOT NULL,
  `start_month` int(11) DEFAULT NULL,
  `start_year` int(11) NOT NULL,
  `end_month` int(11) DEFAULT NULL,
  `end_year` int(11) DEFAULT NULL,
  `description` text DEFAULT NULL,
  `created_at` datetime NOT NULL
) ENGINE=InnoDB DEFAULT CHARSET=utf8mb4;

-- --------------------------------------------------------

--
-- Table structure for table `resume_skills`
--

CREATE TABLE `resume_skills` (
  `skill_id` varchar(36) NOT NULL,
  `resume_id` varchar(36) NOT NULL,
  `name` varchar(255) NOT NULL,
  `created_at` datetime NOT NULL
) ENGINE=InnoDB DEFAULT CHARSET=utf8mb4;

-- --------------------------------------------------------

--
-- Table structure for table `roles`
--

CREATE TABLE `roles` (
  `id` varchar(36) NOT NULL,
  `subsystem` varchar(255) NOT NULL,
  `name` varchar(36) NOT NULL,
  `redirect_url` varchar(255) NOT NULL
) ENGINE=InnoDB DEFAULT CHARSET=utf8mb4;

--
-- Dumping data for table `roles`
--

INSERT INTO `roles` (`id`, `subsystem`, `name`, `redirect_url`) VALUES
('5fb7fb8a-8bea-11ec-88c9-6c626d3a5d34', 'Recruitment', 'Department Head', '/link'),
('743c3ae2-8bea-11ec-88c9-6c626d3a5d34', 'Recruitment', 'Department Manager', '/link'),
('7a3424c7-8bea-11ec-88c9-6c626d3a5d34', 'Recruitment', 'Hiring Manager', '/link'),
('84fdd034-8bea-11ec-88c9-6c626d3a5d34', 'Recruitment', 'Talent Recruiter', '/link');

-- --------------------------------------------------------

--
-- Table structure for table `sub_departments`
--

CREATE TABLE `sub_departments` (
  `sub_department_id` varchar(36) NOT NULL,
  `department_id` varchar(36) NOT NULL,
  `name` varchar(255) NOT NULL,
  `description` text NOT NULL,
  `location` varchar(255) NOT NULL,
  `created_at` datetime NOT NULL,
  `updated_at` datetime DEFAULT NULL
) ENGINE=InnoDB DEFAULT CHARSET=utf8mb4;

--
-- Dumping data for table `sub_departments`
--

INSERT INTO `sub_departments` (`sub_department_id`, `department_id`, `name`, `description`, `location`, `created_at`, `updated_at`) VALUES
('04dff98e-8bdf-11ec-88c9-6c626d3a5d34', 'ffb8fd3e-8bd7-11ec-88c9-6c626d3a5d34', 'IT Management & Administration Department', 'IT Management & Administration Department', 'Punturin, Valenzuela City', '2022-02-12 16:37:31', '2022-02-12 16:37:31'),
('0cb5bf67-8be5-11ec-88c9-6c626d3a5d34', '40accb96-8bda-11ec-88c9-6c626d3a5d34', 'Hospital Core Department', 'Hospital Core Department', 'Don Fabian St., Commonwealth, Quezon City', '2022-02-12 17:20:41', '2022-02-12 17:20:41'),
('32d1402a-9bc5-11ec-9bb5-6c626d3a5d34', '40accb96-8bda-11ec-88c9-6c626d3a5d34', 'Pathology Department', 'Pathology Department', 'Commonwealth, Quezon City', '2022-03-04 22:12:58', '2022-03-04 22:12:58'),
('37c6b2d0-8be3-11ec-88c9-6c626d3a5d34', 'ffb8fd3e-8bd7-11ec-88c9-6c626d3a5d34', 'Information Technology (IT) Department', 'Information Technology (IT) Department', 'Punturin, Valenzuela City', '2022-02-12 17:07:35', '2022-02-12 17:07:35'),
('4c151c72-8bde-11ec-88c9-6c626d3a5d34', '40accb96-8bda-11ec-88c9-6c626d3a5d34', 'Intensive Care Unit (ICU) Department', 'Intensive Care Unit (ICU) Department', 'Don Fabian St., Commonwealth, Quezon City', '2022-02-12 16:32:21', '2022-02-12 16:32:21'),
('624fac3b-8bde-11ec-88c9-6c626d3a5d34', '40accb96-8bda-11ec-88c9-6c626d3a5d34', 'Out-Patient (OPD) Department', 'Out-Patient (OPD) Department', 'Tandang Sora, Quezon City', '2022-02-12 16:32:59', '2022-02-12 16:32:59'),
('95f5c29a-8bde-11ec-88c9-6c626d3a5d34', 'ea5d5b3b-8bd7-11ec-88c9-6c626d3a5d34', 'Recruitment Management Department', 'Recruitment Management Department', 'North Fairview, Quezon City', '2022-02-12 16:34:25', '2022-02-12 16:34:25'),
('ebef9e54-9bdc-11ec-9bb5-6c626d3a5d34', 'e06f5047-9bdc-11ec-9bb5-6c626d3a5d34', 'Logistics Department', 'Logistics Department', 'Commonwealth, Quezon City', '2022-03-05 01:02:47', '2022-03-05 01:02:47'),
('f2a11638-8be5-11ec-88c9-6c626d3a5d34', 'ea5d5b3b-8bd7-11ec-88c9-6c626d3a5d34', 'Human Resource (HR) Department', 'Human Resource (HR) Department', 'North Fairview, Quezon City', '2022-02-12 17:27:07', '2022-02-12 17:27:07'),
('f46cc7dd-9bdc-11ec-9bb5-6c626d3a5d34', 'e06f5047-9bdc-11ec-9bb5-6c626d3a5d34', 'Warehousing Department', 'Warehousing Department', 'Commonwealth, Quezon City', '2022-03-05 01:03:01', '2022-03-05 01:03:01');

-- --------------------------------------------------------

--
-- Table structure for table `user_roles`
--

CREATE TABLE `user_roles` (
  `id` varchar(36) NOT NULL,
  `user_id` varchar(36) NOT NULL,
  `role_id` varchar(36) NOT NULL
) ENGINE=InnoDB DEFAULT CHARSET=utf8mb4;

--
-- Dumping data for table `user_roles`
--

INSERT INTO `user_roles` (`id`, `user_id`, `role_id`) VALUES
('1fbf67ad-8cd6-11ec-8d3b-6c626d3a5d34', '16905375-8cd6-11ec-8d3b-6c626d3a5d34', '743c3ae2-8bea-11ec-88c9-6c626d3a5d34'),
('21b0fa09-8cd3-11ec-8d3b-6c626d3a5d34', '15ff06af-8cd3-11ec-8d3b-6c626d3a5d34', '5fb7fb8a-8bea-11ec-88c9-6c626d3a5d34'),
('28c42ba9-8cd5-11ec-8d3b-6c626d3a5d34', '20ddf0b0-8cd5-11ec-8d3b-6c626d3a5d34', '743c3ae2-8bea-11ec-88c9-6c626d3a5d34'),
('50080620-8d52-11ec-a6db-6c626d3a5d34', '49aaca6d-8d52-11ec-a6db-6c626d3a5d34', '5fb7fb8a-8bea-11ec-88c9-6c626d3a5d34'),
('5f5238fa-9bde-11ec-9bb5-6c626d3a5d34', '1fceee85-9bde-11ec-9bb5-6c626d3a5d34', '5fb7fb8a-8bea-11ec-88c9-6c626d3a5d34'),
('7c6b691e-9bc8-11ec-9bb5-6c626d3a5d34', '289ae819-9bc8-11ec-9bb5-6c626d3a5d34', '743c3ae2-8bea-11ec-88c9-6c626d3a5d34'),
('8c28400a-8d5d-11ec-a6db-6c626d3a5d34', '7ef3790c-8d5d-11ec-a6db-6c626d3a5d34', '84fdd034-8bea-11ec-88c9-6c626d3a5d34'),
('9477874c-8d48-11ec-a6db-6c626d3a5d34', '8bcfe3b2-8d48-11ec-a6db-6c626d3a5d34', '743c3ae2-8bea-11ec-88c9-6c626d3a5d34'),
('a52c492a-8d49-11ec-a6db-6c626d3a5d34', 'a0d6df83-8d49-11ec-a6db-6c626d3a5d34', '743c3ae2-8bea-11ec-88c9-6c626d3a5d34'),
('c3c3c34f-9bdd-11ec-9bb5-6c626d3a5d34', '846141f5-9bdd-11ec-9bb5-6c626d3a5d34', '743c3ae2-8bea-11ec-88c9-6c626d3a5d34'),
('ce0d4437-8d52-11ec-a6db-6c626d3a5d34', 'bde6f60c-8d52-11ec-a6db-6c626d3a5d34', '7a3424c7-8bea-11ec-88c9-6c626d3a5d34'),
('d3fc516e-8bf1-11ec-88c9-6c626d3a5d34', '4f665ff4-8bef-11ec-88c9-6c626d3a5d34', '5fb7fb8a-8bea-11ec-88c9-6c626d3a5d34'),
('eef137bd-8d4a-11ec-a6db-6c626d3a5d34', 'daede201-8d4a-11ec-a6db-6c626d3a5d34', '5fb7fb8a-8bea-11ec-88c9-6c626d3a5d34');

--
-- Indexes for dumped tables
--

--
-- Indexes for table `applicants`
--
ALTER TABLE `applicants`
  ADD PRIMARY KEY (`applicant_id`),
  ADD UNIQUE KEY `resume` (`resume`),
  ADD KEY `job_post_id` (`job_post_id`),
  ADD KEY `evaluated_by` (`evaluated_by`),
  ADD KEY `screened_by` (`screened_by`),
  ADD KEY `hired_by` (`hired_by`),
  ADD KEY `rejected_by` (`rejected_by`);

--
-- Indexes for table `departments`
--
ALTER TABLE `departments`
  ADD PRIMARY KEY (`department_id`);

--
-- Indexes for table `employees`
--
ALTER TABLE `employees`
  ADD PRIMARY KEY (`employee_id`),
  ADD KEY `position_id` (`position_id`),
  ADD KEY `employment_type_id` (`employment_type_id`),
  ADD KEY `employees_ibfk_3` (`user_id`);

--
-- Indexes for table `employment_types`
--
ALTER TABLE `employment_types`
  ADD PRIMARY KEY (`employment_type_id`);

--
-- Indexes for table `internal_users`
--
ALTER TABLE `internal_users`
  ADD PRIMARY KEY (`id`),
  ADD UNIQUE KEY `email` (`email`);

--
-- Indexes for table `interviewees`
--
ALTER TABLE `interviewees`
  ADD PRIMARY KEY (`interviewee_id`),
  ADD KEY `applicant_id` (`applicant_id`),
  ADD KEY `interview_schedule_id` (`interview_schedule_id`);

--
-- Indexes for table `interview_questions`
--
ALTER TABLE `interview_questions`
  ADD PRIMARY KEY (`interview_question_id`),
  ADD KEY `added_by` (`added_by`),
  ADD KEY `updated_by` (`updated_by`);

--
-- Indexes for table `interview_schedules`
--
ALTER TABLE `interview_schedules`
  ADD PRIMARY KEY (`interview_schedule_id`),
  ADD KEY `job_post_id` (`job_post_id`),
  ADD KEY `set_by` (`set_by`);

--
-- Indexes for table `interview_scores`
--
ALTER TABLE `interview_scores`
  ADD PRIMARY KEY (`interview_score_id`),
  ADD KEY `interviewee_id` (`interviewee_id`),
  ADD KEY `interview_question_id` (`interview_question_id`),
  ADD KEY `scored_by` (`scored_by`);

--
-- Indexes for table `job_categories`
--
ALTER TABLE `job_categories`
  ADD PRIMARY KEY (`job_category_id`),
  ADD KEY `created_by` (`created_by`);

--
-- Indexes for table `job_posts`
--
ALTER TABLE `job_posts`
  ADD PRIMARY KEY (`job_post_id`),
  ADD KEY `manpower_request_id` (`manpower_request_id`),
  ADD KEY `job_category_id` (`job_category_id`),
  ADD KEY `posted_by` (`posted_by`);

--
-- Indexes for table `manpower_requests`
--
ALTER TABLE `manpower_requests`
  ADD PRIMARY KEY (`manpower_request_id`),
  ADD UNIQUE KEY `requisition_no` (`requisition_no`),
  ADD KEY `requested_by` (`requested_by`),
  ADD KEY `position_id` (`position_id`),
  ADD KEY `employment_type_id` (`employment_type_id`),
  ADD KEY `signed_by` (`signed_by`),
  ADD KEY `reviewed_by` (`reviewed_by`),
  ADD KEY `rejected_by` (`rejected_by`);

--
-- Indexes for table `onboarding_employees`
--
ALTER TABLE `onboarding_employees`
  ADD PRIMARY KEY (`onboarding_employee_id`),
  ADD UNIQUE KEY `employment_contract` (`employment_contract`),
  ADD KEY `position_id` (`position_id`),
  ADD KEY `signed_by` (`signed_by`),
  ADD KEY `updated_by` (`updated_by`);

--
-- Indexes for table `onboarding_employee_task`
--
ALTER TABLE `onboarding_employee_task`
  ADD PRIMARY KEY (`onboarding_employee_task_id`),
  ADD KEY `onboarding_employee_id` (`onboarding_employee_id`),
  ADD KEY `onboarding_task_id` (`onboarding_task_id`),
  ADD KEY `assigned_by` (`assigned_by`),
  ADD KEY `completed_by` (`completed_by`);

--
-- Indexes for table `onboarding_tasks`
--
ALTER TABLE `onboarding_tasks`
  ADD PRIMARY KEY (`onboarding_task_id`),
  ADD KEY `sub_department_id` (`sub_department_id`),
  ADD KEY `added_by` (`added_by`),
  ADD KEY `updated_by` (`updated_by`);

--
-- Indexes for table `positions`
--
ALTER TABLE `positions`
  ADD PRIMARY KEY (`position_id`),
  ADD KEY `sub_department_id` (`sub_department_id`);

--
-- Indexes for table `public_profiles`
--
ALTER TABLE `public_profiles`
  ADD PRIMARY KEY (`id`),
  ADD KEY `user_id` (`user_id`);

--
-- Indexes for table `public_users`
--
ALTER TABLE `public_users`
  ADD PRIMARY KEY (`id`);

--
-- Indexes for table `recruitment_notifications`
--
ALTER TABLE `recruitment_notifications`
  ADD PRIMARY KEY (`notification_id`),
  ADD KEY `employee_id` (`employee_id`),
  ADD KEY `author_id` (`author_id`);

--
-- Indexes for table `resumes`
--
ALTER TABLE `resumes`
  ADD PRIMARY KEY (`resume_id`),
  ADD KEY `applicant_id` (`applicant_id`);

--
-- Indexes for table `resume_awards`
--
ALTER TABLE `resume_awards`
  ADD PRIMARY KEY (`award_id`),
  ADD KEY `resume_id` (`resume_id`);

--
-- Indexes for table `resume_certifications`
--
ALTER TABLE `resume_certifications`
  ADD PRIMARY KEY (`certification_id`),
  ADD KEY `resume_id` (`resume_id`);

--
-- Indexes for table `resume_education`
--
ALTER TABLE `resume_education`
  ADD PRIMARY KEY (`education_id`),
  ADD KEY `resume_id` (`resume_id`);

--
-- Indexes for table `resume_experiences`
--
ALTER TABLE `resume_experiences`
  ADD PRIMARY KEY (`experience_id`),
  ADD KEY `resume_id` (`resume_id`);

--
-- Indexes for table `resume_skills`
--
ALTER TABLE `resume_skills`
  ADD PRIMARY KEY (`skill_id`),
  ADD KEY `resume_id` (`resume_id`);

--
-- Indexes for table `roles`
--
ALTER TABLE `roles`
  ADD PRIMARY KEY (`id`);

--
-- Indexes for table `sub_departments`
--
ALTER TABLE `sub_departments`
  ADD PRIMARY KEY (`sub_department_id`),
  ADD KEY `department_id` (`department_id`);

--
-- Indexes for table `user_roles`
--
ALTER TABLE `user_roles`
  ADD PRIMARY KEY (`id`),
  ADD KEY `user_id` (`user_id`),
  ADD KEY `role_id` (`role_id`);

--
-- Constraints for dumped tables
--

--
-- Constraints for table `applicants`
--
ALTER TABLE `applicants`
  ADD CONSTRAINT `applicants_ibfk_1` FOREIGN KEY (`job_post_id`) REFERENCES `job_posts` (`job_post_id`),
  ADD CONSTRAINT `applicants_ibfk_2` FOREIGN KEY (`evaluated_by`) REFERENCES `employees` (`employee_id`),
  ADD CONSTRAINT `applicants_ibfk_3` FOREIGN KEY (`screened_by`) REFERENCES `employees` (`employee_id`),
  ADD CONSTRAINT `applicants_ibfk_4` FOREIGN KEY (`hired_by`) REFERENCES `employees` (`employee_id`),
  ADD CONSTRAINT `applicants_ibfk_5` FOREIGN KEY (`rejected_by`) REFERENCES `employees` (`employee_id`);

--
-- Constraints for table `employees`
--
ALTER TABLE `employees`
  ADD CONSTRAINT `employees_ibfk_1` FOREIGN KEY (`position_id`) REFERENCES `positions` (`position_id`),
  ADD CONSTRAINT `employees_ibfk_2` FOREIGN KEY (`employment_type_id`) REFERENCES `employment_types` (`employment_type_id`),
  ADD CONSTRAINT `employees_ibfk_3` FOREIGN KEY (`user_id`) REFERENCES `internal_users` (`id`);

--
-- Constraints for table `interviewees`
--
ALTER TABLE `interviewees`
  ADD CONSTRAINT `interviewees_ibfk_1` FOREIGN KEY (`applicant_id`) REFERENCES `applicants` (`applicant_id`),
  ADD CONSTRAINT `interviewees_ibfk_2` FOREIGN KEY (`interview_schedule_id`) REFERENCES `interview_schedules` (`interview_schedule_id`);

--
-- Constraints for table `interview_questions`
--
ALTER TABLE `interview_questions`
  ADD CONSTRAINT `interview_questions_ibfk_1` FOREIGN KEY (`added_by`) REFERENCES `employees` (`employee_id`),
  ADD CONSTRAINT `interview_questions_ibfk_2` FOREIGN KEY (`updated_by`) REFERENCES `employees` (`employee_id`);

--
-- Constraints for table `interview_schedules`
--
ALTER TABLE `interview_schedules`
  ADD CONSTRAINT `interview_schedules_ibfk_1` FOREIGN KEY (`job_post_id`) REFERENCES `job_posts` (`job_post_id`),
  ADD CONSTRAINT `interview_schedules_ibfk_2` FOREIGN KEY (`set_by`) REFERENCES `employees` (`employee_id`);

--
-- Constraints for table `interview_scores`
--
ALTER TABLE `interview_scores`
  ADD CONSTRAINT `interview_scores_ibfk_1` FOREIGN KEY (`interviewee_id`) REFERENCES `interviewees` (`interviewee_id`),
  ADD CONSTRAINT `interview_scores_ibfk_2` FOREIGN KEY (`interview_question_id`) REFERENCES `interview_questions` (`interview_question_id`),
  ADD CONSTRAINT `interview_scores_ibfk_3` FOREIGN KEY (`scored_by`) REFERENCES `employees` (`employee_id`);

--
-- Constraints for table `job_categories`
--
ALTER TABLE `job_categories`
  ADD CONSTRAINT `job_categories_ibfk_1` FOREIGN KEY (`created_by`) REFERENCES `employees` (`employee_id`);

--
-- Constraints for table `job_posts`
--
ALTER TABLE `job_posts`
  ADD CONSTRAINT `job_posts_ibfk_1` FOREIGN KEY (`manpower_request_id`) REFERENCES `manpower_requests` (`manpower_request_id`),
  ADD CONSTRAINT `job_posts_ibfk_2` FOREIGN KEY (`job_category_id`) REFERENCES `job_categories` (`job_category_id`),
  ADD CONSTRAINT `job_posts_ibfk_3` FOREIGN KEY (`posted_by`) REFERENCES `employees` (`employee_id`);

--
-- Constraints for table `manpower_requests`
--
ALTER TABLE `manpower_requests`
  ADD CONSTRAINT `manpower_requests_ibfk_1` FOREIGN KEY (`requested_by`) REFERENCES `employees` (`employee_id`),
  ADD CONSTRAINT `manpower_requests_ibfk_2` FOREIGN KEY (`position_id`) REFERENCES `positions` (`position_id`),
  ADD CONSTRAINT `manpower_requests_ibfk_3` FOREIGN KEY (`employment_type_id`) REFERENCES `employment_types` (`employment_type_id`),
  ADD CONSTRAINT `manpower_requests_ibfk_4` FOREIGN KEY (`signed_by`) REFERENCES `employees` (`employee_id`),
  ADD CONSTRAINT `manpower_requests_ibfk_5` FOREIGN KEY (`reviewed_by`) REFERENCES `employees` (`employee_id`),
  ADD CONSTRAINT `manpower_requests_ibfk_6` FOREIGN KEY (`rejected_by`) REFERENCES `employees` (`employee_id`);

--
-- Constraints for table `onboarding_employees`
--
ALTER TABLE `onboarding_employees`
  ADD CONSTRAINT `onboarding_employees_ibfk_1` FOREIGN KEY (`position_id`) REFERENCES `positions` (`position_id`),
  ADD CONSTRAINT `onboarding_employees_ibfk_2` FOREIGN KEY (`signed_by`) REFERENCES `employees` (`employee_id`),
  ADD CONSTRAINT `onboarding_employees_ibfk_3` FOREIGN KEY (`updated_by`) REFERENCES `employees` (`employee_id`);

--
-- Constraints for table `onboarding_employee_task`
--
ALTER TABLE `onboarding_employee_task`
  ADD CONSTRAINT `onboarding_employee_task_ibfk_1` FOREIGN KEY (`onboarding_employee_id`) REFERENCES `onboarding_employees` (`onboarding_employee_id`),
  ADD CONSTRAINT `onboarding_employee_task_ibfk_2` FOREIGN KEY (`onboarding_task_id`) REFERENCES `onboarding_tasks` (`onboarding_task_id`),
  ADD CONSTRAINT `onboarding_employee_task_ibfk_3` FOREIGN KEY (`assigned_by`) REFERENCES `employees` (`employee_id`),
  ADD CONSTRAINT `onboarding_employee_task_ibfk_4` FOREIGN KEY (`completed_by`) REFERENCES `employees` (`employee_id`);

--
-- Constraints for table `onboarding_tasks`
--
ALTER TABLE `onboarding_tasks`
  ADD CONSTRAINT `onboarding_tasks_ibfk_1` FOREIGN KEY (`sub_department_id`) REFERENCES `sub_departments` (`sub_department_id`),
  ADD CONSTRAINT `onboarding_tasks_ibfk_2` FOREIGN KEY (`added_by`) REFERENCES `employees` (`employee_id`),
  ADD CONSTRAINT `onboarding_tasks_ibfk_3` FOREIGN KEY (`updated_by`) REFERENCES `employees` (`employee_id`);

--
-- Constraints for table `positions`
--
ALTER TABLE `positions`
  ADD CONSTRAINT `positions_ibfk_1` FOREIGN KEY (`sub_department_id`) REFERENCES `sub_departments` (`sub_department_id`);

--
-- Constraints for table `public_profiles`
--
ALTER TABLE `public_profiles`
  ADD CONSTRAINT `public_profiles_ibfk_1` FOREIGN KEY (`user_id`) REFERENCES `public_users` (`id`);

--
-- Constraints for table `recruitment_notifications`
--
ALTER TABLE `recruitment_notifications`
  ADD CONSTRAINT `recruitment_notifications_ibfk_1` FOREIGN KEY (`employee_id`) REFERENCES `employees` (`employee_id`),
  ADD CONSTRAINT `recruitment_notifications_ibfk_2` FOREIGN KEY (`author_id`) REFERENCES `employees` (`employee_id`);

--
-- Constraints for table `resumes`
--
ALTER TABLE `resumes`
  ADD CONSTRAINT `resumes_ibfk_1` FOREIGN KEY (`applicant_id`) REFERENCES `applicants` (`applicant_id`);

--
-- Constraints for table `resume_awards`
--
ALTER TABLE `resume_awards`
  ADD CONSTRAINT `resume_awards_ibfk_1` FOREIGN KEY (`resume_id`) REFERENCES `resumes` (`resume_id`);

--
-- Constraints for table `resume_certifications`
--
ALTER TABLE `resume_certifications`
  ADD CONSTRAINT `resume_certifications_ibfk_1` FOREIGN KEY (`resume_id`) REFERENCES `resumes` (`resume_id`);

--
-- Constraints for table `resume_education`
--
ALTER TABLE `resume_education`
  ADD CONSTRAINT `resume_education_ibfk_1` FOREIGN KEY (`resume_id`) REFERENCES `resumes` (`resume_id`);

--
-- Constraints for table `resume_experiences`
--
ALTER TABLE `resume_experiences`
  ADD CONSTRAINT `resume_experiences_ibfk_1` FOREIGN KEY (`resume_id`) REFERENCES `resumes` (`resume_id`);

--
-- Constraints for table `resume_skills`
--
ALTER TABLE `resume_skills`
  ADD CONSTRAINT `resume_skills_ibfk_1` FOREIGN KEY (`resume_id`) REFERENCES `resumes` (`resume_id`);

--
-- Constraints for table `sub_departments`
--
ALTER TABLE `sub_departments`
  ADD CONSTRAINT `sub_departments_ibfk_1` FOREIGN KEY (`department_id`) REFERENCES `departments` (`department_id`);

--
-- Constraints for table `user_roles`
--
ALTER TABLE `user_roles`
  ADD CONSTRAINT `user_roles_ibfk_1` FOREIGN KEY (`user_id`) REFERENCES `internal_users` (`id`),
  ADD CONSTRAINT `user_roles_ibfk_2` FOREIGN KEY (`role_id`) REFERENCES `roles` (`id`);
COMMIT;

/*!40101 SET CHARACTER_SET_CLIENT=@OLD_CHARACTER_SET_CLIENT */;
/*!40101 SET CHARACTER_SET_RESULTS=@OLD_CHARACTER_SET_RESULTS */;
/*!40101 SET COLLATION_CONNECTION=@OLD_COLLATION_CONNECTION */;
